"h2_category","spearman_rho","p_value","N"
"Low prediction",0.0203930691656937,0.935985276886839,500
"Heritable",-0.630656223886891,0.128887695684958,1000
"Low prediction",-0.184728002129281,0.0867342803723046,1000
"Heritable",0.78900128791677,1.79377542719984e-08,5000
"Low prediction",0.308958932895812,6.73689203447171e-12,5000
"Non-heritable",-0.761904761904762,0.0367559523809524,5000
"Heritable",0.798475043100119,4.73360291972527e-13,10000
"Low prediction",0.503921506044378,3.91736636839304e-34,10000
"Non-heritable",0.535714285714286,0.235714285714286,10000
