task_id	chrom	start	end	iteration	h2_incremental
2284	3	58058988	58059692	1	0.300635668406363
2284	3	58058988	58059692	2	0
2284	3	58058988	58059692	3	0
2284	3	58058988	58059692	4	0
2284	3	58058988	58059692	5	3.0449185996414e-07
2284	3	58058988	58059692	6	0
2284	3	58058988	58059692	7	0
2284	3	58058988	58059692	8	0
2284	3	58058988	58059692	9	0
2284	3	58058988	58059692	10	0
2284	3	58058988	58059692	11	0
