task_id	chrom	start	end	iteration	h2_incremental
1228	2	183480928	183482380	1	0.713034669524317
1228	2	183480928	183482380	2	0.000895646465373565
1228	2	183480928	183482380	3	0.000502909552801549
1228	2	183480928	183482380	4	0
1228	2	183480928	183482380	5	0
1228	2	183480928	183482380	6	0
1228	2	183480928	183482380	7	0
1228	2	183480928	183482380	8	1.27761339108835e-06
1228	2	183480928	183482380	9	0
1228	2	183480928	183482380	10	0
1228	2	183480928	183482380	11	0
