task_id	chrom	start	end	iteration	h2_incremental
4034	6	5892014	5892185	1	0.606872847423896
4034	6	5892014	5892185	2	1.27223742366002e-05
4034	6	5892014	5892185	3	1.05871983951898e-06
4034	6	5892014	5892185	4	1.3855000591514e-05
4034	6	5892014	5892185	5	1.03513519762222e-06
4034	6	5892014	5892185	6	0
4034	6	5892014	5892185	7	1.31255830141594e-05
4034	6	5892014	5892185	8	0.000190707031480343
4034	6	5892014	5892185	9	0
4034	6	5892014	5892185	10	0
4034	6	5892014	5892185	11	0
