task_id	chrom	start	end	iteration	h2_incremental
2564	4	165027830	165028373	1	0.149997154950552
2564	4	165027830	165028373	2	1.78701411122048e-05
2564	4	165027830	165028373	3	4.92681332308081e-06
2564	4	165027830	165028373	4	5.14791361648472e-05
2564	4	165027830	165028373	5	0.00391633104689272
2564	4	165027830	165028373	6	0
2564	4	165027830	165028373	7	3.21650289211106e-07
2564	4	165027830	165028373	8	0.000111744721722668
2564	4	165027830	165028373	9	0
2564	4	165027830	165028373	10	1.64191904311574e-07
2564	4	165027830	165028373	11	0
