task_id	chrom	start	end	iteration	h2_incremental
885	1	84652743	84653492	1	0.213357942688328
885	1	84652743	84653492	2	0.00753235075032009
885	1	84652743	84653492	3	0.00832563333924242
885	1	84652743	84653492	4	0
885	1	84652743	84653492	5	1.10625236619623e-06
885	1	84652743	84653492	6	0
885	1	84652743	84653492	7	0
885	1	84652743	84653492	8	0
885	1	84652743	84653492	9	9.75990478698736e-07
885	1	84652743	84653492	10	0
885	1	84652743	84653492	11	0
