task_id	chrom	start	end	iteration	h2_incremental
2522	4	152989841	152990563	1	0.69032964827599
2522	4	152989841	152990563	2	0.0131606537154843
2522	4	152989841	152990563	3	3.80282020487024e-08
2522	4	152989841	152990563	4	6.88096856213422e-06
2522	4	152989841	152990563	5	0
2522	4	152989841	152990563	6	0
2522	4	152989841	152990563	7	0
2522	4	152989841	152990563	8	0
2522	4	152989841	152990563	9	1.59312248529127e-07
2522	4	152989841	152990563	10	0
2522	4	152989841	152990563	11	0
