task_id	chrom	start	end	iteration	h2_incremental
270	1	17118055	17118533	1	0.0921570257339417
270	1	17118055	17118533	2	0.0362788910384561
270	1	17118055	17118533	3	2.21236145171236e-05
270	1	17118055	17118533	4	1.55477811998919e-06
270	1	17118055	17118533	5	0
270	1	17118055	17118533	6	0
270	1	17118055	17118533	7	3.24971261725074e-06
270	1	17118055	17118533	8	0
270	1	17118055	17118533	9	1.39622861761323e-07
270	1	17118055	17118533	10	0
270	1	17118055	17118533	11	1.28249227779198e-05
