task_id	chrom	start	end	iteration	h2_incremental
364	1	212415506	212416026	1	0.284771154258041
364	1	212415506	212416026	2	0.00563964357191116
364	1	212415506	212416026	3	0
364	1	212415506	212416026	4	0
364	1	212415506	212416026	5	2.20723263737969e-06
364	1	212415506	212416026	6	4.98306430602162e-05
364	1	212415506	212416026	7	0
364	1	212415506	212416026	8	2.60078536886176e-07
364	1	212415506	212416026	9	0
364	1	212415506	212416026	10	4.16992753848982e-05
364	1	212415506	212416026	11	0
