task_id	chrom	start	end	iteration	h2_incremental
894	1	882232	883488	1	0.054563486823146
894	1	882232	883488	2	0.000896896747069865
894	1	882232	883488	3	0.00208528809554573
894	1	882232	883488	4	0
894	1	882232	883488	5	0
894	1	882232	883488	6	0.00159987005680779
894	1	882232	883488	7	0
894	1	882232	883488	8	0
894	1	882232	883488	9	0
894	1	882232	883488	10	0
894	1	882232	883488	11	0
