task_id	chrom	start	end	iteration	h2_incremental
2703	4	3041472	3042228	1	0.185888687739065
2703	4	3041472	3042228	2	0.00987385367406777
2703	4	3041472	3042228	3	0.0010226741259543
2703	4	3041472	3042228	4	0
2703	4	3041472	3042228	5	0
2703	4	3041472	3042228	6	0
2703	4	3041472	3042228	7	0
2703	4	3041472	3042228	8	8.13522502484455e-06
2703	4	3041472	3042228	9	0
2703	4	3041472	3042228	10	0
2703	4	3041472	3042228	11	0
