task_id	chrom	start	end	iteration	h2_incremental
3328	5	3854423	3854681	1	0.0565844406601244
3328	5	3854423	3854681	2	0.0033555794261681
3328	5	3854423	3854681	3	0.000213699126608565
3328	5	3854423	3854681	4	0.0216724505101581
3328	5	3854423	3854681	5	7.0477240308109e-06
3328	5	3854423	3854681	6	0
3328	5	3854423	3854681	7	6.58832477787178e-06
3328	5	3854423	3854681	8	9.84074086869914e-06
3328	5	3854423	3854681	9	0
3328	5	3854423	3854681	10	0
3328	5	3854423	3854681	11	9.25255189724389e-05
