task_id	chrom	start	end	iteration	h2_incremental
53	1	112743097	112743470	1	0.392329088250129
53	1	112743097	112743470	2	0
53	1	112743097	112743470	3	1.5424569178902e-05
53	1	112743097	112743470	4	0
53	1	112743097	112743470	5	0
53	1	112743097	112743470	6	0.000145493321489207
53	1	112743097	112743470	7	0
53	1	112743097	112743470	8	8.98373542181197e-05
53	1	112743097	112743470	9	0
53	1	112743097	112743470	10	0
53	1	112743097	112743470	11	4.51825053618895e-07
