task_id	chrom	start	end	iteration	h2_incremental
1558	2	36373506	36374510	1	0.477272753351074
1558	2	36373506	36374510	2	8.81090516033878e-06
1558	2	36373506	36374510	3	0
1558	2	36373506	36374510	4	0
1558	2	36373506	36374510	5	6.00111577269967e-07
1558	2	36373506	36374510	6	1.22707355695874e-05
1558	2	36373506	36374510	7	0
1558	2	36373506	36374510	8	0
1558	2	36373506	36374510	9	0
1558	2	36373506	36374510	10	0
1558	2	36373506	36374510	11	5.75796101627882e-08
