task_id	chrom	start	end	iteration	h2_incremental
3057	5	13988023	13988452	1	0.392264446521487
3057	5	13988023	13988452	2	0
3057	5	13988023	13988452	3	3.1762924013427e-06
3057	5	13988023	13988452	4	0.00117662968356729
3057	5	13988023	13988452	5	3.01052349138408e-05
3057	5	13988023	13988452	6	0
3057	5	13988023	13988452	7	3.10121682470637e-07
3057	5	13988023	13988452	8	9.07525195271586e-06
3057	5	13988023	13988452	9	1.06940932602348e-06
3057	5	13988023	13988452	10	0
3057	5	13988023	13988452	11	0
