task_id	chrom	start	end	iteration	h2_incremental
387	1	22023532	22024048	1	0.529077820822185
387	1	22023532	22024048	2	0
387	1	22023532	22024048	3	0
387	1	22023532	22024048	4	0
387	1	22023532	22024048	5	0
387	1	22023532	22024048	6	0
387	1	22023532	22024048	7	0.000341369000015395
387	1	22023532	22024048	8	1.16996171276584e-06
387	1	22023532	22024048	9	0
387	1	22023532	22024048	10	0
387	1	22023532	22024048	11	0
387	1	22023532	22024048	12	0
