task_id	chrom	start	end	iteration	h2_incremental
1580	2	39667729	39668512	1	0.43676304013108
1580	2	39667729	39668512	2	4.13700187997823e-05
1580	2	39667729	39668512	3	0.00248416452499326
1580	2	39667729	39668512	4	0
1580	2	39667729	39668512	5	1.82406621585489e-07
1580	2	39667729	39668512	6	4.76197888445484e-06
1580	2	39667729	39668512	7	0
1580	2	39667729	39668512	8	6.88117125054715e-06
1580	2	39667729	39668512	9	0
1580	2	39667729	39668512	10	9.7347784939517e-08
1580	2	39667729	39668512	11	0
