task_id	chrom	start	end	iteration	h2_incremental
3980	6	3717924	3720182	1	0.504405108975497
3980	6	3717924	3720182	2	0.000285071137172615
3980	6	3717924	3720182	3	0.00106171413456301
3980	6	3717924	3720182	4	0.00105035007499265
3980	6	3717924	3720182	5	0
3980	6	3717924	3720182	6	8.36773576115403e-05
3980	6	3717924	3720182	7	0
3980	6	3717924	3720182	8	3.66471726159474e-07
3980	6	3717924	3720182	9	1.07220944595734e-05
3980	6	3717924	3720182	10	6.92965343252885e-08
3980	6	3717924	3720182	11	0
