task_id	chrom	start	end	iteration	h2_incremental
316	1	19611216	19612105	1	0.286248864431302
316	1	19611216	19612105	2	0.00117495623101721
316	1	19611216	19612105	3	0
316	1	19611216	19612105	4	3.70567456995824e-07
316	1	19611216	19612105	5	7.8831248355131e-08
316	1	19611216	19612105	6	0.0030143265271747
316	1	19611216	19612105	7	0
316	1	19611216	19612105	8	0
316	1	19611216	19612105	9	9.42081839140745e-05
316	1	19611216	19612105	10	0
316	1	19611216	19612105	11	0
