task_id	chrom	start	end	iteration	h2_incremental
1954	3	149640672	149641529	1	0.265389534284289
1954	3	149640672	149641529	2	0.000256370002901528
1954	3	149640672	149641529	3	0.000344357727356365
1954	3	149640672	149641529	4	4.55235169383408e-05
1954	3	149640672	149641529	5	5.92078575368432e-05
1954	3	149640672	149641529	6	0.000148595473367367
1954	3	149640672	149641529	7	4.62099247386767e-06
1954	3	149640672	149641529	8	3.71019769562918e-05
1954	3	149640672	149641529	9	4.18139168834536e-05
1954	3	149640672	149641529	10	0.000142100882269837
1954	3	149640672	149641529	11	1.16466193839605e-07
