task_id	chrom	start	end	iteration	h2_incremental
2136	3	197076585	197077818	1	0.429852426352706
2136	3	197076585	197077818	2	0
2136	3	197076585	197077818	3	0
2136	3	197076585	197077818	4	3.08983523859264e-07
2136	3	197076585	197077818	5	0
2136	3	197076585	197077818	6	0
2136	3	197076585	197077818	7	0
2136	3	197076585	197077818	8	0
2136	3	197076585	197077818	9	0
2136	3	197076585	197077818	10	0
2136	3	197076585	197077818	11	0
