task_id	chrom	start	end	iteration	h2_incremental
2591	4	17687679	17688310	1	0.0531131566199276
2591	4	17687679	17688310	2	0.00559150545540054
2591	4	17687679	17688310	3	0.005100194929948
2591	4	17687679	17688310	4	0.00268239897565148
2591	4	17687679	17688310	5	2.88276996857428e-05
2591	4	17687679	17688310	6	0
2591	4	17687679	17688310	7	0
2591	4	17687679	17688310	8	3.58516855591711e-06
2591	4	17687679	17688310	9	0
2591	4	17687679	17688310	10	0
2591	4	17687679	17688310	11	0
