task_id	chrom	start	end	iteration	h2_incremental
695	1	36406085	36407003	1	0.191411472556691
695	1	36406085	36407003	2	0.000849474954566618
695	1	36406085	36407003	3	0
695	1	36406085	36407003	4	0
695	1	36406085	36407003	5	0.00248345906881242
695	1	36406085	36407003	6	3.97551161702307e-06
695	1	36406085	36407003	7	5.15330192546841e-05
695	1	36406085	36407003	8	3.35493706144624e-06
695	1	36406085	36407003	9	0.000207130373354816
695	1	36406085	36407003	10	0
695	1	36406085	36407003	11	0
