task_id	chrom	start	end	iteration	h2_incremental
3790	6	25881720	25884185	1	0.380456303261886
3790	6	25881720	25884185	2	0.00572861781923921
3790	6	25881720	25884185	3	5.24708232380132e-06
3790	6	25881720	25884185	4	0.000808055642873219
3790	6	25881720	25884185	5	0.000836883424473043
3790	6	25881720	25884185	6	7.96252905382278e-06
3790	6	25881720	25884185	7	0
3790	6	25881720	25884185	8	0
3790	6	25881720	25884185	9	3.22844064185271e-07
3790	6	25881720	25884185	10	0
3790	6	25881720	25884185	11	0
