task_id	chrom	start	end	iteration	h2_incremental
4021	6	5025725	5026687	1	0.261763025443737
4021	6	5025725	5026687	2	0.00565598882673814
4021	6	5025725	5026687	3	0
4021	6	5025725	5026687	4	0.00385360439127381
4021	6	5025725	5026687	5	7.91598497686727e-08
4021	6	5025725	5026687	6	6.88779350340564e-05
4021	6	5025725	5026687	7	1.0455993507686e-06
4021	6	5025725	5026687	8	0.00014806269444607
4021	6	5025725	5026687	9	0
4021	6	5025725	5026687	10	3.21109842530955e-07
4021	6	5025725	5026687	11	0
