task_id	chrom	start	end	iteration	h2_incremental
1705	2	86201898	86202232	1	0.360985332221107
1705	2	86201898	86202232	2	0
1705	2	86201898	86202232	3	0
1705	2	86201898	86202232	4	0
1705	2	86201898	86202232	5	0
1705	2	86201898	86202232	6	0
1705	2	86201898	86202232	7	1.56206523059305e-06
1705	2	86201898	86202232	8	0.000151654759029972
1705	2	86201898	86202232	9	0
1705	2	86201898	86202232	10	0
1705	2	86201898	86202232	11	0
