task_id	chrom	start	end	iteration	h2_incremental
2863	4	78501370	78502352	1	0.799124719390373
2863	4	78501370	78502352	2	0.000118613163121445
2863	4	78501370	78502352	3	6.24682897131441e-05
2863	4	78501370	78502352	4	3.45864929204922e-05
2863	4	78501370	78502352	5	0
2863	4	78501370	78502352	6	7.19094250675765e-06
2863	4	78501370	78502352	7	0
2863	4	78501370	78502352	8	4.3927383748231e-05
2863	4	78501370	78502352	9	0
2863	4	78501370	78502352	10	0
2863	4	78501370	78502352	11	0
