task_id	chrom	start	end	iteration	h2_incremental
608	1	28712923	28713185	1	0.196694254726803
608	1	28712923	28713185	2	4.49631169387384e-06
608	1	28712923	28713185	3	0
608	1	28712923	28713185	4	3.25875736708094e-06
608	1	28712923	28713185	5	0
608	1	28712923	28713185	6	0
608	1	28712923	28713185	7	2.01842069474386e-05
608	1	28712923	28713185	8	1.78973051363839e-07
608	1	28712923	28713185	9	0
608	1	28712923	28713185	10	0
608	1	28712923	28713185	11	0
