task_id	chrom	start	end	iteration	h2_incremental
2377	3	77779789	77781656	1	0.243647352413207
2377	3	77779789	77781656	2	0.00281994093761046
2377	3	77779789	77781656	3	0
2377	3	77779789	77781656	4	0.0016486201575729
2377	3	77779789	77781656	5	7.3281607995282e-05
2377	3	77779789	77781656	6	5.49701900874862e-05
2377	3	77779789	77781656	7	0
2377	3	77779789	77781656	8	0
2377	3	77779789	77781656	9	0
2377	3	77779789	77781656	10	0
2377	3	77779789	77781656	11	0
