task_id	chrom	start	end	iteration	h2_incremental
1137	2	152337736	152338522	1	0.32564592177703
1137	2	152337736	152338522	2	0
1137	2	152337736	152338522	3	0
1137	2	152337736	152338522	4	0
1137	2	152337736	152338522	5	1.81738799385557e-05
1137	2	152337736	152338522	6	0
1137	2	152337736	152338522	7	0
1137	2	152337736	152338522	8	0
1137	2	152337736	152338522	9	0
1137	2	152337736	152338522	10	0
1137	2	152337736	152338522	11	0
