task_id	chrom	start	end	iteration	h2_incremental
3436	5	80368912	80370228	1	0.0809020751653958
3436	5	80368912	80370228	2	0.0324362146746989
3436	5	80368912	80370228	3	0
3436	5	80368912	80370228	4	0
3436	5	80368912	80370228	5	0.000419756609732622
3436	5	80368912	80370228	6	0
3436	5	80368912	80370228	7	0
3436	5	80368912	80370228	8	0
3436	5	80368912	80370228	9	8.20286056405117e-07
3436	5	80368912	80370228	10	0
3436	5	80368912	80370228	11	0
