task_id	chrom	start	end	iteration	h2_incremental
3919	6	32553523	32554832	1	0.664835001538918
3919	6	32553523	32554832	2	0
3919	6	32553523	32554832	3	0
3919	6	32553523	32554832	4	1.63806975246513e-07
3919	6	32553523	32554832	5	0
3919	6	32553523	32554832	6	0
3919	6	32553523	32554832	7	0
3919	6	32553523	32554832	8	7.95164161798176e-08
3919	6	32553523	32554832	9	0
3919	6	32553523	32554832	10	0
3919	6	32553523	32554832	11	0
