task_id	chrom	start	end	iteration	h2_incremental
3405	5	72320995	72321099	1	0.175685567988846
3405	5	72320995	72321099	2	0.00766439754739127
3405	5	72320995	72321099	3	5.33007964607702e-06
3405	5	72320995	72321099	4	0.00191728415938227
3405	5	72320995	72321099	5	0
3405	5	72320995	72321099	6	0.000555910777430824
3405	5	72320995	72321099	7	7.50345234825561e-06
3405	5	72320995	72321099	8	0
3405	5	72320995	72321099	9	0
3405	5	72320995	72321099	10	0
3405	5	72320995	72321099	11	0
