task_id	chrom	start	end	iteration	h2_incremental
4041	6	6744310	6744794	1	0.711846646769156
4041	6	6744310	6744794	2	1.02021349190556e-06
4041	6	6744310	6744794	3	0
4041	6	6744310	6744794	4	2.26083562130323e-07
4041	6	6744310	6744794	5	0
4041	6	6744310	6744794	6	0
4041	6	6744310	6744794	7	0.000100363124902783
4041	6	6744310	6744794	8	1.35074958496114e-06
4041	6	6744310	6744794	9	0
4041	6	6744310	6744794	10	0
4041	6	6744310	6744794	11	0
