task_id	chrom	start	end	iteration	h2_incremental
4030	6	57173376	57173746	1	0.102568724207646
4030	6	57173376	57173746	2	2.76141700367495e-05
4030	6	57173376	57173746	3	0.00116763023135784
4030	6	57173376	57173746	4	0
4030	6	57173376	57173746	5	7.63889363488839e-06
4030	6	57173376	57173746	6	3.42502222192774e-06
4030	6	57173376	57173746	7	0
4030	6	57173376	57173746	8	0
4030	6	57173376	57173746	9	0
4030	6	57173376	57173746	10	7.09758786097678e-05
4030	6	57173376	57173746	11	9.8110398123808e-06
