task_id	chrom	start	end	iteration	h2_incremental
1618	2	54560305	54560490	1	0.408521605380103
1618	2	54560305	54560490	2	8.48383452409785e-07
1618	2	54560305	54560490	3	0
1618	2	54560305	54560490	4	2.8591362846651e-06
1618	2	54560305	54560490	5	1.04140351510826e-05
1618	2	54560305	54560490	6	0
1618	2	54560305	54560490	7	0
1618	2	54560305	54560490	8	1.8482419488801e-06
1618	2	54560305	54560490	9	2.86500365811069e-06
1618	2	54560305	54560490	10	0
1618	2	54560305	54560490	11	4.37022266451369e-06
