task_id	chrom	start	end	iteration	h2_incremental
3977	6	36583480	36584013	1	0.110634804124843
3977	6	36583480	36584013	2	0
3977	6	36583480	36584013	3	0.000156963930023379
3977	6	36583480	36584013	4	0
3977	6	36583480	36584013	5	0
3977	6	36583480	36584013	6	3.28301787939863e-05
3977	6	36583480	36584013	7	1.59106371118511e-06
3977	6	36583480	36584013	8	4.89149416450883e-07
3977	6	36583480	36584013	9	0
3977	6	36583480	36584013	10	0
3977	6	36583480	36584013	11	4.57963435771187e-05
