task_id	chrom	start	end	iteration	h2_incremental
1936	3	146251610	146251940	1	0.153729086842238
1936	3	146251610	146251940	2	0
1936	3	146251610	146251940	3	0.00335136753252367
1936	3	146251610	146251940	4	2.64731295318964e-05
1936	3	146251610	146251940	5	4.66371467826798e-06
1936	3	146251610	146251940	6	0
1936	3	146251610	146251940	7	0
1936	3	146251610	146251940	8	4.09472952152602e-06
1936	3	146251610	146251940	9	0
1936	3	146251610	146251940	10	0
1936	3	146251610	146251940	11	0
