task_id	chrom	start	end	iteration	h2_incremental
2873	4	80201285	80201422	1	0.444929991211442
2873	4	80201285	80201422	2	0
2873	4	80201285	80201422	3	0
2873	4	80201285	80201422	4	0
2873	4	80201285	80201422	5	2.3348712096944e-05
2873	4	80201285	80201422	6	0
2873	4	80201285	80201422	7	0
2873	4	80201285	80201422	8	0
2873	4	80201285	80201422	9	0
2873	4	80201285	80201422	10	1.1644952267081e-05
2873	4	80201285	80201422	11	0
