task_id	chrom	start	end	iteration	h2_incremental
362	1	21191422	21191664	1	0.0975643891561883
362	1	21191422	21191664	2	0
362	1	21191422	21191664	3	0
362	1	21191422	21191664	4	2.96401190374406e-05
362	1	21191422	21191664	5	0.0017229993167527
362	1	21191422	21191664	6	0.000117931706613875
362	1	21191422	21191664	7	0
362	1	21191422	21191664	8	5.84069370238111e-07
362	1	21191422	21191664	9	0
362	1	21191422	21191664	10	1.54687637192414e-06
362	1	21191422	21191664	11	0
