task_id	chrom	start	end	iteration	h2_incremental
4132	7	1158886	1159421	1	0.627181505052051
4132	7	1158886	1159421	2	0.002885998217775
4132	7	1158886	1159421	3	5.11051270226101e-05
4132	7	1158886	1159421	4	0
4132	7	1158886	1159421	5	0.000519634909966854
4132	7	1158886	1159421	6	0
4132	7	1158886	1159421	7	1.60898324626823e-05
4132	7	1158886	1159421	8	5.41457452493358e-08
4132	7	1158886	1159421	9	0
4132	7	1158886	1159421	10	0
4132	7	1158886	1159421	11	0
