task_id	chrom	start	end	iteration	h2_incremental
1917	3	137037916	137039453	1	0.811879892705474
1917	3	137037916	137039453	2	0
1917	3	137037916	137039453	3	1.05164399889502e-07
1917	3	137037916	137039453	4	0.00109580039117695
1917	3	137037916	137039453	5	0
1917	3	137037916	137039453	6	0
1917	3	137037916	137039453	7	0
1917	3	137037916	137039453	8	0
1917	3	137037916	137039453	9	0
1917	3	137037916	137039453	10	0
1917	3	137037916	137039453	11	2.2257147729018e-05
