task_id	chrom	start	end	iteration	h2_incremental
2950	5	107067209	107067885	1	0.210761202189281
2950	5	107067209	107067885	2	0.00339981083732005
2950	5	107067209	107067885	3	0.0011586241438896
2950	5	107067209	107067885	4	0.00444813978213168
2950	5	107067209	107067885	5	0.0144908153303791
2950	5	107067209	107067885	6	9.94189367455659e-08
2950	5	107067209	107067885	7	0
2950	5	107067209	107067885	8	0
2950	5	107067209	107067885	9	0
2950	5	107067209	107067885	10	0
2950	5	107067209	107067885	11	0
