task_id	chrom	start	end	iteration	h2_incremental
2760	4	48653882	48655335	1	0.0534692785556722
2760	4	48653882	48655335	2	0.00203471263295168
2760	4	48653882	48655335	3	0
2760	4	48653882	48655335	4	0.0011976358194837
2760	4	48653882	48655335	5	0.000104545846673252
2760	4	48653882	48655335	6	0
2760	4	48653882	48655335	7	0
2760	4	48653882	48655335	8	8.5841262976939e-05
2760	4	48653882	48655335	9	0
2760	4	48653882	48655335	10	0
2760	4	48653882	48655335	11	0
