task_id	chrom	start	end	iteration	h2_incremental
3847	6	29702186	29702860	1	0.533715241102454
3847	6	29702186	29702860	2	0.000883326579342737
3847	6	29702186	29702860	3	1.9162544458174e-05
3847	6	29702186	29702860	4	7.75861506721255e-05
3847	6	29702186	29702860	5	5.7092262245523e-07
3847	6	29702186	29702860	6	0
3847	6	29702186	29702860	7	5.57875674874761e-06
3847	6	29702186	29702860	8	0
3847	6	29702186	29702860	9	1.24987987652209e-05
3847	6	29702186	29702860	10	0
3847	6	29702186	29702860	11	0
