task_id	chrom	start	end	iteration	h2_incremental
2184	3	34043841	34044633	1	0.235939821371737
2184	3	34043841	34044633	2	6.89233566965981e-05
2184	3	34043841	34044633	3	0.00253079941343486
2184	3	34043841	34044633	4	0.00276964560512871
2184	3	34043841	34044633	5	0
2184	3	34043841	34044633	6	1.53181990582314e-07
2184	3	34043841	34044633	7	5.078169302979e-08
2184	3	34043841	34044633	8	0
2184	3	34043841	34044633	9	0
2184	3	34043841	34044633	10	0
2184	3	34043841	34044633	11	0
