task_id	chrom	start	end	iteration	h2_incremental
471	1	24601675	24602035	1	0.371629344827454
471	1	24601675	24602035	2	0
471	1	24601675	24602035	3	0
471	1	24601675	24602035	4	0
471	1	24601675	24602035	5	9.94576333342549e-05
471	1	24601675	24602035	6	2.2348732382041e-06
471	1	24601675	24602035	7	0
471	1	24601675	24602035	8	0
471	1	24601675	24602035	9	0
471	1	24601675	24602035	10	9.15025284472772e-05
471	1	24601675	24602035	11	8.45028149477002e-08
