task_id	chrom	start	end	iteration	h2_incremental
32	1	10551830	10552436	1	0.227305816597494
32	1	10551830	10552436	2	0.000421451007325676
32	1	10551830	10552436	3	5.07643769776343e-05
32	1	10551830	10552436	4	4.15515415346242e-05
32	1	10551830	10552436	5	0.00734690753225378
32	1	10551830	10552436	6	0
32	1	10551830	10552436	7	0
32	1	10551830	10552436	8	0
32	1	10551830	10552436	9	3.33837305954456e-07
32	1	10551830	10552436	10	0
32	1	10551830	10552436	11	6.46127007952594e-06
