task_id	chrom	start	end	iteration	h2_incremental
2363	3	75503162	75503488	1	0.185860040352098
2363	3	75503162	75503488	2	0
2363	3	75503162	75503488	3	0
2363	3	75503162	75503488	4	0
2363	3	75503162	75503488	5	0
2363	3	75503162	75503488	6	0.000684522806175488
2363	3	75503162	75503488	7	0
2363	3	75503162	75503488	8	0
2363	3	75503162	75503488	9	0
2363	3	75503162	75503488	10	1.05547175542448e-06
2363	3	75503162	75503488	11	1.28940055465703e-05
