task_id	chrom	start	end	iteration	h2_incremental
3269	5	1867479	1867973	1	0.510229001871328
3269	5	1867479	1867973	2	0
3269	5	1867479	1867973	3	0.00593352766682544
3269	5	1867479	1867973	4	0
3269	5	1867479	1867973	5	0
3269	5	1867479	1867973	6	0.00125584489619154
3269	5	1867479	1867973	7	0
3269	5	1867479	1867973	8	0
3269	5	1867479	1867973	9	2.2842206310231e-06
3269	5	1867479	1867973	10	0
3269	5	1867479	1867973	11	0
