task_id	chrom	start	end	iteration	h2_incremental
4175	7	130141225	130141382	1	0.492570269963796
4175	7	130141225	130141382	2	7.10186885926865e-06
4175	7	130141225	130141382	3	0.000456587015564263
4175	7	130141225	130141382	4	1.00557942656536e-07
4175	7	130141225	130141382	5	0
4175	7	130141225	130141382	6	0
4175	7	130141225	130141382	7	0
4175	7	130141225	130141382	8	0
4175	7	130141225	130141382	9	2.20692878793456e-06
4175	7	130141225	130141382	10	0
4175	7	130141225	130141382	11	0
