task_id	chrom	start	end	iteration	h2_incremental
3317	5	36683564	36684269	1	0.0180574312716357
3317	5	36683564	36684269	2	0.000120161472369644
3317	5	36683564	36684269	3	0
3317	5	36683564	36684269	4	0.0343026666585637
3317	5	36683564	36684269	5	2.83244734193337e-05
3317	5	36683564	36684269	6	0
3317	5	36683564	36684269	7	0
3317	5	36683564	36684269	8	1.84157193149951e-06
3317	5	36683564	36684269	9	0
3317	5	36683564	36684269	10	0
3317	5	36683564	36684269	11	0
