task_id	chrom	start	end	iteration	h2_incremental
1892	3	13053334	13053705	1	0.60498132568822
1892	3	13053334	13053705	2	0.000876746659757937
1892	3	13053334	13053705	3	0.00180195730387148
1892	3	13053334	13053705	4	0
1892	3	13053334	13053705	5	0.00108945693805363
1892	3	13053334	13053705	6	0
1892	3	13053334	13053705	7	0
1892	3	13053334	13053705	8	0
1892	3	13053334	13053705	9	0
1892	3	13053334	13053705	10	4.72816159846151e-05
1892	3	13053334	13053705	11	0
