task_id	chrom	start	end	iteration	h2_incremental
2163	3	23776482	23777642	1	0.203971718127189
2163	3	23776482	23777642	2	0
2163	3	23776482	23777642	3	0.00102831403554932
2163	3	23776482	23777642	4	1.53866346455511e-05
2163	3	23776482	23777642	5	0
2163	3	23776482	23777642	6	0
2163	3	23776482	23777642	7	8.65392404440219e-06
2163	3	23776482	23777642	8	0
2163	3	23776482	23777642	9	0
2163	3	23776482	23777642	10	0
2163	3	23776482	23777642	11	0
