task_id	chrom	start	end	iteration	h2_incremental
2899	4	87922275	87922692	1	0.463468657769545
2899	4	87922275	87922692	2	6.97133107601426e-05
2899	4	87922275	87922692	3	4.38359046196338e-05
2899	4	87922275	87922692	4	7.45372999376158e-05
2899	4	87922275	87922692	5	0
2899	4	87922275	87922692	6	8.16926415741871e-05
2899	4	87922275	87922692	7	0
2899	4	87922275	87922692	8	1.1032565262557e-05
2899	4	87922275	87922692	9	0
2899	4	87922275	87922692	10	0
2899	4	87922275	87922692	11	7.49378620977178e-05
