task_id	chrom	start	end	iteration	h2_incremental
4243	7	149764431	149764981	1	0.342364828288938
4243	7	149764431	149764981	2	1.15198679870111e-05
4243	7	149764431	149764981	3	0
4243	7	149764431	149764981	4	0
4243	7	149764431	149764981	5	7.7987871787326e-06
4243	7	149764431	149764981	6	0
4243	7	149764431	149764981	7	0
4243	7	149764431	149764981	8	1.86799022362839e-05
4243	7	149764431	149764981	9	9.99946230623503e-08
4243	7	149764431	149764981	10	0
4243	7	149764431	149764981	11	0
