task_id	chrom	start	end	iteration	h2_incremental
1863	3	127337711	127338474	1	0.165482967484619
1863	3	127337711	127338474	2	0.0223626806353814
1863	3	127337711	127338474	3	0.000834148401841222
1863	3	127337711	127338474	4	2.06708241134417e-05
1863	3	127337711	127338474	5	0.00286704050509988
1863	3	127337711	127338474	6	0
1863	3	127337711	127338474	7	8.61988167381077e-07
1863	3	127337711	127338474	8	0
1863	3	127337711	127338474	9	4.23148728674634e-06
1863	3	127337711	127338474	10	0
1863	3	127337711	127338474	11	8.70919693136019e-07
