task_id	chrom	start	end	iteration	h2_incremental
3820	6	27827639	27827818	1	0.0326058249580877
3820	6	27827639	27827818	2	0.027677001920551
3820	6	27827639	27827818	3	0.000148662925644038
3820	6	27827639	27827818	4	0
3820	6	27827639	27827818	5	0
3820	6	27827639	27827818	6	0
3820	6	27827639	27827818	7	0.0002220013707956
3820	6	27827639	27827818	8	0
3820	6	27827639	27827818	9	5.66328913345861e-08
3820	6	27827639	27827818	10	3.08765658850897e-05
3820	6	27827639	27827818	11	0
