task_id	chrom	start	end	iteration	h2_incremental
2365	3	75580563	75580820	1	0.389887281831489
2365	3	75580563	75580820	2	1.75662034278243e-05
2365	3	75580563	75580820	3	0
2365	3	75580563	75580820	4	0
2365	3	75580563	75580820	5	0
2365	3	75580563	75580820	6	0
2365	3	75580563	75580820	7	1.07191395555458e-07
2365	3	75580563	75580820	8	0
2365	3	75580563	75580820	9	0
2365	3	75580563	75580820	10	0
2365	3	75580563	75580820	11	3.3060742441473e-06
