task_id	chrom	start	end	iteration	h2_incremental
1650	2	675982	676207	1	0.274925004756282
1650	2	675982	676207	2	0.036888653497234
1650	2	675982	676207	3	1.72439716559933e-05
1650	2	675982	676207	4	0.00777370826386739
1650	2	675982	676207	5	0
1650	2	675982	676207	6	1.85478631778684e-05
1650	2	675982	676207	7	3.7895637557834e-06
1650	2	675982	676207	8	0
1650	2	675982	676207	9	0
1650	2	675982	676207	10	8.28659116520672e-08
1650	2	675982	676207	11	0
