task_id	chrom	start	end	iteration	h2_incremental
102	1	13537976	13539276	1	0.256004744541715
102	1	13537976	13539276	2	0.000830530382986425
102	1	13537976	13539276	3	9.67576739416529e-08
102	1	13537976	13539276	4	0.00938857826649331
102	1	13537976	13539276	5	0
102	1	13537976	13539276	6	0
102	1	13537976	13539276	7	0
102	1	13537976	13539276	8	2.74670375634848e-05
102	1	13537976	13539276	9	4.54543735097127e-06
102	1	13537976	13539276	10	4.39051898886947e-05
102	1	13537976	13539276	11	0
