task_id	chrom	start	end	iteration	h2_incremental
3909	6	32058828	32059156	1	0.016826145955189
3909	6	32058828	32059156	2	0.0284366501304
3909	6	32058828	32059156	3	0.000364260002171154
3909	6	32058828	32059156	4	0.00988096703609011
3909	6	32058828	32059156	5	0
3909	6	32058828	32059156	6	0
3909	6	32058828	32059156	7	0.00010169199782355
3909	6	32058828	32059156	8	6.34938310507115e-06
3909	6	32058828	32059156	9	1.56270981194508e-05
3909	6	32058828	32059156	10	0
3909	6	32058828	32059156	11	0
