task_id	chrom	start	end	iteration	h2_incremental
811	1	6364155	6365399	1	0.505027130591776
811	1	6364155	6365399	2	5.33507263537994e-07
811	1	6364155	6365399	3	0
811	1	6364155	6365399	4	4.09128341565276e-06
811	1	6364155	6365399	5	0
811	1	6364155	6365399	6	0
811	1	6364155	6365399	7	0
811	1	6364155	6365399	8	0
811	1	6364155	6365399	9	0
811	1	6364155	6365399	10	0
811	1	6364155	6365399	11	0
