task_id	chrom	start	end	iteration	h2_incremental
4357	7	22500732	22500821	1	0.496110908160269
4357	7	22500732	22500821	2	3.93696413898135e-05
4357	7	22500732	22500821	3	0
4357	7	22500732	22500821	4	2.36338495507269e-05
4357	7	22500732	22500821	5	0
4357	7	22500732	22500821	6	7.19876950845139e-05
4357	7	22500732	22500821	7	0
4357	7	22500732	22500821	8	0
4357	7	22500732	22500821	9	0
4357	7	22500732	22500821	10	9.66443307348075e-06
4357	7	22500732	22500821	11	0
