task_id	chrom	start	end	iteration	h2_incremental
585	1	28242385	28243231	1	0.273965540596725
585	1	28242385	28243231	2	0
585	1	28242385	28243231	3	0
585	1	28242385	28243231	4	9.33523673577659e-07
585	1	28242385	28243231	5	0.000126256594461026
585	1	28242385	28243231	6	0.001653181570237
585	1	28242385	28243231	7	0
585	1	28242385	28243231	8	0
585	1	28242385	28243231	9	7.57487710587089e-05
585	1	28242385	28243231	10	6.94971316778948e-08
585	1	28242385	28243231	11	0
