task_id	chrom	start	end	iteration	h2_incremental
2912	4	92635058	92636728	1	0.0992530455021663
2912	4	92635058	92636728	2	0.0188831505535905
2912	4	92635058	92636728	3	0.000279853863020741
2912	4	92635058	92636728	4	0.00357077088805347
2912	4	92635058	92636728	5	6.73516469838854e-05
2912	4	92635058	92636728	6	4.99798888852686e-05
2912	4	92635058	92636728	7	0
2912	4	92635058	92636728	8	0.000199976449050538
2912	4	92635058	92636728	9	0
2912	4	92635058	92636728	10	0
2912	4	92635058	92636728	11	0
