task_id	chrom	start	end	iteration	h2_incremental
1029	2	117803644	117804211	1	0.547286593732148
1029	2	117803644	117804211	2	1.08781578303997e-06
1029	2	117803644	117804211	3	0
1029	2	117803644	117804211	4	0
1029	2	117803644	117804211	5	0
1029	2	117803644	117804211	6	7.64728546146767e-05
1029	2	117803644	117804211	7	1.39310589457687e-05
1029	2	117803644	117804211	8	0
1029	2	117803644	117804211	9	0
1029	2	117803644	117804211	10	0
1029	2	117803644	117804211	11	0
