task_id	chrom	start	end	iteration	h2_incremental
3305	5	3226164	3226663	1	0.442895679569863
3305	5	3226164	3226663	2	0
3305	5	3226164	3226663	3	8.12376842428549e-05
3305	5	3226164	3226663	4	0
3305	5	3226164	3226663	5	0.00376046402356559
3305	5	3226164	3226663	6	0
3305	5	3226164	3226663	7	0.000107339884590024
3305	5	3226164	3226663	8	0
3305	5	3226164	3226663	9	4.31528694484218e-06
3305	5	3226164	3226663	10	0
3305	5	3226164	3226663	11	0
