task_id	chrom	start	end	iteration	h2_incremental
1634	2	63047280	63048053	1	0.231267685198951
1634	2	63047280	63048053	2	0
1634	2	63047280	63048053	3	1.78193903582902e-05
1634	2	63047280	63048053	4	4.15313272660457e-05
1634	2	63047280	63048053	5	0.000890511687736169
1634	2	63047280	63048053	6	0
1634	2	63047280	63048053	7	0
1634	2	63047280	63048053	8	1.5041925144155e-05
1634	2	63047280	63048053	9	0
1634	2	63047280	63048053	10	0
1634	2	63047280	63048053	11	0
