task_id	chrom	start	end	iteration	h2_incremental
2806	4	680777	682038	1	0.253064929678929
2806	4	680777	682038	2	0.00122830234349157
2806	4	680777	682038	3	0.00515871213451669
2806	4	680777	682038	4	0
2806	4	680777	682038	5	7.05709955100644e-05
2806	4	680777	682038	6	3.09912305798128e-06
2806	4	680777	682038	7	0.00199854763991211
2806	4	680777	682038	8	1.59839682782889e-05
2806	4	680777	682038	9	0
2806	4	680777	682038	10	0
2806	4	680777	682038	11	0
2806	4	680777	682038	12	1.50822889581331e-05
