task_id	chrom	start	end	iteration	h2_incremental
1504	2	241875718	241875973	1	0.0915137433455431
1504	2	241875718	241875973	2	0.000176861443821743
1504	2	241875718	241875973	3	0.00109894732498781
1504	2	241875718	241875973	4	0.00211932585165193
1504	2	241875718	241875973	5	0
1504	2	241875718	241875973	6	0
1504	2	241875718	241875973	7	0
1504	2	241875718	241875973	8	0
1504	2	241875718	241875973	9	0
1504	2	241875718	241875973	10	8.60765052464777e-07
1504	2	241875718	241875973	11	0
