task_id	chrom	start	end	iteration	h2_incremental
1152	2	1592161	1592289	1	0.122674111994854
1152	2	1592161	1592289	2	0.00219353286259182
1152	2	1592161	1592289	3	0.000257304623214436
1152	2	1592161	1592289	4	0.005456780903835
1152	2	1592161	1592289	5	0.00221930693345944
1152	2	1592161	1592289	6	1.81554802084092e-06
1152	2	1592161	1592289	7	0
1152	2	1592161	1592289	8	0
1152	2	1592161	1592289	9	1.21202958730671e-06
1152	2	1592161	1592289	10	0
1152	2	1592161	1592289	11	3.88197490797655e-06
