task_id	chrom	start	end	iteration	h2_incremental
3076	5	14375400	14375800	1	0.27442499812378
3076	5	14375400	14375800	2	4.76566643751627e-05
3076	5	14375400	14375800	3	3.23683113595401e-05
3076	5	14375400	14375800	4	4.06040919211317e-05
3076	5	14375400	14375800	5	0
3076	5	14375400	14375800	6	0
3076	5	14375400	14375800	7	2.45674555541653e-06
3076	5	14375400	14375800	8	0
3076	5	14375400	14375800	9	0
3076	5	14375400	14375800	10	1.96396645547868e-05
3076	5	14375400	14375800	11	3.83142973882545e-06
