task_id	chrom	start	end	iteration	h2_incremental
3066	5	141514197	141514814	1	0.175613147041592
3066	5	141514197	141514814	2	3.83018569239659e-05
3066	5	141514197	141514814	3	0.000174280201955166
3066	5	141514197	141514814	4	0
3066	5	141514197	141514814	5	7.33897522393054e-06
3066	5	141514197	141514814	6	0.00211426417053335
3066	5	141514197	141514814	7	0
3066	5	141514197	141514814	8	0
3066	5	141514197	141514814	9	0
3066	5	141514197	141514814	10	0
3066	5	141514197	141514814	11	0
