task_id	chrom	start	end	iteration	h2_incremental
40	1	109113154	109113371	1	0.46768697662408
40	1	109113154	109113371	2	0.00130416277253603
40	1	109113154	109113371	3	3.20176167369154e-05
40	1	109113154	109113371	4	0.000478526238781159
40	1	109113154	109113371	5	0
40	1	109113154	109113371	6	0.000191732198772985
40	1	109113154	109113371	7	0
40	1	109113154	109113371	8	0
40	1	109113154	109113371	9	0
40	1	109113154	109113371	10	0
40	1	109113154	109113371	11	0
