task_id	chrom	start	end	iteration	h2_incremental
540	1	26865773	26866003	1	0.48214491605123
540	1	26865773	26866003	2	0
540	1	26865773	26866003	3	4.07098339390902e-08
540	1	26865773	26866003	4	2.08088878340669e-07
540	1	26865773	26866003	5	0
540	1	26865773	26866003	6	0
540	1	26865773	26866003	7	0
540	1	26865773	26866003	8	0
540	1	26865773	26866003	9	0
540	1	26865773	26866003	10	0
540	1	26865773	26866003	11	0
