task_id	chrom	start	end	iteration	h2_incremental
216	1	15911208	15914692	1	0.577525573045338
216	1	15911208	15914692	2	0
216	1	15911208	15914692	3	0
216	1	15911208	15914692	4	2.02616596779924e-07
216	1	15911208	15914692	5	0
216	1	15911208	15914692	6	0
216	1	15911208	15914692	7	7.42218780200409e-07
216	1	15911208	15914692	8	0
216	1	15911208	15914692	9	0
216	1	15911208	15914692	10	0
216	1	15911208	15914692	11	0
