task_id	chrom	start	end	iteration	h2_incremental
2719	4	38223786	38224584	1	0.269033184982972
2719	4	38223786	38224584	2	0
2719	4	38223786	38224584	3	0
2719	4	38223786	38224584	4	0
2719	4	38223786	38224584	5	0
2719	4	38223786	38224584	6	0
2719	4	38223786	38224584	7	0
2719	4	38223786	38224584	8	0
2719	4	38223786	38224584	9	0
2719	4	38223786	38224584	10	4.42129036585813e-07
2719	4	38223786	38224584	11	0
