task_id	chrom	start	end	iteration	h2_incremental
3377	5	61620788	61622328	1	0.0618461268772584
3377	5	61620788	61622328	2	0.00838553850738468
3377	5	61620788	61622328	3	0.00101142484669714
3377	5	61620788	61622328	4	0.00442712493167509
3377	5	61620788	61622328	5	4.19333966799176e-05
3377	5	61620788	61622328	6	0.0081004956734243
3377	5	61620788	61622328	7	0
3377	5	61620788	61622328	8	0
3377	5	61620788	61622328	9	0
3377	5	61620788	61622328	10	0
3377	5	61620788	61622328	11	4.15127087658991e-05
