task_id	chrom	start	end	iteration	h2_incremental
46	1	11028613	11029279	1	0.189556432466517
46	1	11028613	11029279	2	0.0133310498912272
46	1	11028613	11029279	3	0.000679670797933774
46	1	11028613	11029279	4	0.00300019986846411
46	1	11028613	11029279	5	0
46	1	11028613	11029279	6	0.000449634313878856
46	1	11028613	11029279	7	2.82902765942957e-07
46	1	11028613	11029279	8	0
46	1	11028613	11029279	9	0
46	1	11028613	11029279	10	0
46	1	11028613	11029279	11	0
