task_id	chrom	start	end	iteration	h2_incremental
1518	2	25161192	25161764	1	0.447651749843152
1518	2	25161192	25161764	2	0
1518	2	25161192	25161764	3	0
1518	2	25161192	25161764	4	0
1518	2	25161192	25161764	5	0
1518	2	25161192	25161764	6	0.00569963116490949
1518	2	25161192	25161764	7	3.12426041638968e-07
1518	2	25161192	25161764	8	0
1518	2	25161192	25161764	9	5.7374996298147e-08
1518	2	25161192	25161764	10	0
1518	2	25161192	25161764	11	6.33177833535167e-08
