task_id	chrom	start	end	iteration	h2_incremental
2686	4	25313736	25313843	1	0.370949640599088
2686	4	25313736	25313843	2	0
2686	4	25313736	25313843	3	3.63894215730582e-06
2686	4	25313736	25313843	4	0.00017857431632313
2686	4	25313736	25313843	5	1.03696313558063e-06
2686	4	25313736	25313843	6	6.26326827475495e-07
2686	4	25313736	25313843	7	0
2686	4	25313736	25313843	8	0
2686	4	25313736	25313843	9	8.48996785941288e-06
2686	4	25313736	25313843	10	0
2686	4	25313736	25313843	11	0
