task_id	chrom	start	end	iteration	h2_incremental
103	1	13568660	13569136	1	0.34080363200696
103	1	13568660	13569136	2	0
103	1	13568660	13569136	3	0.00341628736809609
103	1	13568660	13569136	4	3.63675979473706e-06
103	1	13568660	13569136	5	0
103	1	13568660	13569136	6	0.00146860807739176
103	1	13568660	13569136	7	0.000155282894690858
103	1	13568660	13569136	8	0
103	1	13568660	13569136	9	1.27550811832283e-07
103	1	13568660	13569136	10	0
103	1	13568660	13569136	11	0
