task_id	chrom	start	end	iteration	h2_incremental
4359	7	22821341	22821735	1	0.75013500186949
4359	7	22821341	22821735	2	3.50934544704616e-05
4359	7	22821341	22821735	3	0
4359	7	22821341	22821735	4	0
4359	7	22821341	22821735	5	8.76650169056549e-05
4359	7	22821341	22821735	6	3.04248360484213e-07
4359	7	22821341	22821735	7	2.40319320497738e-06
4359	7	22821341	22821735	8	0
4359	7	22821341	22821735	9	8.01459911584093e-08
4359	7	22821341	22821735	10	0
4359	7	22821341	22821735	11	0
