task_id	chrom	start	end	iteration	h2_incremental
1895	3	13095600	13095827	1	0.62527495599888
1895	3	13095600	13095827	2	9.61578310746371e-07
1895	3	13095600	13095827	3	0
1895	3	13095600	13095827	4	8.99149927015117e-07
1895	3	13095600	13095827	5	2.15012935625162e-05
1895	3	13095600	13095827	6	0
1895	3	13095600	13095827	7	1.3429446846444e-06
1895	3	13095600	13095827	8	2.0593219138851e-06
1895	3	13095600	13095827	9	0
1895	3	13095600	13095827	10	0
1895	3	13095600	13095827	11	0
