task_id	chrom	start	end	iteration	h2_incremental
3788	6	24908889	24910023	1	0.123846833860934
3788	6	24908889	24910023	2	0.000326695091745958
3788	6	24908889	24910023	3	0.00125565964113705
3788	6	24908889	24910023	4	0
3788	6	24908889	24910023	5	4.48071838952216e-05
3788	6	24908889	24910023	6	0.000263558760778153
3788	6	24908889	24910023	7	9.19719654967359e-06
3788	6	24908889	24910023	8	0
3788	6	24908889	24910023	9	1.81480810660855e-06
3788	6	24908889	24910023	10	0
3788	6	24908889	24910023	11	0
