task_id	chrom	start	end	iteration	h2_incremental
741	1	44016442	44016981	1	0.0645677194143127
741	1	44016442	44016981	2	0.00744214484720532
741	1	44016442	44016981	3	0.00450276117580973
741	1	44016442	44016981	4	0
741	1	44016442	44016981	5	0.00706041873788024
741	1	44016442	44016981	6	0
741	1	44016442	44016981	7	0
741	1	44016442	44016981	8	0
741	1	44016442	44016981	9	0
741	1	44016442	44016981	10	0
741	1	44016442	44016981	11	0
