task_id	chrom	start	end	iteration	h2_incremental
3632	6	157650366	157650595	1	0.259154025307908
3632	6	157650366	157650595	2	1.21816209098182e-07
3632	6	157650366	157650595	3	0
3632	6	157650366	157650595	4	0
3632	6	157650366	157650595	5	0
3632	6	157650366	157650595	6	1.18717851184508e-07
3632	6	157650366	157650595	7	0
3632	6	157650366	157650595	8	0
3632	6	157650366	157650595	9	0
3632	6	157650366	157650595	10	0.000181486537714545
3632	6	157650366	157650595	11	7.63946952058031e-07
