task_id	chrom	start	end	iteration	h2_incremental
3849	6	29802836	29803582	1	0.691701005551371
3849	6	29802836	29803582	2	0.000702807788878393
3849	6	29802836	29803582	3	0.000311911849342667
3849	6	29802836	29803582	4	7.32433607535771e-08
3849	6	29802836	29803582	5	0.000453419286495418
3849	6	29802836	29803582	6	1.34493819946693e-06
3849	6	29802836	29803582	7	0
3849	6	29802836	29803582	8	0
3849	6	29802836	29803582	9	0
3849	6	29802836	29803582	10	0
3849	6	29802836	29803582	11	0
