task_id	chrom	start	end	iteration	h2_incremental
3905	6	31817321	31818865	1	0.0112247575756171
3905	6	31817321	31818865	2	0.01710055984065
3905	6	31817321	31818865	3	0.00749253180940502
3905	6	31817321	31818865	4	0.00518498841029385
3905	6	31817321	31818865	5	0
3905	6	31817321	31818865	6	3.51487513787853e-06
3905	6	31817321	31818865	7	1.90522895494307e-05
3905	6	31817321	31818865	8	0
3905	6	31817321	31818865	9	4.84286592999948e-05
3905	6	31817321	31818865	10	0
3905	6	31817321	31818865	11	0
