task_id	chrom	start	end	iteration	h2_incremental
1941	3	146543502	146543876	1	0.146043063677099
1941	3	146543502	146543876	2	0.0256694383530972
1941	3	146543502	146543876	3	0
1941	3	146543502	146543876	4	0
1941	3	146543502	146543876	5	0
1941	3	146543502	146543876	6	0
1941	3	146543502	146543876	7	0
1941	3	146543502	146543876	8	0
1941	3	146543502	146543876	9	0
1941	3	146543502	146543876	10	0.000144560951520759
1941	3	146543502	146543876	11	0
