task_id	chrom	start	end	iteration	h2_incremental
4364	7	24285725	24285837	1	0.669375296168671
4364	7	24285725	24285837	2	0
4364	7	24285725	24285837	3	0
4364	7	24285725	24285837	4	0
4364	7	24285725	24285837	5	5.96240201818424e-05
4364	7	24285725	24285837	6	2.56286260699879e-07
4364	7	24285725	24285837	7	0
4364	7	24285725	24285837	8	1.96086689812556e-07
4364	7	24285725	24285837	9	0
4364	7	24285725	24285837	10	0
4364	7	24285725	24285837	11	3.82129495503248e-08
