task_id	chrom	start	end	iteration	h2_incremental
528	1	26534673	26536193	1	0.199071283117284
528	1	26534673	26536193	2	0
528	1	26534673	26536193	3	0
528	1	26534673	26536193	4	0
528	1	26534673	26536193	5	4.73956539478557e-05
528	1	26534673	26536193	6	0
528	1	26534673	26536193	7	0
528	1	26534673	26536193	8	0
528	1	26534673	26536193	9	0
528	1	26534673	26536193	10	0
528	1	26534673	26536193	11	0
