task_id	chrom	start	end	iteration	h2_incremental
478	1	24736976	24737229	1	0.0906273482591709
478	1	24736976	24737229	2	0.0355650859889155
478	1	24736976	24737229	3	0
478	1	24736976	24737229	4	0.00475394859386361
478	1	24736976	24737229	5	0
478	1	24736976	24737229	6	1.95357138348254e-06
478	1	24736976	24737229	7	0
478	1	24736976	24737229	8	0
478	1	24736976	24737229	9	0
478	1	24736976	24737229	10	0
478	1	24736976	24737229	11	6.55574527204987e-06
