task_id	chrom	start	end	iteration	h2_incremental
4343	7	20791754	20792646	1	0.430791251402559
4343	7	20791754	20792646	2	0
4343	7	20791754	20792646	3	9.19943258091804e-07
4343	7	20791754	20792646	4	8.40486630778888e-06
4343	7	20791754	20792646	5	0
4343	7	20791754	20792646	6	0
4343	7	20791754	20792646	7	0
4343	7	20791754	20792646	8	0
4343	7	20791754	20792646	9	5.8572181916353e-06
4343	7	20791754	20792646	10	4.80291529053774e-06
4343	7	20791754	20792646	11	0
