task_id	chrom	start	end	iteration	h2_incremental
4075	6	93767210	93767692	1	0.0164391807807827
4075	6	93767210	93767692	2	0.00250562986219202
4075	6	93767210	93767692	3	0.0164790015987642
4075	6	93767210	93767692	4	3.30028612073996e-05
4075	6	93767210	93767692	5	0
4075	6	93767210	93767692	6	1.01247962856855e-05
4075	6	93767210	93767692	7	0
4075	6	93767210	93767692	8	4.26291568981191e-06
4075	6	93767210	93767692	9	0
4075	6	93767210	93767692	10	3.50268751066864e-07
4075	6	93767210	93767692	11	0
