task_id	chrom	start	end	iteration	h2_incremental
1560	2	36669398	36671079	1	0.718716555069251
1560	2	36669398	36671079	2	0.0106314622175346
1560	2	36669398	36671079	3	0.000623432583600315
1560	2	36669398	36671079	4	0
1560	2	36669398	36671079	5	1.90497097880207e-05
1560	2	36669398	36671079	6	0.000292869181377815
1560	2	36669398	36671079	7	0
1560	2	36669398	36671079	8	0
1560	2	36669398	36671079	9	1.7753638591904e-06
1560	2	36669398	36671079	10	0
1560	2	36669398	36671079	11	0
