task_id	chrom	start	end	iteration	h2_incremental
3861	6	29943251	29943574	1	0.593221040771522
3861	6	29943251	29943574	2	0
3861	6	29943251	29943574	3	0.00157381084861915
3861	6	29943251	29943574	4	0
3861	6	29943251	29943574	5	0
3861	6	29943251	29943574	6	0
3861	6	29943251	29943574	7	3.67885844170556e-07
3861	6	29943251	29943574	8	0
3861	6	29943251	29943574	9	1.03594353254339e-05
3861	6	29943251	29943574	10	5.59436650895959e-06
3861	6	29943251	29943574	11	2.51362792075547e-07
