task_id	chrom	start	end	iteration	h2_incremental
2869	4	7966951	7967244	1	0.389592860238602
2869	4	7966951	7967244	2	0.00293310003665801
2869	4	7966951	7967244	3	0.00170068492407254
2869	4	7966951	7967244	4	0.00133473133178628
2869	4	7966951	7967244	5	0
2869	4	7966951	7967244	6	3.89638242823619e-06
2869	4	7966951	7967244	7	1.35945667995416e-05
2869	4	7966951	7967244	8	0
2869	4	7966951	7967244	9	1.03117431147738e-05
2869	4	7966951	7967244	10	0
2869	4	7966951	7967244	11	1.26225069911895e-07
