task_id	chrom	start	end	iteration	h2_incremental
3658	6	161138580	161138834	1	0.0631369202755085
3658	6	161138580	161138834	2	0
3658	6	161138580	161138834	3	0.0140123021277326
3658	6	161138580	161138834	4	0.00594445847106594
3658	6	161138580	161138834	5	0.0023596653676265
3658	6	161138580	161138834	6	0
3658	6	161138580	161138834	7	4.59696724808212e-05
3658	6	161138580	161138834	8	0
3658	6	161138580	161138834	9	0
3658	6	161138580	161138834	10	0
3658	6	161138580	161138834	11	0
