task_id	chrom	start	end	iteration	h2_incremental
2497	4	143911914	143912462	1	0.126057812274118
2497	4	143911914	143912462	2	0.000109101523100139
2497	4	143911914	143912462	3	0
2497	4	143911914	143912462	4	6.53385275731074e-07
2497	4	143911914	143912462	5	0
2497	4	143911914	143912462	6	0
2497	4	143911914	143912462	7	0
2497	4	143911914	143912462	8	0
2497	4	143911914	143912462	9	1.42871515197518e-05
2497	4	143911914	143912462	10	0
2497	4	143911914	143912462	11	0
