task_id	chrom	start	end	iteration	h2_incremental
1282	2	209264354	209266201	1	0.766738943126657
1282	2	209264354	209266201	2	1.56671279200968e-06
1282	2	209264354	209266201	3	0.000603207004871828
1282	2	209264354	209266201	4	0
1282	2	209264354	209266201	5	7.8797850753602e-07
1282	2	209264354	209266201	6	0
1282	2	209264354	209266201	7	8.10308018422401e-06
1282	2	209264354	209266201	8	0
1282	2	209264354	209266201	9	0
1282	2	209264354	209266201	10	0
1282	2	209264354	209266201	11	0
