task_id	chrom	start	end	iteration	h2_incremental
1750	2	9738950	9739914	1	0.639066884815338
1750	2	9738950	9739914	2	0.000286348791634033
1750	2	9738950	9739914	3	5.11478725488679e-05
1750	2	9738950	9739914	4	5.13236484692318e-06
1750	2	9738950	9739914	5	0
1750	2	9738950	9739914	6	6.72432730953327e-06
1750	2	9738950	9739914	7	2.45091004653922e-05
1750	2	9738950	9739914	8	1.55893282123018e-06
1750	2	9738950	9739914	9	0
1750	2	9738950	9739914	10	0
1750	2	9738950	9739914	11	1.63061461528841e-06
