task_id	chrom	start	end	iteration	h2_incremental
947	1	9936739	9937265	1	0.16235968826727
947	1	9936739	9937265	2	3.78031065686756e-05
947	1	9936739	9937265	3	0.00274318825330104
947	1	9936739	9937265	4	4.61277916032607e-06
947	1	9936739	9937265	5	4.18305522227652e-05
947	1	9936739	9937265	6	0.00131913201999585
947	1	9936739	9937265	7	9.65788522457606e-07
947	1	9936739	9937265	8	0
947	1	9936739	9937265	9	3.35321605606184e-06
947	1	9936739	9937265	10	0
947	1	9936739	9937265	11	0
