task_id	chrom	start	end	iteration	h2_incremental
2755	4	4502688	4503236	1	0.0915885800523671
2755	4	4502688	4503236	2	0.0558763154859495
2755	4	4502688	4503236	3	0.00378070373436974
2755	4	4502688	4503236	4	0.000404427552361023
2755	4	4502688	4503236	5	7.73154779080159e-05
2755	4	4502688	4503236	6	0.00171471646633601
2755	4	4502688	4503236	7	0
2755	4	4502688	4503236	8	0
2755	4	4502688	4503236	9	8.36583274233396e-07
2755	4	4502688	4503236	10	7.24081430948105e-07
2755	4	4502688	4503236	11	0
