task_id	chrom	start	end	iteration	h2_incremental
1081	2	127695415	127696224	1	0.414064112424428
1081	2	127695415	127696224	2	0
1081	2	127695415	127696224	3	1.87866484610302e-05
1081	2	127695415	127696224	4	0.000722812535719543
1081	2	127695415	127696224	5	7.49285318985088e-06
1081	2	127695415	127696224	6	3.28152977939283e-06
1081	2	127695415	127696224	7	0
1081	2	127695415	127696224	8	0
1081	2	127695415	127696224	9	0
1081	2	127695415	127696224	10	0
1081	2	127695415	127696224	11	0
