task_id	chrom	start	end	iteration	h2_incremental
644	1	31953433	31954321	1	0.0293783429728593
644	1	31953433	31954321	2	0.00831652218776949
644	1	31953433	31954321	3	0.0061834629645692
644	1	31953433	31954321	4	0.00456429970140349
644	1	31953433	31954321	5	0
644	1	31953433	31954321	6	0
644	1	31953433	31954321	7	0
644	1	31953433	31954321	8	8.54639179921747e-08
644	1	31953433	31954321	9	0
644	1	31953433	31954321	10	2.63337768936498e-06
644	1	31953433	31954321	11	3.78877578458528e-06
