task_id	chrom	start	end	iteration	h2_incremental
3918	6	32548589	32551781	1	0.578447176192506
3918	6	32548589	32551781	2	0.00919908150115557
3918	6	32548589	32551781	3	0.00138322880484252
3918	6	32548589	32551781	4	0
3918	6	32548589	32551781	5	1.17492045164954e-06
3918	6	32548589	32551781	6	0
3918	6	32548589	32551781	7	0.000109897385009808
3918	6	32548589	32551781	8	1.00279892368209e-07
3918	6	32548589	32551781	9	0
3918	6	32548589	32551781	10	0
3918	6	32548589	32551781	11	4.8879947609229e-07
