task_id	chrom	start	end	iteration	h2_incremental
3022	5	132272789	132272929	1	0.206377353434498
3022	5	132272789	132272929	2	0
3022	5	132272789	132272929	3	0
3022	5	132272789	132272929	4	0.00208286888468558
3022	5	132272789	132272929	5	0.000292747953678541
3022	5	132272789	132272929	6	5.28411948766647e-07
3022	5	132272789	132272929	7	0
3022	5	132272789	132272929	8	0
3022	5	132272789	132272929	9	0
3022	5	132272789	132272929	10	0.000176065048547979
3022	5	132272789	132272929	11	0
