task_id	chrom	start	end	iteration	h2_incremental
1077	2	127591324	127591650	1	0.0529396360528863
1077	2	127591324	127591650	2	0
1077	2	127591324	127591650	3	0
1077	2	127591324	127591650	4	0
1077	2	127591324	127591650	5	0.00412727590425631
1077	2	127591324	127591650	6	0
1077	2	127591324	127591650	7	5.12386833179076e-07
1077	2	127591324	127591650	8	3.49318947932518e-07
1077	2	127591324	127591650	9	0
1077	2	127591324	127591650	10	5.94431481790689e-05
1077	2	127591324	127591650	11	0
