task_id	chrom	start	end	iteration	h2_incremental
3938	6	32679356	32680725	1	0.678659192545242
3938	6	32679356	32680725	2	0
3938	6	32679356	32680725	3	0
3938	6	32679356	32680725	4	1.89003580197062e-05
3938	6	32679356	32680725	5	0
3938	6	32679356	32680725	6	0
3938	6	32679356	32680725	7	0
3938	6	32679356	32680725	8	0
3938	6	32679356	32680725	9	3.67322218511478e-07
3938	6	32679356	32680725	10	1.6473117673641e-06
3938	6	32679356	32680725	11	0
