task_id	chrom	start	end	iteration	h2_incremental
182	1	15554757	15556024	1	0.381209555148772
182	1	15554757	15556024	2	0
182	1	15554757	15556024	3	3.6131957484296e-06
182	1	15554757	15556024	4	0.00229258458639414
182	1	15554757	15556024	5	0
182	1	15554757	15556024	6	0
182	1	15554757	15556024	7	0
182	1	15554757	15556024	8	6.85687299091084e-07
182	1	15554757	15556024	9	0
182	1	15554757	15556024	10	0
182	1	15554757	15556024	11	0
