task_id	chrom	start	end	iteration	h2_incremental
441	1	23690342	23690661	1	0.155188096379824
441	1	23690342	23690661	2	0.0481877616441729
441	1	23690342	23690661	3	0.00343654568538075
441	1	23690342	23690661	4	0
441	1	23690342	23690661	5	0.000356570931877215
441	1	23690342	23690661	6	0
441	1	23690342	23690661	7	0
441	1	23690342	23690661	8	0
441	1	23690342	23690661	9	4.23003134821044e-05
441	1	23690342	23690661	10	0
441	1	23690342	23690661	11	0
