task_id	chrom	start	end	iteration	h2_incremental
4379	7	26627995	26628636	1	0.0236794697801356
4379	7	26627995	26628636	2	0
4379	7	26627995	26628636	3	0.0152093813540368
4379	7	26627995	26628636	4	0.000184742942935698
4379	7	26627995	26628636	5	0.000137780113524044
4379	7	26627995	26628636	6	0
4379	7	26627995	26628636	7	0
4379	7	26627995	26628636	8	3.28972797817099e-05
4379	7	26627995	26628636	9	0
4379	7	26627995	26628636	10	0.000153761863961137
4379	7	26627995	26628636	11	0
