task_id	chrom	start	end	iteration	h2_incremental
3	1	10012607	10012826	1	0.111681933934219
3	1	10012607	10012826	2	0.0131174868212344
3	1	10012607	10012826	3	0
3	1	10012607	10012826	4	0
3	1	10012607	10012826	5	0
3	1	10012607	10012826	6	0
3	1	10012607	10012826	7	0
3	1	10012607	10012826	8	0
3	1	10012607	10012826	9	0.00643475718480449
3	1	10012607	10012826	10	0
3	1	10012607	10012826	11	0
3	1	10012607	10012826	12	0
3	1	10012607	10012826	13	0
3	1	10012607	10012826	14	0
