task_id	chrom	start	end	iteration	h2_incremental
1279	2	208135238	208135445	1	0.688649913866372
1279	2	208135238	208135445	2	0
1279	2	208135238	208135445	3	0.000737720628877175
1279	2	208135238	208135445	4	0
1279	2	208135238	208135445	5	0
1279	2	208135238	208135445	6	0
1279	2	208135238	208135445	7	0
1279	2	208135238	208135445	8	0
1279	2	208135238	208135445	9	0
1279	2	208135238	208135445	10	0
1279	2	208135238	208135445	11	0
