task_id	chrom	start	end	iteration	h2_incremental
2876	4	8071400	8071635	1	0.685865485871686
2876	4	8071400	8071635	2	9.64154799146306e-07
2876	4	8071400	8071635	3	9.91542126539058e-07
2876	4	8071400	8071635	4	9.55484653270408e-06
2876	4	8071400	8071635	5	7.28674021713243e-08
2876	4	8071400	8071635	6	1.92653999180733e-06
2876	4	8071400	8071635	7	0
2876	4	8071400	8071635	8	0
2876	4	8071400	8071635	9	3.40341303109134e-05
2876	4	8071400	8071635	10	6.91283376330281e-08
2876	4	8071400	8071635	11	0
