task_id	chrom	start	end	iteration	h2_incremental
2263	3	52039758	52041532	1	0.238786555513025
2263	3	52039758	52041532	2	0
2263	3	52039758	52041532	3	0.000574779769444597
2263	3	52039758	52041532	4	0
2263	3	52039758	52041532	5	2.73052853325642e-05
2263	3	52039758	52041532	6	0
2263	3	52039758	52041532	7	0
2263	3	52039758	52041532	8	2.9653339487824e-05
2263	3	52039758	52041532	9	7.58307092943135e-07
2263	3	52039758	52041532	10	0
2263	3	52039758	52041532	11	0
