task_id	chrom	start	end	iteration	h2_incremental
3880	6	31067604	31068089	1	0.28096715428448
3880	6	31067604	31068089	2	0.0019685478905625
3880	6	31067604	31068089	3	0
3880	6	31067604	31068089	4	0
3880	6	31067604	31068089	5	0.00160804107859998
3880	6	31067604	31068089	6	0
3880	6	31067604	31068089	7	5.78921810559197e-07
3880	6	31067604	31068089	8	0
3880	6	31067604	31068089	9	0
3880	6	31067604	31068089	10	0
3880	6	31067604	31068089	11	0.000111609555942711
