task_id	chrom	start	end	iteration	h2_incremental
3985	6	3758900	3759652	1	0.684257948498371
3985	6	3758900	3759652	2	0.00215631101672718
3985	6	3758900	3759652	3	0.00186000785272487
3985	6	3758900	3759652	4	0
3985	6	3758900	3759652	5	3.84970017246535e-05
3985	6	3758900	3759652	6	0
3985	6	3758900	3759652	7	9.6165430585198e-05
3985	6	3758900	3759652	8	5.49172392262355e-05
3985	6	3758900	3759652	9	0
3985	6	3758900	3759652	10	0
3985	6	3758900	3759652	11	0
