task_id	chrom	start	end	iteration	h2_incremental
4047	6	73299621	73299825	1	0.339258915889561
4047	6	73299621	73299825	2	2.77251979232895e-05
4047	6	73299621	73299825	3	0
4047	6	73299621	73299825	4	0
4047	6	73299621	73299825	5	0.000927578753613896
4047	6	73299621	73299825	6	0
4047	6	73299621	73299825	7	0
4047	6	73299621	73299825	8	0
4047	6	73299621	73299825	9	7.00362119929611e-08
4047	6	73299621	73299825	10	6.55790895529774e-07
4047	6	73299621	73299825	11	0
