task_id	chrom	start	end	iteration	h2_incremental
366	1	21345921	21346272	1	0.323442144876089
366	1	21345921	21346272	2	0
366	1	21345921	21346272	3	1.64484490006752e-05
366	1	21345921	21346272	4	0
366	1	21345921	21346272	5	0
366	1	21345921	21346272	6	0
366	1	21345921	21346272	7	0
366	1	21345921	21346272	8	5.1913487525596e-06
366	1	21345921	21346272	9	0
366	1	21345921	21346272	10	0
366	1	21345921	21346272	11	0
