task_id	chrom	start	end	iteration	h2_incremental
2618	4	184017003	184017334	1	0.154367739707296
2618	4	184017003	184017334	2	0.0113111072491089
2618	4	184017003	184017334	3	0
2618	4	184017003	184017334	4	0.0005289175321278
2618	4	184017003	184017334	5	0
2618	4	184017003	184017334	6	0.000409440871285576
2618	4	184017003	184017334	7	0
2618	4	184017003	184017334	8	0
2618	4	184017003	184017334	9	0
2618	4	184017003	184017334	10	0
2618	4	184017003	184017334	11	0
