task_id	chrom	start	end	iteration	h2_incremental
90	1	12605906	12606614	1	0.366363176532189
90	1	12605906	12606614	2	0.000157923525531108
90	1	12605906	12606614	3	0.000104741354739997
90	1	12605906	12606614	4	3.21662325454193e-06
90	1	12605906	12606614	5	0
90	1	12605906	12606614	6	0
90	1	12605906	12606614	7	0
90	1	12605906	12606614	8	2.78761128116055e-06
90	1	12605906	12606614	9	0
90	1	12605906	12606614	10	5.23650740747418e-06
90	1	12605906	12606614	11	8.58582921504602e-06
