task_id	chrom	start	end	iteration	h2_incremental
464	1	243101394	243102104	1	0.487422280244785
464	1	243101394	243102104	2	0.00105530722871793
464	1	243101394	243102104	3	0
464	1	243101394	243102104	4	0
464	1	243101394	243102104	5	5.94401450474157e-06
464	1	243101394	243102104	6	0
464	1	243101394	243102104	7	0
464	1	243101394	243102104	8	2.67555872562098e-06
464	1	243101394	243102104	9	0
464	1	243101394	243102104	10	0
464	1	243101394	243102104	11	0
