task_id	chrom	start	end	iteration	h2_incremental
2277	3	56802533	56802659	1	0.306366087229488
2277	3	56802533	56802659	2	0.00936781636812395
2277	3	56802533	56802659	3	9.32943518341074e-06
2277	3	56802533	56802659	4	0
2277	3	56802533	56802659	5	0.000920346374288822
2277	3	56802533	56802659	6	0.000790627657444865
2277	3	56802533	56802659	7	2.13534812254016e-06
2277	3	56802533	56802659	8	0
2277	3	56802533	56802659	9	0
2277	3	56802533	56802659	10	1.80278484296044e-06
2277	3	56802533	56802659	11	0
