task_id	chrom	start	end	iteration	h2_incremental
4016	6	45801198	45801701	1	0.693643411375027
4016	6	45801198	45801701	2	0.00220021003461317
4016	6	45801198	45801701	3	5.14940994575056e-07
4016	6	45801198	45801701	4	0.000960568368813968
4016	6	45801198	45801701	5	6.29487303023645e-05
4016	6	45801198	45801701	6	0
4016	6	45801198	45801701	7	4.12905814016621e-08
4016	6	45801198	45801701	8	0
4016	6	45801198	45801701	9	0
4016	6	45801198	45801701	10	0
4016	6	45801198	45801701	11	0
