task_id	chrom	start	end	iteration	h2_incremental
262	1	16861860	16861959	1	0.237950719610235
262	1	16861860	16861959	2	0.00471782839459597
262	1	16861860	16861959	3	0
262	1	16861860	16861959	4	8.43758827047589e-08
262	1	16861860	16861959	5	5.70778968157872e-06
262	1	16861860	16861959	6	0
262	1	16861860	16861959	7	0.00211021732665039
262	1	16861860	16861959	8	0
262	1	16861860	16861959	9	0
262	1	16861860	16861959	10	0
262	1	16861860	16861959	11	0
262	1	16861860	16861959	12	0
