task_id	chrom	start	end	iteration	h2_incremental
613	1	29047852	29048375	1	0.241856110694368
613	1	29047852	29048375	2	0.0010932912906947
613	1	29047852	29048375	3	0.00107477944786858
613	1	29047852	29048375	4	6.04216242114526e-08
613	1	29047852	29048375	5	0
613	1	29047852	29048375	6	0.000732906133658406
613	1	29047852	29048375	7	0
613	1	29047852	29048375	8	3.03692725626206e-05
613	1	29047852	29048375	9	0
613	1	29047852	29048375	10	0
613	1	29047852	29048375	11	0
