task_id	chrom	start	end	iteration	h2_incremental
3494	5	95958878	95959685	1	0.0901964721689206
3494	5	95958878	95959685	2	0.00643536012197015
3494	5	95958878	95959685	3	5.32012524769785e-05
3494	5	95958878	95959685	4	3.77586479746222e-07
3494	5	95958878	95959685	5	0.00439064527087582
3494	5	95958878	95959685	6	0
3494	5	95958878	95959685	7	0
3494	5	95958878	95959685	8	6.32642696720245e-05
3494	5	95958878	95959685	9	0
3494	5	95958878	95959685	10	0.000100874105417481
3494	5	95958878	95959685	11	0
