task_id	chrom	start	end	iteration	h2_incremental
3593	6	144284139	144284271	1	0.053220881145954
3593	6	144284139	144284271	2	0
3593	6	144284139	144284271	3	2.17293030732168e-05
3593	6	144284139	144284271	4	0
3593	6	144284139	144284271	5	0.0543900362492599
3593	6	144284139	144284271	6	0
3593	6	144284139	144284271	7	0
3593	6	144284139	144284271	8	0
3593	6	144284139	144284271	9	0
3593	6	144284139	144284271	10	0
3593	6	144284139	144284271	11	0
