task_id	chrom	start	end	iteration	h2_incremental
2323	3	69116705	69117622	1	0.0807434365824389
2323	3	69116705	69117622	2	0.00672509873887233
2323	3	69116705	69117622	3	0
2323	3	69116705	69117622	4	0
2323	3	69116705	69117622	5	0
2323	3	69116705	69117622	6	1.91429972262422e-05
2323	3	69116705	69117622	7	0
2323	3	69116705	69117622	8	0
2323	3	69116705	69117622	9	0
2323	3	69116705	69117622	10	0
2323	3	69116705	69117622	11	3.16845504708721e-06
