task_id	chrom	start	end	iteration	h2_incremental
669	1	3441379	3441727	1	0.485924174521346
669	1	3441379	3441727	2	2.28954269250886e-05
669	1	3441379	3441727	3	1.85890101285049e-05
669	1	3441379	3441727	4	0
669	1	3441379	3441727	5	0
669	1	3441379	3441727	6	0.00376014207021774
669	1	3441379	3441727	7	0.00145335169495666
669	1	3441379	3441727	8	0
669	1	3441379	3441727	9	2.06612663461458e-06
669	1	3441379	3441727	10	0
669	1	3441379	3441727	11	0
669	1	3441379	3441727	12	4.72472330131022e-08
