task_id	chrom	start	end	iteration	h2_incremental
3473	5	90477010	90477752	1	0.341296671202935
3473	5	90477010	90477752	2	1.80298848444559e-05
3473	5	90477010	90477752	3	0
3473	5	90477010	90477752	4	0.00145463513473342
3473	5	90477010	90477752	5	0
3473	5	90477010	90477752	6	0
3473	5	90477010	90477752	7	0
3473	5	90477010	90477752	8	0
3473	5	90477010	90477752	9	0
3473	5	90477010	90477752	10	0
3473	5	90477010	90477752	11	0
