task_id	chrom	start	end	iteration	h2_incremental
2706	4	32356769	32357645	1	0.280262376595594
2706	4	32356769	32357645	2	0.000372366951075567
2706	4	32356769	32357645	3	1.67839080286671e-05
2706	4	32356769	32357645	4	0.0011197974235018
2706	4	32356769	32357645	5	0.000125754408157011
2706	4	32356769	32357645	6	0
2706	4	32356769	32357645	7	0
2706	4	32356769	32357645	8	5.9608395159487e-06
2706	4	32356769	32357645	9	0
2706	4	32356769	32357645	10	0.000160109501061147
2706	4	32356769	32357645	11	0
