task_id	chrom	start	end	iteration	h2_incremental
1588	2	43100458	43100639	1	0.0940221846544353
1588	2	43100458	43100639	2	0
1588	2	43100458	43100639	3	0.0330664779006207
1588	2	43100458	43100639	4	0
1588	2	43100458	43100639	5	0.000117351105812042
1588	2	43100458	43100639	6	0
1588	2	43100458	43100639	7	4.19358973693133e-05
1588	2	43100458	43100639	8	5.58711978227177e-06
1588	2	43100458	43100639	9	0
1588	2	43100458	43100639	10	0
1588	2	43100458	43100639	11	0
