task_id	chrom	start	end	iteration	h2_incremental
3306	5	32709160	32709348	1	0.460053655122523
3306	5	32709160	32709348	2	0
3306	5	32709160	32709348	3	0
3306	5	32709160	32709348	4	9.85894585481131e-08
3306	5	32709160	32709348	5	0
3306	5	32709160	32709348	6	4.37077076204018e-08
3306	5	32709160	32709348	7	0
3306	5	32709160	32709348	8	0
3306	5	32709160	32709348	9	3.53923225072059e-07
3306	5	32709160	32709348	10	0
3306	5	32709160	32709348	11	1.17421516743339e-05
