task_id	chrom	start	end	iteration	h2_incremental
2359	3	73009018	73010315	1	0.505483938164655
2359	3	73009018	73010315	2	5.44101674522204e-06
2359	3	73009018	73010315	3	5.88018296377456e-05
2359	3	73009018	73010315	4	1.97761779927306e-07
2359	3	73009018	73010315	5	0
2359	3	73009018	73010315	6	5.9367374279396e-05
2359	3	73009018	73010315	7	0
2359	3	73009018	73010315	8	4.01966085958307e-06
2359	3	73009018	73010315	9	7.12464199712323e-08
2359	3	73009018	73010315	10	0
2359	3	73009018	73010315	11	0
