task_id	chrom	start	end	iteration	h2_incremental
374	1	21745647	21747868	1	0.248151386648368
374	1	21745647	21747868	2	0
374	1	21745647	21747868	3	0.00723131377112677
374	1	21745647	21747868	4	0.00123753633355065
374	1	21745647	21747868	5	5.48229765759618e-06
374	1	21745647	21747868	6	2.98591228964648e-05
374	1	21745647	21747868	7	0
374	1	21745647	21747868	8	0
374	1	21745647	21747868	9	8.7224964241535e-06
374	1	21745647	21747868	10	0
374	1	21745647	21747868	11	2.66653327880735e-05
