task_id	chrom	start	end	iteration	h2_incremental
3338	5	42982166	42982555	1	0.282134229341311
3338	5	42982166	42982555	2	4.87975479264923e-05
3338	5	42982166	42982555	3	0
3338	5	42982166	42982555	4	0
3338	5	42982166	42982555	5	2.77498561264436e-05
3338	5	42982166	42982555	6	0
3338	5	42982166	42982555	7	0
3338	5	42982166	42982555	8	7.10664889911266e-07
3338	5	42982166	42982555	9	0
3338	5	42982166	42982555	10	0
3338	5	42982166	42982555	11	9.2538046591836e-07
