task_id	chrom	start	end	iteration	h2_incremental
3466	5	88686266	88689213	1	0.304801269930965
3466	5	88686266	88689213	2	0
3466	5	88686266	88689213	3	0
3466	5	88686266	88689213	4	0.000246701464962465
3466	5	88686266	88689213	5	0
3466	5	88686266	88689213	6	0
3466	5	88686266	88689213	7	0
3466	5	88686266	88689213	8	0
3466	5	88686266	88689213	9	6.83949726625218e-05
3466	5	88686266	88689213	10	0
3466	5	88686266	88689213	11	0
