task_id	chrom	start	end	iteration	h2_incremental
4140	7	1176692	1177073	1	0.666474305706481
4140	7	1176692	1177073	2	0
4140	7	1176692	1177073	3	0
4140	7	1176692	1177073	4	0
4140	7	1176692	1177073	5	0
4140	7	1176692	1177073	6	9.19964877381057e-08
4140	7	1176692	1177073	7	0
4140	7	1176692	1177073	8	0
4140	7	1176692	1177073	9	0
4140	7	1176692	1177073	10	1.60902922443314e-07
4140	7	1176692	1177073	11	2.49090350528762e-06
