task_id	chrom	start	end	iteration	h2_incremental
2023	3	180603076	180603246	1	0.156763457086264
2023	3	180603076	180603246	2	0.0112381717347183
2023	3	180603076	180603246	3	0.000113687678175141
2023	3	180603076	180603246	4	2.45391201814797e-05
2023	3	180603076	180603246	5	0
2023	3	180603076	180603246	6	5.20140481058186e-07
2023	3	180603076	180603246	7	0.000146826185381401
2023	3	180603076	180603246	8	6.22115703915605e-06
2023	3	180603076	180603246	9	0.000569016457016123
2023	3	180603076	180603246	10	0
2023	3	180603076	180603246	11	3.27792897091002e-06
2023	3	180603076	180603246	12	0
2023	3	180603076	180603246	13	0.000109433372443119
2023	3	180603076	180603246	14	0.00318084958710093
2023	3	180603076	180603246	15	0
2023	3	180603076	180603246	16	0
2023	3	180603076	180603246	17	0
2023	3	180603076	180603246	18	0.000310173573142688
2023	3	180603076	180603246	19	0.00078472085086262
2023	3	180603076	180603246	20	6.02844520681034e-07
2023	3	180603076	180603246	21	0
2023	3	180603076	180603246	22	0
2023	3	180603076	180603246	23	0.000547574127230697
2023	3	180603076	180603246	24	2.53861035726891e-07
2023	3	180603076	180603246	25	0
2023	3	180603076	180603246	26	0
2023	3	180603076	180603246	27	0
2023	3	180603076	180603246	28	0
