task_id	chrom	start	end	iteration	h2_incremental
243	1	16361343	16362278	1	0.155437377812179
243	1	16361343	16362278	2	0.00187366879393015
243	1	16361343	16362278	3	0.00153834935449328
243	1	16361343	16362278	4	0
243	1	16361343	16362278	5	0
243	1	16361343	16362278	6	0
243	1	16361343	16362278	7	0
243	1	16361343	16362278	8	0
243	1	16361343	16362278	9	1.38825704736323e-05
243	1	16361343	16362278	10	1.85729404380515e-05
243	1	16361343	16362278	11	0
