task_id	chrom	start	end	iteration	h2_incremental
917	1	9138087	9138672	1	0.487798162080463
917	1	9138087	9138672	2	0.00187665158352758
917	1	9138087	9138672	3	0.00267744761662449
917	1	9138087	9138672	4	5.1565002727408e-08
917	1	9138087	9138672	5	0.00142109761513491
917	1	9138087	9138672	6	2.57934948238981e-06
917	1	9138087	9138672	7	0
917	1	9138087	9138672	8	0
917	1	9138087	9138672	9	4.74222569754154e-06
917	1	9138087	9138672	10	0
917	1	9138087	9138672	11	3.63076375159405e-08
