task_id	chrom	start	end	iteration	h2_incremental
1574	2	37767677	37770560	1	0.317929600337372
1574	2	37767677	37770560	2	0
1574	2	37767677	37770560	3	5.88343023950345e-08
1574	2	37767677	37770560	4	0.00097718231828039
1574	2	37767677	37770560	5	5.52492997455146e-05
1574	2	37767677	37770560	6	4.03356214641633e-05
1574	2	37767677	37770560	7	0
1574	2	37767677	37770560	8	0.00019763292556761
1574	2	37767677	37770560	9	0
1574	2	37767677	37770560	10	1.29908514597182e-05
1574	2	37767677	37770560	11	0
