task_id	chrom	start	end	iteration	h2_incremental
672	1	35013836	35016197	1	0.153531458241508
672	1	35013836	35016197	2	0
672	1	35013836	35016197	3	2.74525152517684e-07
672	1	35013836	35016197	4	0
672	1	35013836	35016197	5	0.000450137038593464
672	1	35013836	35016197	6	0
672	1	35013836	35016197	7	0.00434470683852091
672	1	35013836	35016197	8	0
672	1	35013836	35016197	9	0
672	1	35013836	35016197	10	0
672	1	35013836	35016197	11	0
672	1	35013836	35016197	12	2.23542949723547e-05
