task_id	chrom	start	end	iteration	h2_incremental
1284	2	210117891	210118582	1	0.0763326991295291
1284	2	210117891	210118582	2	0
1284	2	210117891	210118582	3	1.097528823516e-05
1284	2	210117891	210118582	4	0.0087001832467402
1284	2	210117891	210118582	5	0
1284	2	210117891	210118582	6	0
1284	2	210117891	210118582	7	0
1284	2	210117891	210118582	8	1.94191965194162e-06
1284	2	210117891	210118582	9	0
1284	2	210117891	210118582	10	0
1284	2	210117891	210118582	11	4.26341355549715e-06
