task_id	chrom	start	end	iteration	h2_incremental
2256	3	50676223	50677656	1	0.170759614620159
2256	3	50676223	50677656	2	1.17779074603814e-05
2256	3	50676223	50677656	3	0
2256	3	50676223	50677656	4	0
2256	3	50676223	50677656	5	3.46343932613942e-05
2256	3	50676223	50677656	6	4.31860312868557e-06
2256	3	50676223	50677656	7	0
2256	3	50676223	50677656	8	0
2256	3	50676223	50677656	9	0
2256	3	50676223	50677656	10	3.55933270096437e-07
2256	3	50676223	50677656	11	0
