task_id	chrom	start	end	iteration	h2_incremental
4078	6	96835907	96836206	1	0.258422483070607
4078	6	96835907	96836206	2	7.93681470977706e-06
4078	6	96835907	96836206	3	0.000116288315084336
4078	6	96835907	96836206	4	0
4078	6	96835907	96836206	5	0
4078	6	96835907	96836206	6	0.000103946747481043
4078	6	96835907	96836206	7	8.76914338710402e-06
4078	6	96835907	96836206	8	0
4078	6	96835907	96836206	9	9.66585453366202e-07
4078	6	96835907	96836206	10	0
4078	6	96835907	96836206	11	4.1383988237783e-06
