task_id	chrom	start	end	iteration	h2_incremental
1818	3	116923505	116925748	1	0.646906525490621
1818	3	116923505	116925748	2	1.69809220579995e-07
1818	3	116923505	116925748	3	2.89206513020129e-07
1818	3	116923505	116925748	4	0
1818	3	116923505	116925748	5	7.44639104753683e-05
1818	3	116923505	116925748	6	1.09856715451616e-06
1818	3	116923505	116925748	7	0
1818	3	116923505	116925748	8	0
1818	3	116923505	116925748	9	0
1818	3	116923505	116925748	10	0
1818	3	116923505	116925748	11	0
