task_id	chrom	start	end	iteration	h2_incremental
1742	2	96554163	96554287	1	0.15892740565644
1742	2	96554163	96554287	2	5.02178518334919e-05
1742	2	96554163	96554287	3	0.0014012771656522
1742	2	96554163	96554287	4	0
1742	2	96554163	96554287	5	7.97408347015626e-05
1742	2	96554163	96554287	6	0
1742	2	96554163	96554287	7	3.46205722668082e-05
1742	2	96554163	96554287	8	0
1742	2	96554163	96554287	9	0
1742	2	96554163	96554287	10	0
1742	2	96554163	96554287	11	0
