task_id	chrom	start	end	iteration	h2_incremental
4415	7	32068640	32069814	1	0.200363110710624
4415	7	32068640	32069814	2	0
4415	7	32068640	32069814	3	0.00405356187828034
4415	7	32068640	32069814	4	0
4415	7	32068640	32069814	5	0.00675978271674894
4415	7	32068640	32069814	6	8.72340900360393e-07
4415	7	32068640	32069814	7	1.41982002287887e-05
4415	7	32068640	32069814	8	0
4415	7	32068640	32069814	9	0
4415	7	32068640	32069814	10	0
4415	7	32068640	32069814	11	0
