task_id	chrom	start	end	iteration	h2_incremental
757	1	46123971	46125030	1	0.06447104662666
757	1	46123971	46125030	2	0.000803344937089734
757	1	46123971	46125030	3	0
757	1	46123971	46125030	4	0.00640165083257756
757	1	46123971	46125030	5	2.21590127510459e-05
757	1	46123971	46125030	6	4.14404521429047e-05
757	1	46123971	46125030	7	2.35312674915026e-06
757	1	46123971	46125030	8	0
757	1	46123971	46125030	9	0
757	1	46123971	46125030	10	0
757	1	46123971	46125030	11	0
