task_id	chrom	start	end	iteration	h2_incremental
2689	4	26217989	26218856	1	0.00213081537968263
2689	4	26217989	26218856	2	0.0332491398700559
2689	4	26217989	26218856	3	0.0217952191572821
2689	4	26217989	26218856	4	0.0107119920864604
2689	4	26217989	26218856	5	1.07492725146565e-05
2689	4	26217989	26218856	6	0
2689	4	26217989	26218856	7	4.49489418762333e-06
2689	4	26217989	26218856	8	0
2689	4	26217989	26218856	9	0
2689	4	26217989	26218856	10	0
2689	4	26217989	26218856	11	1.84587094482242e-06
