task_id	chrom	start	end	iteration	h2_incremental
1987	3	16174852	16176352	1	0.130362991445249
1987	3	16174852	16176352	2	0.0187663086679137
1987	3	16174852	16176352	3	0
1987	3	16174852	16176352	4	3.20149710252414e-07
1987	3	16174852	16176352	5	0.000587411622302936
1987	3	16174852	16176352	6	5.94202882353854e-06
1987	3	16174852	16176352	7	0.00306720425107051
1987	3	16174852	16176352	8	0
1987	3	16174852	16176352	9	1.09636498409802e-05
1987	3	16174852	16176352	10	0
1987	3	16174852	16176352	11	6.76743380061768e-06
1987	3	16174852	16176352	12	8.17152719703158e-06
