task_id	chrom	start	end	iteration	h2_incremental
1768	3	101827642	101829684	1	0.265137873821425
1768	3	101827642	101829684	2	0.00389804506074038
1768	3	101827642	101829684	3	0
1768	3	101827642	101829684	4	1.78495654726569e-05
1768	3	101827642	101829684	5	0
1768	3	101827642	101829684	6	0.00200087647627533
1768	3	101827642	101829684	7	0
1768	3	101827642	101829684	8	0
1768	3	101827642	101829684	9	0
1768	3	101827642	101829684	10	0
1768	3	101827642	101829684	11	8.72679520478349e-08
