task_id	chrom	start	end	iteration	h2_incremental
1681	2	74415580	74415937	1	0.477105777545857
1681	2	74415580	74415937	2	0
1681	2	74415580	74415937	3	0.000397995227975722
1681	2	74415580	74415937	4	5.80538198069928e-05
1681	2	74415580	74415937	5	5.87019754074171e-07
1681	2	74415580	74415937	6	0
1681	2	74415580	74415937	7	0.000448423853034277
1681	2	74415580	74415937	8	0
1681	2	74415580	74415937	9	0
1681	2	74415580	74415937	10	0
1681	2	74415580	74415937	11	0
1681	2	74415580	74415937	12	0
