task_id	chrom	start	end	iteration	h2_incremental
2189	3	38005086	38005368	1	0.17999853498539
2189	3	38005086	38005368	2	0
2189	3	38005086	38005368	3	4.14212134892264e-05
2189	3	38005086	38005368	4	0
2189	3	38005086	38005368	5	0
2189	3	38005086	38005368	6	0
2189	3	38005086	38005368	7	2.09812032618802e-05
2189	3	38005086	38005368	8	0
2189	3	38005086	38005368	9	0
2189	3	38005086	38005368	10	0
2189	3	38005086	38005368	11	6.27281972352493e-08
