task_id	chrom	start	end	iteration	h2_incremental
3184	5	17373325	17373721	1	0.631109418350795
3184	5	17373325	17373721	2	0
3184	5	17373325	17373721	3	2.92268265662094e-06
3184	5	17373325	17373721	4	1.15342396716732e-07
3184	5	17373325	17373721	5	0
3184	5	17373325	17373721	6	0
3184	5	17373325	17373721	7	1.59177216950798e-05
3184	5	17373325	17373721	8	2.35459362932546e-05
3184	5	17373325	17373721	9	0
3184	5	17373325	17373721	10	0
3184	5	17373325	17373721	11	0
