task_id	chrom	start	end	iteration	h2_incremental
624	1	3031124	3031572	1	0.414241764627082
624	1	3031124	3031572	2	0
624	1	3031124	3031572	3	0
624	1	3031124	3031572	4	0
624	1	3031124	3031572	5	0
624	1	3031124	3031572	6	7.24228009169662e-07
624	1	3031124	3031572	7	0
624	1	3031124	3031572	8	0
624	1	3031124	3031572	9	6.38656675624435e-08
624	1	3031124	3031572	10	0
624	1	3031124	3031572	11	0
