task_id	chrom	start	end	iteration	h2_incremental
448	1	23827348	23828482	1	0.262868227996317
448	1	23827348	23828482	2	0.00235482670543254
448	1	23827348	23828482	3	4.31481265358496e-06
448	1	23827348	23828482	4	1.18037560458126e-05
448	1	23827348	23828482	5	0
448	1	23827348	23828482	6	0.00430324246480301
448	1	23827348	23828482	7	0
448	1	23827348	23828482	8	4.12607315644979e-07
448	1	23827348	23828482	9	0
448	1	23827348	23828482	10	7.53128122929294e-06
448	1	23827348	23828482	11	0
