task_id	chrom	start	end	iteration	h2_incremental
1534	2	28544164	28544752	1	0.278924038558295
1534	2	28544164	28544752	2	0
1534	2	28544164	28544752	3	5.80710360187482e-06
1534	2	28544164	28544752	4	7.77710004050767e-05
1534	2	28544164	28544752	5	0
1534	2	28544164	28544752	6	0
1534	2	28544164	28544752	7	0
1534	2	28544164	28544752	8	6.88443295501099e-06
1534	2	28544164	28544752	9	0
1534	2	28544164	28544752	10	0
1534	2	28544164	28544752	11	1.06158079016049e-05
