task_id	chrom	start	end	iteration	h2_incremental
3509	6	10401028	10401303	1	0.738863688905466
3509	6	10401028	10401303	2	1.12808594990703e-05
3509	6	10401028	10401303	3	0
3509	6	10401028	10401303	4	3.61882304377023e-06
3509	6	10401028	10401303	5	4.66171212790217e-05
3509	6	10401028	10401303	6	0
3509	6	10401028	10401303	7	0
3509	6	10401028	10401303	8	0
3509	6	10401028	10401303	9	0
3509	6	10401028	10401303	10	1.41606504763439e-06
3509	6	10401028	10401303	11	1.70558403211759e-05
