task_id	chrom	start	end	iteration	h2_incremental
645	1	31966983	31967397	1	0.125111427404863
645	1	31966983	31967397	2	0.000130456509133405
645	1	31966983	31967397	3	0.000793812977509105
645	1	31966983	31967397	4	0.000779622355621375
645	1	31966983	31967397	5	3.53619029367033e-06
645	1	31966983	31967397	6	9.18397895978198e-07
645	1	31966983	31967397	7	0
645	1	31966983	31967397	8	0
645	1	31966983	31967397	9	0
645	1	31966983	31967397	10	0
645	1	31966983	31967397	11	0
