task_id	chrom	start	end	iteration	h2_incremental
4230	7	143162123	143163786	1	0.429616302676758
4230	7	143162123	143163786	2	0
4230	7	143162123	143163786	3	0
4230	7	143162123	143163786	4	0
4230	7	143162123	143163786	5	0
4230	7	143162123	143163786	6	0
4230	7	143162123	143163786	7	0
4230	7	143162123	143163786	8	0
4230	7	143162123	143163786	9	7.76374065906267e-07
4230	7	143162123	143163786	10	1.22224150216549e-05
4230	7	143162123	143163786	11	0
