task_id	chrom	start	end	iteration	h2_incremental
4059	6	78627880	78629744	1	0.453918148507265
4059	6	78627880	78629744	2	0
4059	6	78627880	78629744	3	0
4059	6	78627880	78629744	4	0.00037917427417232
4059	6	78627880	78629744	5	0
4059	6	78627880	78629744	6	0
4059	6	78627880	78629744	7	0
4059	6	78627880	78629744	8	0.000115977399056419
4059	6	78627880	78629744	9	0
4059	6	78627880	78629744	10	2.46499043338689e-05
4059	6	78627880	78629744	11	0
