task_id	chrom	start	end	iteration	h2_incremental
2045	3	183642952	183643144	1	0.675305708369129
2045	3	183642952	183643144	2	0
2045	3	183642952	183643144	3	0.00344542937348767
2045	3	183642952	183643144	4	0
2045	3	183642952	183643144	5	0
2045	3	183642952	183643144	6	0
2045	3	183642952	183643144	7	0
2045	3	183642952	183643144	8	0
2045	3	183642952	183643144	9	0
2045	3	183642952	183643144	10	0
2045	3	183642952	183643144	11	0
