task_id	chrom	start	end	iteration	h2_incremental
551	1	27078006	27079176	1	0.213612539089384
551	1	27078006	27079176	2	1.73942205740704e-05
551	1	27078006	27079176	3	0
551	1	27078006	27079176	4	0
551	1	27078006	27079176	5	0
551	1	27078006	27079176	6	6.1569363665154e-05
551	1	27078006	27079176	7	0
551	1	27078006	27079176	8	0
551	1	27078006	27079176	9	5.61788089267216e-08
551	1	27078006	27079176	10	0
551	1	27078006	27079176	11	3.03419918747654e-07
