task_id	chrom	start	end	iteration	h2_incremental
678	1	35314752	35315846	1	0.304576941710861
678	1	35314752	35315846	2	0
678	1	35314752	35315846	3	0.00191519376267686
678	1	35314752	35315846	4	0
678	1	35314752	35315846	5	0
678	1	35314752	35315846	6	0
678	1	35314752	35315846	7	0
678	1	35314752	35315846	8	0.00163851997453894
678	1	35314752	35315846	9	0
678	1	35314752	35315846	10	0
678	1	35314752	35315846	11	0
678	1	35314752	35315846	12	0
678	1	35314752	35315846	13	0
