task_id	chrom	start	end	iteration	h2_incremental
1325	2	22449728	22450976	1	0.211181644888753
1325	2	22449728	22450976	2	0.00627563787542222
1325	2	22449728	22450976	3	0.000573454649720485
1325	2	22449728	22450976	4	0.00232336493867277
1325	2	22449728	22450976	5	3.03745559242182e-05
1325	2	22449728	22450976	6	0
1325	2	22449728	22450976	7	0
1325	2	22449728	22450976	8	0
1325	2	22449728	22450976	9	6.56187618789471e-07
1325	2	22449728	22450976	10	0
1325	2	22449728	22450976	11	0
