task_id	chrom	start	end	iteration	h2_incremental
718	1	39971635	39972029	1	0.0742088605201064
718	1	39971635	39972029	2	0.0382806515315964
718	1	39971635	39972029	3	4.54921778998628e-05
718	1	39971635	39972029	4	8.53341701613558e-08
718	1	39971635	39972029	5	0
718	1	39971635	39972029	6	5.76041161963522e-07
718	1	39971635	39972029	7	0
718	1	39971635	39972029	8	0
718	1	39971635	39972029	9	0
718	1	39971635	39972029	10	0
718	1	39971635	39972029	11	8.84899664775437e-05
