task_id	chrom	start	end	iteration	h2_incremental
457	1	24038591	24040632	1	0.0689330084869458
457	1	24038591	24040632	2	0.000471350668126589
457	1	24038591	24040632	3	0.0017265428332397
457	1	24038591	24040632	4	0.016496001852735
457	1	24038591	24040632	5	0.00039910285633215
457	1	24038591	24040632	6	4.2371696502869e-05
457	1	24038591	24040632	7	0
457	1	24038591	24040632	8	1.08955758151505e-06
457	1	24038591	24040632	9	0
457	1	24038591	24040632	10	0
457	1	24038591	24040632	11	0
