task_id	chrom	start	end	iteration	h2_incremental
2288	3	58253538	58254719	1	0.410504207530269
2288	3	58253538	58254719	2	5.17373584259472e-08
2288	3	58253538	58254719	3	0
2288	3	58253538	58254719	4	6.32366334349097e-08
2288	3	58253538	58254719	5	0
2288	3	58253538	58254719	6	1.08815818416203e-05
2288	3	58253538	58254719	7	0
2288	3	58253538	58254719	8	0
2288	3	58253538	58254719	9	9.64795663278449e-05
2288	3	58253538	58254719	10	0
2288	3	58253538	58254719	11	0
