task_id	chrom	start	end	iteration	h2_incremental
56	1	11332659	11333299	1	0.316948706981061
56	1	11332659	11333299	2	8.62380868064377e-07
56	1	11332659	11333299	3	3.21959918005989e-05
56	1	11332659	11333299	4	8.67622641503361e-05
56	1	11332659	11333299	5	3.18852631306302e-05
56	1	11332659	11333299	6	1.41617314390722e-05
56	1	11332659	11333299	7	0
56	1	11332659	11333299	8	0
56	1	11332659	11333299	9	4.49163528654193e-07
56	1	11332659	11333299	10	0
56	1	11332659	11333299	11	0
