task_id	chrom	start	end	iteration	h2_incremental
574	1	27847152	27847716	1	0.104826004331274
574	1	27847152	27847716	2	0.000669233846002436
574	1	27847152	27847716	3	0.000619615462376482
574	1	27847152	27847716	4	0.000229854791953193
574	1	27847152	27847716	5	0
574	1	27847152	27847716	6	0.00133465211247435
574	1	27847152	27847716	7	0
574	1	27847152	27847716	8	0
574	1	27847152	27847716	9	2.2359919259682e-06
574	1	27847152	27847716	10	0
574	1	27847152	27847716	11	7.00944899509195e-06
