task_id	chrom	start	end	iteration	h2_incremental
3474	5	91279368	91279666	1	0.321427297106887
3474	5	91279368	91279666	2	0.00264851616203519
3474	5	91279368	91279666	3	6.17998112894248e-06
3474	5	91279368	91279666	4	0
3474	5	91279368	91279666	5	0
3474	5	91279368	91279666	6	5.22637544453955e-06
3474	5	91279368	91279666	7	0
3474	5	91279368	91279666	8	0
3474	5	91279368	91279666	9	0
3474	5	91279368	91279666	10	1.09744008505786e-06
3474	5	91279368	91279666	11	3.69933785443344e-05
