task_id	chrom	start	end	iteration	h2_incremental
1187	2	169768458	169768701	1	0.373185305378872
1187	2	169768458	169768701	2	1.34925665386118e-06
1187	2	169768458	169768701	3	0.00134124512228144
1187	2	169768458	169768701	4	0
1187	2	169768458	169768701	5	0
1187	2	169768458	169768701	6	9.21646686840032e-05
1187	2	169768458	169768701	7	0
1187	2	169768458	169768701	8	0
1187	2	169768458	169768701	9	0
1187	2	169768458	169768701	10	0
1187	2	169768458	169768701	11	0
