task_id	chrom	start	end	iteration	h2_incremental
1611	2	50345469	50346240	1	0.117030925011196
1611	2	50345469	50346240	2	0.00611776145516037
1611	2	50345469	50346240	3	0.00358059906957464
1611	2	50345469	50346240	4	0
1611	2	50345469	50346240	5	0.00136336285382505
1611	2	50345469	50346240	6	5.87692088755506e-05
1611	2	50345469	50346240	7	0.000130502591528046
1611	2	50345469	50346240	8	0
1611	2	50345469	50346240	9	0
1611	2	50345469	50346240	10	0
1611	2	50345469	50346240	11	0
