task_id	chrom	start	end	iteration	h2_incremental
2495	4	143381438	143382803	1	0.150237832747833
2495	4	143381438	143382803	2	7.59527418811814e-07
2495	4	143381438	143382803	3	0
2495	4	143381438	143382803	4	0.00275523380627628
2495	4	143381438	143382803	5	0
2495	4	143381438	143382803	6	0
2495	4	143381438	143382803	7	0
2495	4	143381438	143382803	8	7.96553302188098e-06
2495	4	143381438	143382803	9	0
2495	4	143381438	143382803	10	0
2495	4	143381438	143382803	11	1.16567240986699e-06
