task_id	chrom	start	end	iteration	h2_incremental
4110	7	104208578	104209159	1	0.57242547229888
4110	7	104208578	104209159	2	0.00198014232356376
4110	7	104208578	104209159	3	0
4110	7	104208578	104209159	4	1.79086293480289e-06
4110	7	104208578	104209159	5	4.38255767262395e-05
4110	7	104208578	104209159	6	0
4110	7	104208578	104209159	7	4.99640251542947e-08
4110	7	104208578	104209159	8	0
4110	7	104208578	104209159	9	0
4110	7	104208578	104209159	10	0
4110	7	104208578	104209159	11	0
