task_id	chrom	start	end	iteration	h2_incremental
1551	2	34386834	34387756	1	0.279329742934066
1551	2	34386834	34387756	2	0.000390794501417199
1551	2	34386834	34387756	3	0.000118393341705804
1551	2	34386834	34387756	4	0.00354321478434727
1551	2	34386834	34387756	5	0
1551	2	34386834	34387756	6	0
1551	2	34386834	34387756	7	7.14126791236618e-07
1551	2	34386834	34387756	8	4.87687751231767e-05
1551	2	34386834	34387756	9	7.75962389613781e-06
1551	2	34386834	34387756	10	0
1551	2	34386834	34387756	11	0
