task_id	chrom	start	end	iteration	h2_incremental
832	1	6703505	6704007	1	0.479792315501266
832	1	6703505	6704007	2	1.19993015489684e-05
832	1	6703505	6704007	3	0
832	1	6703505	6704007	4	0
832	1	6703505	6704007	5	0
832	1	6703505	6704007	6	0
832	1	6703505	6704007	7	0
832	1	6703505	6704007	8	0
832	1	6703505	6704007	9	0
832	1	6703505	6704007	10	3.52282118236671e-07
832	1	6703505	6704007	11	0
