task_id	chrom	start	end	iteration	h2_incremental
3585	6	137517477	137517667	1	0.62690533046494
3585	6	137517477	137517667	2	0
3585	6	137517477	137517667	3	0
3585	6	137517477	137517667	4	0
3585	6	137517477	137517667	5	0
3585	6	137517477	137517667	6	0
3585	6	137517477	137517667	7	2.92971316480197e-06
3585	6	137517477	137517667	8	0
3585	6	137517477	137517667	9	0
3585	6	137517477	137517667	10	0
3585	6	137517477	137517667	11	2.40913481820781e-06
