task_id	chrom	start	end	iteration	h2_incremental
1622	2	57719703	57721105	1	0.0509842894200185
1622	2	57719703	57721105	2	0.0189027806120168
1622	2	57719703	57721105	3	0
1622	2	57719703	57721105	4	0.00962502157078633
1622	2	57719703	57721105	5	0
1622	2	57719703	57721105	6	5.74363460502798e-06
1622	2	57719703	57721105	7	0.000139685552695331
1622	2	57719703	57721105	8	0
1622	2	57719703	57721105	9	0
1622	2	57719703	57721105	10	7.47021639862667e-07
1622	2	57719703	57721105	11	0
