task_id	chrom	start	end	iteration	h2_incremental
752	1	45556535	45557613	1	0.191450241336157
752	1	45556535	45557613	2	0
752	1	45556535	45557613	3	0
752	1	45556535	45557613	4	0
752	1	45556535	45557613	5	0
752	1	45556535	45557613	6	0.00461823425444528
752	1	45556535	45557613	7	0
752	1	45556535	45557613	8	0
752	1	45556535	45557613	9	0
752	1	45556535	45557613	10	0
752	1	45556535	45557613	11	0
