task_id	chrom	start	end	iteration	h2_incremental
516	1	26136178	26137979	1	0.251179234904133
516	1	26136178	26137979	2	0
516	1	26136178	26137979	3	0
516	1	26136178	26137979	4	0
516	1	26136178	26137979	5	0
516	1	26136178	26137979	6	0
516	1	26136178	26137979	7	0
516	1	26136178	26137979	8	0
516	1	26136178	26137979	9	0
516	1	26136178	26137979	10	9.14591692212862e-07
516	1	26136178	26137979	11	0
