task_id	chrom	start	end	iteration	h2_incremental
3101	5	150458482	150458580	1	0.249799116599874
3101	5	150458482	150458580	2	0.000662172709864722
3101	5	150458482	150458580	3	0
3101	5	150458482	150458580	4	0
3101	5	150458482	150458580	5	0
3101	5	150458482	150458580	6	0.00908346329279764
3101	5	150458482	150458580	7	7.54552329869893e-08
3101	5	150458482	150458580	8	0
3101	5	150458482	150458580	9	0
3101	5	150458482	150458580	10	0
3101	5	150458482	150458580	11	0
