task_id	chrom	start	end	iteration	h2_incremental
1333	2	225619374	225620970	1	0.420068631306736
1333	2	225619374	225620970	2	0
1333	2	225619374	225620970	3	0.000462962606167816
1333	2	225619374	225620970	4	0
1333	2	225619374	225620970	5	0
1333	2	225619374	225620970	6	0
1333	2	225619374	225620970	7	0
1333	2	225619374	225620970	8	0
1333	2	225619374	225620970	9	2.43476393925077e-06
1333	2	225619374	225620970	10	1.16161001063871e-07
1333	2	225619374	225620970	11	0
