task_id	chrom	start	end	iteration	h2_incremental
4081	6	99514078	99514370	1	0.458527073306326
4081	6	99514078	99514370	2	0
4081	6	99514078	99514370	3	0
4081	6	99514078	99514370	4	0
4081	6	99514078	99514370	5	0
4081	6	99514078	99514370	6	0
4081	6	99514078	99514370	7	1.69800450949913e-06
4081	6	99514078	99514370	8	0
4081	6	99514078	99514370	9	0
4081	6	99514078	99514370	10	0
4081	6	99514078	99514370	11	8.68875005317874e-07
