task_id	chrom	start	end	iteration	h2_incremental
2255	3	50601273	50601765	1	0.0368555085230032
2255	3	50601273	50601765	2	0.0126377978105251
2255	3	50601273	50601765	3	0.0188801005811116
2255	3	50601273	50601765	4	2.53747913740597e-06
2255	3	50601273	50601765	5	0
2255	3	50601273	50601765	6	0.000110211051025729
2255	3	50601273	50601765	7	0
2255	3	50601273	50601765	8	0
2255	3	50601273	50601765	9	0
2255	3	50601273	50601765	10	0
2255	3	50601273	50601765	11	0
