task_id	chrom	start	end	iteration	h2_incremental
2784	4	58105671	58106624	1	0.586771858081077
2784	4	58105671	58106624	2	0.000367074243036063
2784	4	58105671	58106624	3	0.00356340457130456
2784	4	58105671	58106624	4	0
2784	4	58105671	58106624	5	0
2784	4	58105671	58106624	6	0
2784	4	58105671	58106624	7	0
2784	4	58105671	58106624	8	5.53239664424247e-05
2784	4	58105671	58106624	9	0
2784	4	58105671	58106624	10	0
2784	4	58105671	58106624	11	8.69813869834931e-05
