task_id	chrom	start	end	iteration	h2_incremental
2332	3	69432529	69434464	1	0.30821735408569
2332	3	69432529	69434464	2	0
2332	3	69432529	69434464	3	9.22380265801401e-06
2332	3	69432529	69434464	4	5.63211684258849e-08
2332	3	69432529	69434464	5	2.07993471315202e-05
2332	3	69432529	69434464	6	0
2332	3	69432529	69434464	7	0
2332	3	69432529	69434464	8	0
2332	3	69432529	69434464	9	0
2332	3	69432529	69434464	10	0
2332	3	69432529	69434464	11	1.90426007328061e-06
