task_id	chrom	start	end	iteration	h2_incremental
1822	3	119032354	119033586	1	0.474873930655281
1822	3	119032354	119033586	2	0
1822	3	119032354	119033586	3	0
1822	3	119032354	119033586	4	0
1822	3	119032354	119033586	5	0
1822	3	119032354	119033586	6	0
1822	3	119032354	119033586	7	0
1822	3	119032354	119033586	8	0
1822	3	119032354	119033586	9	9.95150723827333e-06
1822	3	119032354	119033586	10	5.81638042197162e-08
1822	3	119032354	119033586	11	0
