task_id	chrom	start	end	iteration	h2_incremental
924	1	9514747	9515640	1	0.481027028600514
924	1	9514747	9515640	2	1.23278627928101e-07
924	1	9514747	9515640	3	2.53020429205983e-06
924	1	9514747	9515640	4	0
924	1	9514747	9515640	5	0.00233034127498834
924	1	9514747	9515640	6	0.00120520551659643
924	1	9514747	9515640	7	0
924	1	9514747	9515640	8	0
924	1	9514747	9515640	9	0
924	1	9514747	9515640	10	0
924	1	9514747	9515640	11	0
