task_id	chrom	start	end	iteration	h2_incremental
654	1	32586275	32587560	1	0.183978677034778
654	1	32586275	32587560	2	0.00723045379795417
654	1	32586275	32587560	3	0
654	1	32586275	32587560	4	0
654	1	32586275	32587560	5	1.55945220420122e-05
654	1	32586275	32587560	6	0.00192329772333797
654	1	32586275	32587560	7	0
654	1	32586275	32587560	8	0
654	1	32586275	32587560	9	0
654	1	32586275	32587560	10	0
654	1	32586275	32587560	11	0
