task_id	chrom	start	end	iteration	h2_incremental
3034	5	134875544	134875779	1	0.160987679600462
3034	5	134875544	134875779	2	0.0350267723880105
3034	5	134875544	134875779	3	2.94773921924604e-05
3034	5	134875544	134875779	4	8.25632220200972e-05
3034	5	134875544	134875779	5	0
3034	5	134875544	134875779	6	0.000599487119906027
3034	5	134875544	134875779	7	0
3034	5	134875544	134875779	8	0
3034	5	134875544	134875779	9	0
3034	5	134875544	134875779	10	0
3034	5	134875544	134875779	11	0
