task_id	chrom	start	end	iteration	h2_incremental
1216	2	17829827	17830201	1	0.392637727190064
1216	2	17829827	17830201	2	0.00201086024009159
1216	2	17829827	17830201	3	0.00010265098884423
1216	2	17829827	17830201	4	0
1216	2	17829827	17830201	5	5.70474865840276e-06
1216	2	17829827	17830201	6	0
1216	2	17829827	17830201	7	0
1216	2	17829827	17830201	8	0
1216	2	17829827	17830201	9	0
1216	2	17829827	17830201	10	0
1216	2	17829827	17830201	11	1.77348077742666e-06
