task_id	chrom	start	end	iteration	h2_incremental
3327	5	38441583	38441997	1	0.244771472370929
3327	5	38441583	38441997	2	0.000699101146216976
3327	5	38441583	38441997	3	3.22761254059778e-05
3327	5	38441583	38441997	4	0.00275250250971033
3327	5	38441583	38441997	5	0
3327	5	38441583	38441997	6	0.000159202423721734
3327	5	38441583	38441997	7	8.83661935523935e-05
3327	5	38441583	38441997	8	1.41871639071036e-06
3327	5	38441583	38441997	9	0
3327	5	38441583	38441997	10	0
3327	5	38441583	38441997	11	0
