task_id	chrom	start	end	iteration	h2_incremental
554	1	27232381	27232807	1	0.108596311673627
554	1	27232381	27232807	2	0
554	1	27232381	27232807	3	0
554	1	27232381	27232807	4	0.00432892480176496
554	1	27232381	27232807	5	6.89972028586728e-06
554	1	27232381	27232807	6	0.00294766485956802
554	1	27232381	27232807	7	0
554	1	27232381	27232807	8	0
554	1	27232381	27232807	9	0
554	1	27232381	27232807	10	0
554	1	27232381	27232807	11	0
