task_id	chrom	start	end	iteration	h2_incremental
2798	4	6673254	6673628	1	0.666943669303605
2798	4	6673254	6673628	2	1.02785248971043e-05
2798	4	6673254	6673628	3	0.000212629734277586
2798	4	6673254	6673628	4	0
2798	4	6673254	6673628	5	0
2798	4	6673254	6673628	6	0.000219167503851615
2798	4	6673254	6673628	7	7.22839389829353e-06
2798	4	6673254	6673628	8	1.13988856778203e-07
2798	4	6673254	6673628	9	0
2798	4	6673254	6673628	10	2.40092207509426e-05
2798	4	6673254	6673628	11	0
