task_id	chrom	start	end	iteration	h2_incremental
223	1	161197025	161197792	1	0.19540985369544
223	1	161197025	161197792	2	0.0198093726954259
223	1	161197025	161197792	3	0
223	1	161197025	161197792	4	0
223	1	161197025	161197792	5	5.24851580693787e-06
223	1	161197025	161197792	6	0.0028507378985075
223	1	161197025	161197792	7	0
223	1	161197025	161197792	8	0
223	1	161197025	161197792	9	0
223	1	161197025	161197792	10	6.13066670590807e-07
223	1	161197025	161197792	11	0.000160857794174051
