task_id	chrom	start	end	iteration	h2_incremental
1946	3	147410873	147414164	1	0.201645166312074
1946	3	147410873	147414164	2	0.00345381604867365
1946	3	147410873	147414164	3	0.000192918652271553
1946	3	147410873	147414164	4	2.86616378241567e-06
1946	3	147410873	147414164	5	9.17345566444191e-05
1946	3	147410873	147414164	6	0.00191898486684994
1946	3	147410873	147414164	7	0
1946	3	147410873	147414164	8	6.88656297727978e-05
1946	3	147410873	147414164	9	0
1946	3	147410873	147414164	10	0
1946	3	147410873	147414164	11	0
