task_id	chrom	start	end	iteration	h2_incremental
398	1	22427110	22427569	1	0.668013141410637
398	1	22427110	22427569	2	0
398	1	22427110	22427569	3	6.99750778172214e-07
398	1	22427110	22427569	4	0
398	1	22427110	22427569	5	0
398	1	22427110	22427569	6	0
398	1	22427110	22427569	7	1.22466160774835e-07
398	1	22427110	22427569	8	0
398	1	22427110	22427569	9	0
398	1	22427110	22427569	10	1.30572666269431e-06
398	1	22427110	22427569	11	0
