task_id	chrom	start	end	iteration	h2_incremental
4177	7	130273973	130274239	1	0.495805296982559
4177	7	130273973	130274239	2	0.00189007373313551
4177	7	130273973	130274239	3	0
4177	7	130273973	130274239	4	0
4177	7	130273973	130274239	5	0
4177	7	130273973	130274239	6	0
4177	7	130273973	130274239	7	0
4177	7	130273973	130274239	8	0
4177	7	130273973	130274239	9	0
4177	7	130273973	130274239	10	0
4177	7	130273973	130274239	11	0
