task_id	chrom	start	end	iteration	h2_incremental
2270	3	52597080	52597983	1	0.125464576060498
2270	3	52597080	52597983	2	0
2270	3	52597080	52597983	3	0.00241802553148381
2270	3	52597080	52597983	4	0
2270	3	52597080	52597983	5	0.000963763283751224
2270	3	52597080	52597983	6	0.00107234562292638
2270	3	52597080	52597983	7	0
2270	3	52597080	52597983	8	0
2270	3	52597080	52597983	9	6.16203749408568e-06
2270	3	52597080	52597983	10	2.22757691522761e-06
2270	3	52597080	52597983	11	7.98262972216537e-05
