task_id	chrom	start	end	iteration	h2_incremental
8	1	10093974	10094872	1	0.0946433114998688
8	1	10093974	10094872	2	0
8	1	10093974	10094872	3	0.00402951504851893
8	1	10093974	10094872	4	0
8	1	10093974	10094872	5	1.7055778399366e-06
8	1	10093974	10094872	6	0
8	1	10093974	10094872	7	0.000709039722327676
8	1	10093974	10094872	8	5.97907433881478e-06
8	1	10093974	10094872	9	0
8	1	10093974	10094872	10	0
8	1	10093974	10094872	11	0
8	1	10093974	10094872	12	0
