task_id	chrom	start	end	iteration	h2_incremental
779	1	52041193	52041900	1	0.133372688473979
779	1	52041193	52041900	2	9.82521727337317e-05
779	1	52041193	52041900	3	0.00989132793340604
779	1	52041193	52041900	4	0
779	1	52041193	52041900	5	5.8128429259253e-05
779	1	52041193	52041900	6	0
779	1	52041193	52041900	7	0
779	1	52041193	52041900	8	0
779	1	52041193	52041900	9	2.22751004061393e-05
779	1	52041193	52041900	10	0
779	1	52041193	52041900	11	3.13823870869774e-07
