task_id	chrom	start	end	iteration	h2_incremental
371	1	216531350	216532177	1	0.503572475787533
371	1	216531350	216532177	2	7.15404558448698e-05
371	1	216531350	216532177	3	0
371	1	216531350	216532177	4	6.97043758590613e-05
371	1	216531350	216532177	5	1.9356789805655e-05
371	1	216531350	216532177	6	0
371	1	216531350	216532177	7	0
371	1	216531350	216532177	8	0
371	1	216531350	216532177	9	0
371	1	216531350	216532177	10	1.95939366012507e-06
371	1	216531350	216532177	11	0
