task_id	chrom	start	end	iteration	h2_incremental
431	1	23440227	23440834	1	0.305368401771391
431	1	23440227	23440834	2	0
431	1	23440227	23440834	3	3.6500373629187e-05
431	1	23440227	23440834	4	0
431	1	23440227	23440834	5	0.000129138087905653
431	1	23440227	23440834	6	1.00409015118427e-05
431	1	23440227	23440834	7	5.90961880200519e-06
431	1	23440227	23440834	8	4.53453130453266e-06
431	1	23440227	23440834	9	0
431	1	23440227	23440834	10	0
431	1	23440227	23440834	11	6.45538467701108e-06
