task_id	chrom	start	end	iteration	h2_incremental
442	1	23705935	23706969	1	0.444259098982585
442	1	23705935	23706969	2	9.31207141080806e-05
442	1	23705935	23706969	3	0
442	1	23705935	23706969	4	0
442	1	23705935	23706969	5	0
442	1	23705935	23706969	6	1.80830886068758e-05
442	1	23705935	23706969	7	0
442	1	23705935	23706969	8	4.05598901025357e-07
442	1	23705935	23706969	9	0
442	1	23705935	23706969	10	5.41685641478377e-07
442	1	23705935	23706969	11	6.66904768462578e-08
