task_id	chrom	start	end	iteration	h2_incremental
991	2	105640760	105641796	1	0.526567399927439
991	2	105640760	105641796	2	0
991	2	105640760	105641796	3	0
991	2	105640760	105641796	4	0
991	2	105640760	105641796	5	1.41550118338077e-07
991	2	105640760	105641796	6	0
991	2	105640760	105641796	7	0
991	2	105640760	105641796	8	0
991	2	105640760	105641796	9	0
991	2	105640760	105641796	10	0
991	2	105640760	105641796	11	1.51187112565457e-07
