task_id	chrom	start	end	iteration	h2_incremental
3930	6	32626801	32627904	1	0.655262088264178
3930	6	32626801	32627904	2	4.44775240534066e-05
3930	6	32626801	32627904	3	0
3930	6	32626801	32627904	4	0.00128560309913424
3930	6	32626801	32627904	5	0
3930	6	32626801	32627904	6	0.000376365680210542
3930	6	32626801	32627904	7	0
3930	6	32626801	32627904	8	0.000169554422876433
3930	6	32626801	32627904	9	0
3930	6	32626801	32627904	10	0
3930	6	32626801	32627904	11	0
