task_id	chrom	start	end	iteration	h2_incremental
1305	2	218870936	218871102	1	0.436547930841606
1305	2	218870936	218871102	2	0
1305	2	218870936	218871102	3	9.5107977647975e-06
1305	2	218870936	218871102	4	0
1305	2	218870936	218871102	5	0
1305	2	218870936	218871102	6	0
1305	2	218870936	218871102	7	0
1305	2	218870936	218871102	8	0
1305	2	218870936	218871102	9	0
1305	2	218870936	218871102	10	0
1305	2	218870936	218871102	11	0
