task_id	chrom	start	end	iteration	h2_incremental
1891	3	130098482	130098978	1	0.52672154613452
1891	3	130098482	130098978	2	0.00070315078855432
1891	3	130098482	130098978	3	0
1891	3	130098482	130098978	4	0
1891	3	130098482	130098978	5	0
1891	3	130098482	130098978	6	1.43256979694776e-05
1891	3	130098482	130098978	7	0
1891	3	130098482	130098978	8	0
1891	3	130098482	130098978	9	1.12986128886816e-05
1891	3	130098482	130098978	10	0
1891	3	130098482	130098978	11	6.89997740043163e-06
