task_id	chrom	start	end	iteration	h2_incremental
222	1	160985050	160985590	1	0.533904802516582
222	1	160985050	160985590	2	0
222	1	160985050	160985590	3	3.0040232034015e-07
222	1	160985050	160985590	4	1.39724803969476e-06
222	1	160985050	160985590	5	3.86892213063682e-07
222	1	160985050	160985590	6	0
222	1	160985050	160985590	7	0
222	1	160985050	160985590	8	0
222	1	160985050	160985590	9	0
222	1	160985050	160985590	10	3.50023548540099e-07
222	1	160985050	160985590	11	0
