task_id	chrom	start	end	iteration	h2_incremental
2260	3	51973374	51973503	1	0.120657301161145
2260	3	51973374	51973503	2	0.00173517919392646
2260	3	51973374	51973503	3	0.00627812659963791
2260	3	51973374	51973503	4	0.00743168459768148
2260	3	51973374	51973503	5	0
2260	3	51973374	51973503	6	0.000795143432191694
2260	3	51973374	51973503	7	8.74519284642975e-05
2260	3	51973374	51973503	8	0
2260	3	51973374	51973503	9	3.24221845762082e-06
2260	3	51973374	51973503	10	0
2260	3	51973374	51973503	11	0
