task_id	chrom	start	end	iteration	h2_incremental
3378	5	61657134	61657271	1	0.302442625613674
3378	5	61657134	61657271	2	0
3378	5	61657134	61657271	3	0
3378	5	61657134	61657271	4	0.000156374058966778
3378	5	61657134	61657271	5	4.94515212537855e-05
3378	5	61657134	61657271	6	0
3378	5	61657134	61657271	7	0
3378	5	61657134	61657271	8	0.000142666489173062
3378	5	61657134	61657271	9	1.24211692954881e-05
3378	5	61657134	61657271	10	9.94810777783063e-07
3378	5	61657134	61657271	11	1.5565225062152e-05
