task_id	chrom	start	end	iteration	h2_incremental
1530	2	2769435	2769779	1	0.356002358904169
1530	2	2769435	2769779	2	1.67966566847457e-06
1530	2	2769435	2769779	3	0
1530	2	2769435	2769779	4	0
1530	2	2769435	2769779	5	8.92143483936175e-06
1530	2	2769435	2769779	6	0.00391195924959991
1530	2	2769435	2769779	7	3.58087412578827e-06
1530	2	2769435	2769779	8	0
1530	2	2769435	2769779	9	8.62895728146819e-08
1530	2	2769435	2769779	10	0
1530	2	2769435	2769779	11	4.13925600105027e-06
