task_id	chrom	start	end	iteration	h2_incremental
4254	7	150382575	150385519	1	0.236883634712486
4254	7	150382575	150385519	2	0.000425080989595329
4254	7	150382575	150385519	3	0
4254	7	150382575	150385519	4	2.81324461219569e-06
4254	7	150382575	150385519	5	0
4254	7	150382575	150385519	6	4.03609337471701e-05
4254	7	150382575	150385519	7	0
4254	7	150382575	150385519	8	0
4254	7	150382575	150385519	9	0
4254	7	150382575	150385519	10	0
4254	7	150382575	150385519	11	0
