task_id	chrom	start	end	iteration	h2_incremental
1432	2	237336208	237336484	1	0.215052809682428
1432	2	237336208	237336484	2	0.00344605636304643
1432	2	237336208	237336484	3	0
1432	2	237336208	237336484	4	0
1432	2	237336208	237336484	5	0
1432	2	237336208	237336484	6	0.00167311539228032
1432	2	237336208	237336484	7	0
1432	2	237336208	237336484	8	0
1432	2	237336208	237336484	9	0
1432	2	237336208	237336484	10	0
1432	2	237336208	237336484	11	0
