task_id	chrom	start	end	iteration	h2_incremental
3773	6	170297569	170298206	1	0.682144925257004
3773	6	170297569	170298206	2	0
3773	6	170297569	170298206	3	0
3773	6	170297569	170298206	4	0
3773	6	170297569	170298206	5	0
3773	6	170297569	170298206	6	0
3773	6	170297569	170298206	7	0
3773	6	170297569	170298206	8	0
3773	6	170297569	170298206	9	0
3773	6	170297569	170298206	10	2.60558160197817e-08
3773	6	170297569	170298206	11	0
