task_id	chrom	start	end	iteration	h2_incremental
2041	3	183372548	183373188	1	0.594123566658857
2041	3	183372548	183373188	2	0
2041	3	183372548	183373188	3	6.02605489012262e-08
2041	3	183372548	183373188	4	0
2041	3	183372548	183373188	5	0
2041	3	183372548	183373188	6	0
2041	3	183372548	183373188	7	0
2041	3	183372548	183373188	8	0
2041	3	183372548	183373188	9	0
2041	3	183372548	183373188	10	0
2041	3	183372548	183373188	11	0
