task_id	chrom	start	end	iteration	h2_incremental
4370	7	25094986	25095712	1	0.270405945988424
4370	7	25094986	25095712	2	0.00696441925976085
4370	7	25094986	25095712	3	0
4370	7	25094986	25095712	4	0
4370	7	25094986	25095712	5	0
4370	7	25094986	25095712	6	0
4370	7	25094986	25095712	7	0
4370	7	25094986	25095712	8	0
4370	7	25094986	25095712	9	1.29882892230441e-05
4370	7	25094986	25095712	10	0
4370	7	25094986	25095712	11	3.60182199989152e-05
