task_id	chrom	start	end	iteration	h2_incremental
3312	5	34425891	34428501	1	0.745529838781652
3312	5	34425891	34428501	2	1.12737309355728e-06
3312	5	34425891	34428501	3	8.77154183956687e-08
3312	5	34425891	34428501	4	0
3312	5	34425891	34428501	5	0
3312	5	34425891	34428501	6	4.56952771677531e-08
3312	5	34425891	34428501	7	0
3312	5	34425891	34428501	8	0
3312	5	34425891	34428501	9	0
3312	5	34425891	34428501	10	0
3312	5	34425891	34428501	11	0
