task_id	chrom	start	end	iteration	h2_incremental
2350	3	72334818	72335787	1	0.125344469114441
2350	3	72334818	72335787	2	0.0273216013062435
2350	3	72334818	72335787	3	0.00388020293555034
2350	3	72334818	72335787	4	6.04383705253886e-06
2350	3	72334818	72335787	5	0
2350	3	72334818	72335787	6	1.69619031994097e-06
2350	3	72334818	72335787	7	0
2350	3	72334818	72335787	8	4.77572903489364e-05
2350	3	72334818	72335787	9	0
2350	3	72334818	72335787	10	5.36550815948554e-06
2350	3	72334818	72335787	11	0
