task_id	chrom	start	end	iteration	h2_incremental
3187	5	17390177	17390474	1	0.404298491870854
3187	5	17390177	17390474	2	0
3187	5	17390177	17390474	3	0
3187	5	17390177	17390474	4	7.03133941224321e-08
3187	5	17390177	17390474	5	0
3187	5	17390177	17390474	6	0
3187	5	17390177	17390474	7	0
3187	5	17390177	17390474	8	0
3187	5	17390177	17390474	9	0
3187	5	17390177	17390474	10	0
3187	5	17390177	17390474	11	8.50692913163653e-06
