task_id	chrom	start	end	iteration	h2_incremental
803	1	6202882	6203811	1	0.362533383324365
803	1	6202882	6203811	2	0.000160445332740744
803	1	6202882	6203811	3	5.30866993219747e-06
803	1	6202882	6203811	4	2.28913162267518e-06
803	1	6202882	6203811	5	0
803	1	6202882	6203811	6	0.000155270013659844
803	1	6202882	6203811	7	4.01465943481516e-05
803	1	6202882	6203811	8	0
803	1	6202882	6203811	9	0
803	1	6202882	6203811	10	1.95583443255121e-05
803	1	6202882	6203811	11	0
