task_id	chrom	start	end	iteration	h2_incremental
2308	3	64463773	64464384	1	0.551052907295368
2308	3	64463773	64464384	2	1.56599746409029e-06
2308	3	64463773	64464384	3	4.32750743913849e-06
2308	3	64463773	64464384	4	2.0357636323462e-06
2308	3	64463773	64464384	5	1.5535321314982e-06
2308	3	64463773	64464384	6	8.63833633131276e-07
2308	3	64463773	64464384	7	0
2308	3	64463773	64464384	8	2.62600794976722e-05
2308	3	64463773	64464384	9	0
2308	3	64463773	64464384	10	0
2308	3	64463773	64464384	11	0
