task_id	chrom	start	end	iteration	h2_incremental
347	1	206151851	206152085	1	0.289038044687664
347	1	206151851	206152085	2	0.00141552669841614
347	1	206151851	206152085	3	0
347	1	206151851	206152085	4	0.000398095004113254
347	1	206151851	206152085	5	0
347	1	206151851	206152085	6	0
347	1	206151851	206152085	7	0
347	1	206151851	206152085	8	8.76532550979478e-08
347	1	206151851	206152085	9	0
347	1	206151851	206152085	10	0
347	1	206151851	206152085	11	0
