task_id	chrom	start	end	iteration	h2_incremental
1983	3	159766206	159767429	1	0.208195759011465
1983	3	159766206	159767429	2	0.0228043633249218
1983	3	159766206	159767429	3	0.000225496286053865
1983	3	159766206	159767429	4	0.00215247658043239
1983	3	159766206	159767429	5	0
1983	3	159766206	159767429	6	0
1983	3	159766206	159767429	7	0
1983	3	159766206	159767429	8	0
1983	3	159766206	159767429	9	0
1983	3	159766206	159767429	10	0
1983	3	159766206	159767429	11	0.000108085710184247
