task_id	chrom	start	end	iteration	h2_incremental
2161	3	23672232	23672330	1	0.0939272263700296
2161	3	23672232	23672330	2	0.00426105725351294
2161	3	23672232	23672330	3	0.00444453715229269
2161	3	23672232	23672330	4	3.27004772746652e-07
2161	3	23672232	23672330	5	1.86844978019588e-05
2161	3	23672232	23672330	6	0
2161	3	23672232	23672330	7	0
2161	3	23672232	23672330	8	5.62226667802263e-05
2161	3	23672232	23672330	9	0
2161	3	23672232	23672330	10	0.000196864210021817
2161	3	23672232	23672330	11	0
