task_id	chrom	start	end	iteration	h2_incremental
2914	4	9381265	9382216	1	0.192892913887331
2914	4	9381265	9382216	2	1.67303765482392e-05
2914	4	9381265	9382216	3	0.000338249889751109
2914	4	9381265	9382216	4	4.35627620200586e-06
2914	4	9381265	9382216	5	0.000232126846780006
2914	4	9381265	9382216	6	0.000570024948617877
2914	4	9381265	9382216	7	0.000126359269347592
2914	4	9381265	9382216	8	0
2914	4	9381265	9382216	9	6.32131966463877e-05
2914	4	9381265	9382216	10	0
2914	4	9381265	9382216	11	0
