task_id	chrom	start	end	iteration	h2_incremental
2622	4	184216395	184217925	1	0.670324296612518
2622	4	184216395	184217925	2	0
2622	4	184216395	184217925	3	3.71621505968875e-08
2622	4	184216395	184217925	4	0
2622	4	184216395	184217925	5	6.60588650884922e-06
2622	4	184216395	184217925	6	0
2622	4	184216395	184217925	7	0
2622	4	184216395	184217925	8	0
2622	4	184216395	184217925	9	0
2622	4	184216395	184217925	10	0
2622	4	184216395	184217925	11	0
