task_id	chrom	start	end	iteration	h2_incremental
2175	3	32450990	32451317	1	0.00438713387090368
2175	3	32450990	32451317	2	0.000765759702701601
2175	3	32450990	32451317	3	0.0168912119358747
2175	3	32450990	32451317	4	0.00415448302345226
2175	3	32450990	32451317	5	0.000351227387557921
2175	3	32450990	32451317	6	0.000259596496510157
2175	3	32450990	32451317	7	0
2175	3	32450990	32451317	8	9.66807263798593e-05
2175	3	32450990	32451317	9	0
2175	3	32450990	32451317	10	0
2175	3	32450990	32451317	11	0
