task_id	chrom	start	end	iteration	h2_incremental
3311	5	33997118	33997472	1	0.0792125035317387
3311	5	33997118	33997472	2	0.0185887309106271
3311	5	33997118	33997472	3	5.80133332033429e-05
3311	5	33997118	33997472	4	0.000589013244356379
3311	5	33997118	33997472	5	0.00431123596333687
3311	5	33997118	33997472	6	2.09557050282142e-05
3311	5	33997118	33997472	7	0
3311	5	33997118	33997472	8	0
3311	5	33997118	33997472	9	0
3311	5	33997118	33997472	10	0
3311	5	33997118	33997472	11	0.000170438840722094
