task_id	chrom	start	end	iteration	h2_incremental
188	1	15601172	15601589	1	0.573156237685557
188	1	15601172	15601589	2	0
188	1	15601172	15601589	3	0
188	1	15601172	15601589	4	0
188	1	15601172	15601589	5	0
188	1	15601172	15601589	6	0
188	1	15601172	15601589	7	0
188	1	15601172	15601589	8	0
188	1	15601172	15601589	9	2.37629178598696e-05
188	1	15601172	15601589	10	0
188	1	15601172	15601589	11	0
