task_id	chrom	start	end	iteration	h2_incremental
2437	4	11369328	11369972	1	0.566904598978144
2437	4	11369328	11369972	2	0
2437	4	11369328	11369972	3	0
2437	4	11369328	11369972	4	5.98914457403327e-06
2437	4	11369328	11369972	5	0
2437	4	11369328	11369972	6	1.01156196427262e-06
2437	4	11369328	11369972	7	6.74358903782886e-06
2437	4	11369328	11369972	8	0
2437	4	11369328	11369972	9	0
2437	4	11369328	11369972	10	0
2437	4	11369328	11369972	11	8.22810288485988e-07
