task_id	chrom	start	end	iteration	h2_incremental
2850	4	7624681	7625484	1	0.651944780193953
2850	4	7624681	7625484	2	0
2850	4	7624681	7625484	3	0
2850	4	7624681	7625484	4	6.50661800825349e-07
2850	4	7624681	7625484	5	1.5677245675593e-06
2850	4	7624681	7625484	6	1.84901211686866e-06
2850	4	7624681	7625484	7	0
2850	4	7624681	7625484	8	5.03199258037458e-06
2850	4	7624681	7625484	9	0
2850	4	7624681	7625484	10	0
2850	4	7624681	7625484	11	1.22516873554573e-05
