task_id	chrom	start	end	iteration	h2_incremental
392	1	2223421	2224104	1	0.251178500715294
392	1	2223421	2224104	2	9.51437776506474e-07
392	1	2223421	2224104	3	0.000222839437626448
392	1	2223421	2224104	4	0.000148350305064703
392	1	2223421	2224104	5	0
392	1	2223421	2224104	6	0.000229492571026848
392	1	2223421	2224104	7	2.73007745883696e-06
392	1	2223421	2224104	8	0
392	1	2223421	2224104	9	2.36897287981214e-07
392	1	2223421	2224104	10	0
392	1	2223421	2224104	11	0
