task_id	chrom	start	end	iteration	h2_incremental
4084	7	100078830	100079703	1	0.111702941972866
4084	7	100078830	100079703	2	0.0106792867535124
4084	7	100078830	100079703	3	0
4084	7	100078830	100079703	4	0
4084	7	100078830	100079703	5	0
4084	7	100078830	100079703	6	0.000120896300694775
4084	7	100078830	100079703	7	9.63928318495544e-06
4084	7	100078830	100079703	8	0
4084	7	100078830	100079703	9	0
4084	7	100078830	100079703	10	0
4084	7	100078830	100079703	11	0
