task_id	chrom	start	end	iteration	h2_incremental
3941	6	32695197	32697230	1	0.723870286504723
3941	6	32695197	32697230	2	0.000365991310255065
3941	6	32695197	32697230	3	3.8280749332352e-05
3941	6	32695197	32697230	4	0.000356396633729362
3941	6	32695197	32697230	5	5.41510253949186e-07
3941	6	32695197	32697230	6	0
3941	6	32695197	32697230	7	0
3941	6	32695197	32697230	8	0
3941	6	32695197	32697230	9	2.01108297537439e-05
3941	6	32695197	32697230	10	0
3941	6	32695197	32697230	11	0.000111305418272505
