task_id	chrom	start	end	iteration	h2_incremental
3451	5	8366123	8366503	1	0.504713936444058
3451	5	8366123	8366503	2	1.38877326695753e-07
3451	5	8366123	8366503	3	0
3451	5	8366123	8366503	4	0
3451	5	8366123	8366503	5	2.42425426239374e-07
3451	5	8366123	8366503	6	0
3451	5	8366123	8366503	7	0
3451	5	8366123	8366503	8	0
3451	5	8366123	8366503	9	3.08601817892897e-05
3451	5	8366123	8366503	10	6.43186071763515e-05
3451	5	8366123	8366503	11	0
