task_id	chrom	start	end	iteration	h2_incremental
1242	2	196594270	196594529	1	0.329785233386928
1242	2	196594270	196594529	2	0
1242	2	196594270	196594529	3	0
1242	2	196594270	196594529	4	2.60098413760004e-07
1242	2	196594270	196594529	5	0
1242	2	196594270	196594529	6	0
1242	2	196594270	196594529	7	0
1242	2	196594270	196594529	8	0
1242	2	196594270	196594529	9	0
1242	2	196594270	196594529	10	0
1242	2	196594270	196594529	11	0
