task_id	chrom	start	end	iteration	h2_incremental
1197	2	171747601	171747875	1	0.397185199642761
1197	2	171747601	171747875	2	0
1197	2	171747601	171747875	3	1.67883168026878e-06
1197	2	171747601	171747875	4	0
1197	2	171747601	171747875	5	0
1197	2	171747601	171747875	6	0
1197	2	171747601	171747875	7	0
1197	2	171747601	171747875	8	0
1197	2	171747601	171747875	9	0
1197	2	171747601	171747875	10	7.89456086178795e-07
1197	2	171747601	171747875	11	0
