task_id	chrom	start	end	iteration	h2_incremental
3093	5	149141127	149141331	1	0.157814843291083
3093	5	149141127	149141331	2	0.00900618088490079
3093	5	149141127	149141331	3	0.0025944126935362
3093	5	149141127	149141331	4	0.00156608924106293
3093	5	149141127	149141331	5	0
3093	5	149141127	149141331	6	0.00208977661761493
3093	5	149141127	149141331	7	0
3093	5	149141127	149141331	8	0
3093	5	149141127	149141331	9	0
3093	5	149141127	149141331	10	0
3093	5	149141127	149141331	11	0
