task_id	chrom	start	end	iteration	h2_incremental
3752	6	168877884	168878173	1	0.644558847036523
3752	6	168877884	168878173	2	6.37921046250957e-06
3752	6	168877884	168878173	3	1.73487334498004e-07
3752	6	168877884	168878173	4	0
3752	6	168877884	168878173	5	0
3752	6	168877884	168878173	6	0
3752	6	168877884	168878173	7	0
3752	6	168877884	168878173	8	0
3752	6	168877884	168878173	9	0
3752	6	168877884	168878173	10	0
3752	6	168877884	168878173	11	0
