task_id	chrom	start	end	iteration	h2_incremental
179	1	1544257	1544706	1	0.192097165965893
179	1	1544257	1544706	2	0.00104361442256036
179	1	1544257	1544706	3	1.72236845601328e-05
179	1	1544257	1544706	4	0.00343692662247333
179	1	1544257	1544706	5	0.00013958326206842
179	1	1544257	1544706	6	0.00034180725480801
179	1	1544257	1544706	7	8.97400289354472e-05
179	1	1544257	1544706	8	0
179	1	1544257	1544706	9	0
179	1	1544257	1544706	10	0
179	1	1544257	1544706	11	0
