task_id	chrom	start	end	iteration	h2_incremental
664	1	32989184	32990792	1	0.311385705414024
664	1	32989184	32990792	2	0
664	1	32989184	32990792	3	5.08565917376418e-07
664	1	32989184	32990792	4	0.00133903490941176
664	1	32989184	32990792	5	0
664	1	32989184	32990792	6	0
664	1	32989184	32990792	7	0
664	1	32989184	32990792	8	5.97686416774233e-08
664	1	32989184	32990792	9	9.18879933752012e-06
664	1	32989184	32990792	10	0.000179937218300762
664	1	32989184	32990792	11	0
