task_id	chrom	start	end	iteration	h2_incremental
201	1	1575797	1575951	1	0.304388032808919
201	1	1575797	1575951	2	0
201	1	1575797	1575951	3	2.34398076045673e-05
201	1	1575797	1575951	4	0
201	1	1575797	1575951	5	0.00204146382987153
201	1	1575797	1575951	6	0
201	1	1575797	1575951	7	0.000232815789249958
201	1	1575797	1575951	8	0
201	1	1575797	1575951	9	0.000110668144775721
201	1	1575797	1575951	10	0
201	1	1575797	1575951	11	0
201	1	1575797	1575951	12	0
