task_id	chrom	start	end	iteration	h2_incremental
1763	3	101559750	101560397	1	0.306089268648455
1763	3	101559750	101560397	2	6.27114343834937e-05
1763	3	101559750	101560397	3	0
1763	3	101559750	101560397	4	0
1763	3	101559750	101560397	5	0
1763	3	101559750	101560397	6	0
1763	3	101559750	101560397	7	9.00178962181281e-08
1763	3	101559750	101560397	8	3.69613975677932e-07
1763	3	101559750	101560397	9	0
1763	3	101559750	101560397	10	2.46250623981706e-05
1763	3	101559750	101560397	11	0
