task_id	chrom	start	end	iteration	h2_incremental
589	1	28310224	28311361	1	0.375097167462535
589	1	28310224	28311361	2	0.000130896145655952
589	1	28310224	28311361	3	2.71570762123464e-06
589	1	28310224	28311361	4	4.05325202066172e-07
589	1	28310224	28311361	5	0.000318162748068685
589	1	28310224	28311361	6	0
589	1	28310224	28311361	7	0
589	1	28310224	28311361	8	1.93233058028892e-06
589	1	28310224	28311361	9	0
589	1	28310224	28311361	10	0
589	1	28310224	28311361	11	0
