task_id	chrom	start	end	iteration	h2_incremental
251	1	1649696	1650526	1	0.240545360061343
251	1	1649696	1650526	2	7.12204474557558e-05
251	1	1649696	1650526	3	0.000102341008290963
251	1	1649696	1650526	4	0.000223922234176285
251	1	1649696	1650526	5	0.000802269222189528
251	1	1649696	1650526	6	0.000563926659269077
251	1	1649696	1650526	7	4.06592115471238e-05
251	1	1649696	1650526	8	0
251	1	1649696	1650526	9	0
251	1	1649696	1650526	10	2.10526079927009e-06
251	1	1649696	1650526	11	0
