task_id	chrom	start	end	iteration	h2_incremental
2743	4	41258173	41258973	1	0.315475136125334
2743	4	41258173	41258973	2	7.65769540191736e-07
2743	4	41258173	41258973	3	0
2743	4	41258173	41258973	4	4.24364056670899e-06
2743	4	41258173	41258973	5	3.9777760378635e-05
2743	4	41258173	41258973	6	0
2743	4	41258173	41258973	7	3.91911153667729e-06
2743	4	41258173	41258973	8	0
2743	4	41258173	41258973	9	0.000161521395339667
2743	4	41258173	41258973	10	0
2743	4	41258173	41258973	11	2.24026901613674e-06
