task_id	chrom	start	end	iteration	h2_incremental
193	1	15645726	15646601	1	0.537723215213974
193	1	15645726	15646601	2	0
193	1	15645726	15646601	3	1.67801352321527e-05
193	1	15645726	15646601	4	0
193	1	15645726	15646601	5	0
193	1	15645726	15646601	6	6.88405447460138e-08
193	1	15645726	15646601	7	0
193	1	15645726	15646601	8	1.60501941674962e-06
193	1	15645726	15646601	9	1.7094915930239e-07
193	1	15645726	15646601	10	0
193	1	15645726	15646601	11	2.5503056165126e-07
