task_id	chrom	start	end	iteration	h2_incremental
1565	2	37376130	37377365	1	0.138347058659435
1565	2	37376130	37377365	2	0.00166459180989228
1565	2	37376130	37377365	3	0.000307478330157582
1565	2	37376130	37377365	4	0
1565	2	37376130	37377365	5	5.11946064879966e-05
1565	2	37376130	37377365	6	1.83037234977129e-05
1565	2	37376130	37377365	7	1.2426164856807e-05
1565	2	37376130	37377365	8	2.04885638466845e-05
1565	2	37376130	37377365	9	0
1565	2	37376130	37377365	10	0
1565	2	37376130	37377365	11	0
