task_id	chrom	start	end	iteration	h2_incremental
2839	4	7313027	7313990	1	0.443434559291577
2839	4	7313027	7313990	2	0.00608370443095587
2839	4	7313027	7313990	3	0.00168419801545311
2839	4	7313027	7313990	4	4.17342279672862e-05
2839	4	7313027	7313990	5	2.61737845456986e-07
2839	4	7313027	7313990	6	0
2839	4	7313027	7313990	7	0
2839	4	7313027	7313990	8	0
2839	4	7313027	7313990	9	6.95459307308603e-07
2839	4	7313027	7313990	10	1.54672923762906e-06
2839	4	7313027	7313990	11	2.39683477905771e-07
