task_id	chrom	start	end	iteration	h2_incremental
934	1	9695418	9695830	1	0.214498497173779
934	1	9695418	9695830	2	2.30427315580609e-05
934	1	9695418	9695830	3	0
934	1	9695418	9695830	4	7.51835706656072e-07
934	1	9695418	9695830	5	0
934	1	9695418	9695830	6	0
934	1	9695418	9695830	7	0
934	1	9695418	9695830	8	8.23501128455569e-06
934	1	9695418	9695830	9	7.91614039710083e-07
934	1	9695418	9695830	10	1.12309947619285e-05
934	1	9695418	9695830	11	1.16304437061326e-05
