task_id	chrom	start	end	iteration	h2_incremental
4340	7	2058448	2058720	1	0.338230052703759
4340	7	2058448	2058720	2	0.000319828269756571
4340	7	2058448	2058720	3	0
4340	7	2058448	2058720	4	0
4340	7	2058448	2058720	5	2.66005219600728e-05
4340	7	2058448	2058720	6	0
4340	7	2058448	2058720	7	1.90691160782401e-06
4340	7	2058448	2058720	8	5.37623387997197e-06
4340	7	2058448	2058720	9	1.37892489540784e-05
4340	7	2058448	2058720	10	0
4340	7	2058448	2058720	11	6.29761433581323e-08
