task_id	chrom	start	end	iteration	h2_incremental
2862	4	78222801	78223218	1	0.10746307248
2862	4	78222801	78223218	2	2.61144007603857e-06
2862	4	78222801	78223218	3	0
2862	4	78222801	78223218	4	0
2862	4	78222801	78223218	5	0.00385201311513571
2862	4	78222801	78223218	6	0
2862	4	78222801	78223218	7	0
2862	4	78222801	78223218	8	9.49303528134031e-06
2862	4	78222801	78223218	9	0
2862	4	78222801	78223218	10	0
2862	4	78222801	78223218	11	0
