task_id	chrom	start	end	iteration	h2_incremental
2313	3	66387032	66387504	1	0.211065513382537
2313	3	66387032	66387504	2	0.0394331022690849
2313	3	66387032	66387504	3	0.00299829360745573
2313	3	66387032	66387504	4	4.14580867079304e-07
2313	3	66387032	66387504	5	3.16432146860794e-07
2313	3	66387032	66387504	6	0
2313	3	66387032	66387504	7	4.10548564808526e-07
2313	3	66387032	66387504	8	0
2313	3	66387032	66387504	9	0
2313	3	66387032	66387504	10	0
2313	3	66387032	66387504	11	0
