task_id	chrom	start	end	iteration	h2_incremental
3107	5	151238987	151240098	1	0.872165770733275
3107	5	151238987	151240098	2	0
3107	5	151238987	151240098	3	0
3107	5	151238987	151240098	4	0
3107	5	151238987	151240098	5	1.30422830137894e-06
3107	5	151238987	151240098	6	0
3107	5	151238987	151240098	7	6.38659667293435e-07
3107	5	151238987	151240098	8	2.21245249440598e-06
3107	5	151238987	151240098	9	0
3107	5	151238987	151240098	10	0
3107	5	151238987	151240098	11	0
