task_id	chrom	start	end	iteration	h2_incremental
1046	2	120912727	120912979	1	0.234478726160158
1046	2	120912727	120912979	2	0.00540515189400519
1046	2	120912727	120912979	3	0.0010421060687263
1046	2	120912727	120912979	4	0
1046	2	120912727	120912979	5	7.34916087926996e-05
1046	2	120912727	120912979	6	0.00291928725611935
1046	2	120912727	120912979	7	0
1046	2	120912727	120912979	8	0
1046	2	120912727	120912979	9	2.41439691013857e-07
1046	2	120912727	120912979	10	0
1046	2	120912727	120912979	11	0
