task_id	chrom	start	end	iteration	h2_incremental
1568	2	37669800	37670579	1	0.455054903251868
1568	2	37669800	37670579	2	0
1568	2	37669800	37670579	3	1.29380940910483e-06
1568	2	37669800	37670579	4	0
1568	2	37669800	37670579	5	9.61844691728236e-06
1568	2	37669800	37670579	6	0
1568	2	37669800	37670579	7	0
1568	2	37669800	37670579	8	0
1568	2	37669800	37670579	9	0
1568	2	37669800	37670579	10	1.46414308937277e-06
1568	2	37669800	37670579	11	0
