task_id	chrom	start	end	iteration	h2_incremental
415	1	23007826	23008085	1	0.462915099628978
415	1	23007826	23008085	2	1.84845275197484e-05
415	1	23007826	23008085	3	0
415	1	23007826	23008085	4	4.7346860401286e-07
415	1	23007826	23008085	5	3.45935331520422e-06
415	1	23007826	23008085	6	0
415	1	23007826	23008085	7	0
415	1	23007826	23008085	8	0
415	1	23007826	23008085	9	5.84905735445649e-07
415	1	23007826	23008085	10	0
415	1	23007826	23008085	11	0
