task_id	chrom	start	end	iteration	h2_incremental
1920	3	13793090	13793680	1	0.236980565973992
1920	3	13793090	13793680	2	0.00244016491413069
1920	3	13793090	13793680	3	1.62415280583541e-05
1920	3	13793090	13793680	4	0.000600832739591767
1920	3	13793090	13793680	5	0
1920	3	13793090	13793680	6	0.00217272633246568
1920	3	13793090	13793680	7	0
1920	3	13793090	13793680	8	0
1920	3	13793090	13793680	9	0
1920	3	13793090	13793680	10	0
1920	3	13793090	13793680	11	0
