task_id	chrom	start	end	iteration	h2_incremental
4432	7	3592416	3593025	1	0.332248263644638
4432	7	3592416	3593025	2	2.23661960673985e-07
4432	7	3592416	3593025	3	2.26866073549857e-06
4432	7	3592416	3593025	4	1.35430032852984e-06
4432	7	3592416	3593025	5	3.73432822726503e-06
4432	7	3592416	3593025	6	1.10547819218043e-07
4432	7	3592416	3593025	7	3.46308119273398e-07
4432	7	3592416	3593025	8	0
4432	7	3592416	3593025	9	2.25245959385025e-05
4432	7	3592416	3593025	10	0
4432	7	3592416	3593025	11	0
