task_id	chrom	start	end	iteration	h2_incremental
2328	3	69370167	69371004	1	0.0818550089748586
2328	3	69370167	69371004	2	0.000189914350581302
2328	3	69370167	69371004	3	0.000164527344033411
2328	3	69370167	69371004	4	0.013268127549765
2328	3	69370167	69371004	5	0.00604863334114748
2328	3	69370167	69371004	6	0
2328	3	69370167	69371004	7	0
2328	3	69370167	69371004	8	0
2328	3	69370167	69371004	9	0
2328	3	69370167	69371004	10	7.57398078325475e-06
2328	3	69370167	69371004	11	0
