task_id	chrom	start	end	iteration	h2_incremental
207	1	15813830	15815282	1	0.5042911445221
207	1	15813830	15815282	2	7.99240216113626e-08
207	1	15813830	15815282	3	0
207	1	15813830	15815282	4	0
207	1	15813830	15815282	5	0
207	1	15813830	15815282	6	0
207	1	15813830	15815282	7	0
207	1	15813830	15815282	8	0
207	1	15813830	15815282	9	7.82532355478979e-08
207	1	15813830	15815282	10	0
207	1	15813830	15815282	11	0
