task_id	chrom	start	end	iteration	h2_incremental
2934	5	10138566	10138833	1	0.430251287278768
2934	5	10138566	10138833	2	0
2934	5	10138566	10138833	3	0
2934	5	10138566	10138833	4	6.33447785715614e-05
2934	5	10138566	10138833	5	0
2934	5	10138566	10138833	6	8.18491166864887e-06
2934	5	10138566	10138833	7	0
2934	5	10138566	10138833	8	0
2934	5	10138566	10138833	9	0
2934	5	10138566	10138833	10	0
2934	5	10138566	10138833	11	1.01959154340539e-06
