task_id	chrom	start	end	iteration	h2_incremental
2625	4	184432230	184432757	1	0.0742806301439566
2625	4	184432230	184432757	2	0.075770996136882
2625	4	184432230	184432757	3	3.07121518213081e-05
2625	4	184432230	184432757	4	0
2625	4	184432230	184432757	5	0.00531964606878895
2625	4	184432230	184432757	6	0
2625	4	184432230	184432757	7	0
2625	4	184432230	184432757	8	0
2625	4	184432230	184432757	9	9.78460138689197e-08
2625	4	184432230	184432757	10	0
2625	4	184432230	184432757	11	0
