task_id	chrom	start	end	iteration	h2_incremental
72	1	11951685	11951981	1	0.139498596883383
72	1	11951685	11951981	2	0.00191265714435516
72	1	11951685	11951981	3	0.0141461240601109
72	1	11951685	11951981	4	4.13654991868761e-05
72	1	11951685	11951981	5	0.00710024302813497
72	1	11951685	11951981	6	0
72	1	11951685	11951981	7	0.00017089485244911
72	1	11951685	11951981	8	1.45590976832092e-05
72	1	11951685	11951981	9	0
72	1	11951685	11951981	10	0
72	1	11951685	11951981	11	0
