task_id	chrom	start	end	iteration	h2_incremental
2180	3	33114846	33115004	1	0.375702171763996
2180	3	33114846	33115004	2	0.000960308639369745
2180	3	33114846	33115004	3	1.2055854165955e-07
2180	3	33114846	33115004	4	0.000931665253274992
2180	3	33114846	33115004	5	0
2180	3	33114846	33115004	6	0
2180	3	33114846	33115004	7	5.48759218502782e-08
2180	3	33114846	33115004	8	3.22775633353728e-06
2180	3	33114846	33115004	9	0
2180	3	33114846	33115004	10	3.75870986613896e-05
2180	3	33114846	33115004	11	0
