task_id	chrom	start	end	iteration	h2_incremental
3491	5	95823286	95823910	1	0.274188618948522
3491	5	95823286	95823910	2	0
3491	5	95823286	95823910	3	0.00071600648632938
3491	5	95823286	95823910	4	2.2163844933008e-05
3491	5	95823286	95823910	5	0
3491	5	95823286	95823910	6	0
3491	5	95823286	95823910	7	0.000538775747547501
3491	5	95823286	95823910	8	0
3491	5	95823286	95823910	9	7.1383247688424e-06
3491	5	95823286	95823910	10	0
3491	5	95823286	95823910	11	0
3491	5	95823286	95823910	12	0
