task_id	chrom	start	end	iteration	h2_incremental
1174	2	163943505	163944071	1	0.24682460682682
1174	2	163943505	163944071	2	0.00214046354990016
1174	2	163943505	163944071	3	0
1174	2	163943505	163944071	4	1.83063253797492e-06
1174	2	163943505	163944071	5	0
1174	2	163943505	163944071	6	0
1174	2	163943505	163944071	7	0
1174	2	163943505	163944071	8	2.71189986390896e-06
1174	2	163943505	163944071	9	0
1174	2	163943505	163944071	10	0
1174	2	163943505	163944071	11	0
