task_id	chrom	start	end	iteration	h2_incremental
790	1	54308517	54308686	1	0.407089286846564
790	1	54308517	54308686	2	9.15929075414079e-05
790	1	54308517	54308686	3	1.84789441921112e-06
790	1	54308517	54308686	4	7.70297734576273e-05
790	1	54308517	54308686	5	0.000175249936359332
790	1	54308517	54308686	6	0
790	1	54308517	54308686	7	0
790	1	54308517	54308686	8	3.4228700540993e-06
790	1	54308517	54308686	9	0
790	1	54308517	54308686	10	0
790	1	54308517	54308686	11	8.4248720829777e-05
