task_id	chrom	start	end	iteration	h2_incremental
1735	2	96071612	96072417	1	0.166474114406446
1735	2	96071612	96072417	2	0.00235280865165544
1735	2	96071612	96072417	3	0.000858578675897308
1735	2	96071612	96072417	4	0.000434509360884357
1735	2	96071612	96072417	5	0.000348877556310117
1735	2	96071612	96072417	6	0
1735	2	96071612	96072417	7	6.13400142564403e-05
1735	2	96071612	96072417	8	0
1735	2	96071612	96072417	9	0
1735	2	96071612	96072417	10	0
1735	2	96071612	96072417	11	0
