task_id	chrom	start	end	iteration	h2_incremental
3372	5	6011864	6012664	1	0.652984954280253
3372	5	6011864	6012664	2	0.00118321338124039
3372	5	6011864	6012664	3	0.00297708633879862
3372	5	6011864	6012664	4	0.000196959642373939
3372	5	6011864	6012664	5	2.6227244759389e-05
3372	5	6011864	6012664	6	0
3372	5	6011864	6012664	7	0
3372	5	6011864	6012664	8	2.72194420670272e-06
3372	5	6011864	6012664	9	0.0001156828869549
3372	5	6011864	6012664	10	0
3372	5	6011864	6012664	11	7.4749311181148e-06
