task_id	chrom	start	end	iteration	h2_incremental
774	1	51233002	51233644	1	0.0869817392476461
774	1	51233002	51233644	2	0
774	1	51233002	51233644	3	0.00159697430595428
774	1	51233002	51233644	4	2.21246727060744e-05
774	1	51233002	51233644	5	8.05863813171444e-05
774	1	51233002	51233644	6	8.71319684267431e-08
774	1	51233002	51233644	7	0
774	1	51233002	51233644	8	0
774	1	51233002	51233644	9	0
774	1	51233002	51233644	10	0
774	1	51233002	51233644	11	0
