task_id	chrom	start	end	iteration	h2_incremental
138	1	147190749	147192688	1	0.148343619529148
138	1	147190749	147192688	2	0.00423216690194744
138	1	147190749	147192688	3	0
138	1	147190749	147192688	4	3.26589086770647e-07
138	1	147190749	147192688	5	0
138	1	147190749	147192688	6	2.84524459168798e-05
138	1	147190749	147192688	7	1.7011937421398e-05
138	1	147190749	147192688	8	0
138	1	147190749	147192688	9	0
138	1	147190749	147192688	10	1.54311574737672e-05
138	1	147190749	147192688	11	0
