task_id	chrom	start	end	iteration	h2_incremental
687	1	35979090	35979323	1	0.15056198004105
687	1	35979090	35979323	2	0
687	1	35979090	35979323	3	0.00108398901046995
687	1	35979090	35979323	4	0
687	1	35979090	35979323	5	0
687	1	35979090	35979323	6	0
687	1	35979090	35979323	7	0
687	1	35979090	35979323	8	0
687	1	35979090	35979323	9	0
687	1	35979090	35979323	10	0
687	1	35979090	35979323	11	0
