task_id	chrom	start	end	iteration	h2_incremental
2371	3	75785082	75786017	1	0.179340707596128
2371	3	75785082	75786017	2	9.2263874208128e-05
2371	3	75785082	75786017	3	0
2371	3	75785082	75786017	4	0
2371	3	75785082	75786017	5	0.000331402488706693
2371	3	75785082	75786017	6	7.84975819760651e-08
2371	3	75785082	75786017	7	6.67923924271986e-05
2371	3	75785082	75786017	8	0
2371	3	75785082	75786017	9	8.05700690896169e-08
2371	3	75785082	75786017	10	8.33080876200822e-06
2371	3	75785082	75786017	11	0
