task_id	chrom	start	end	iteration	h2_incremental
3978	6	36940100	36940312	1	0.538630748392487
3978	6	36940100	36940312	2	6.65377972064917e-05
3978	6	36940100	36940312	3	1.16817412483906e-05
3978	6	36940100	36940312	4	1.12309936863208e-05
3978	6	36940100	36940312	5	0
3978	6	36940100	36940312	6	0
3978	6	36940100	36940312	7	0
3978	6	36940100	36940312	8	0
3978	6	36940100	36940312	9	1.93265017251085e-05
3978	6	36940100	36940312	10	0
3978	6	36940100	36940312	11	8.65975045501112e-07
