task_id	chrom	start	end	iteration	h2_incremental
3341	5	43557660	43557979	1	0.0217424901054994
3341	5	43557660	43557979	2	0
3341	5	43557660	43557979	3	0.000129136668265187
3341	5	43557660	43557979	4	0.00457243950978191
3341	5	43557660	43557979	5	0.00181713582997113
3341	5	43557660	43557979	6	0
3341	5	43557660	43557979	7	0.011160160780718
3341	5	43557660	43557979	8	0
3341	5	43557660	43557979	9	0
3341	5	43557660	43557979	10	0
3341	5	43557660	43557979	11	0
3341	5	43557660	43557979	12	0
