task_id	chrom	start	end	iteration	h2_incremental
559	1	27443250	27444147	1	0.0520491750370339
559	1	27443250	27444147	2	0.0356252047696988
559	1	27443250	27444147	3	0
559	1	27443250	27444147	4	0
559	1	27443250	27444147	5	0
559	1	27443250	27444147	6	0
559	1	27443250	27444147	7	0
559	1	27443250	27444147	8	0
559	1	27443250	27444147	9	1.51012049339519e-05
559	1	27443250	27444147	10	3.77999078721631e-06
559	1	27443250	27444147	11	0
