task_id	chrom	start	end	iteration	h2_incremental
3591	6	1424353	1425075	1	0.46152356506735
3591	6	1424353	1425075	2	8.10052662408014e-06
3591	6	1424353	1425075	3	1.49159418272511e-06
3591	6	1424353	1425075	4	0
3591	6	1424353	1425075	5	0
3591	6	1424353	1425075	6	0
3591	6	1424353	1425075	7	2.24136005171299e-07
3591	6	1424353	1425075	8	0
3591	6	1424353	1425075	9	0
3591	6	1424353	1425075	10	2.06790194671019e-06
3591	6	1424353	1425075	11	6.52655369421579e-08
