task_id	chrom	start	end	iteration	h2_incremental
685	1	35794593	35795269	1	0.0916201817706959
685	1	35794593	35795269	2	0.000793325414236788
685	1	35794593	35795269	3	0
685	1	35794593	35795269	4	0
685	1	35794593	35795269	5	0.000348778363622637
685	1	35794593	35795269	6	0
685	1	35794593	35795269	7	2.82577574627101e-05
685	1	35794593	35795269	8	0
685	1	35794593	35795269	9	0
685	1	35794593	35795269	10	0
685	1	35794593	35795269	11	0
