task_id	chrom	start	end	iteration	h2_incremental
3964	6	34398613	34398727	1	0.187191768137264
3964	6	34398613	34398727	2	0.0265118833856713
3964	6	34398613	34398727	3	0.00373247875444136
3964	6	34398613	34398727	4	0
3964	6	34398613	34398727	5	1.48812257308021e-07
3964	6	34398613	34398727	6	0
3964	6	34398613	34398727	7	0
3964	6	34398613	34398727	8	0
3964	6	34398613	34398727	9	0
3964	6	34398613	34398727	10	0
3964	6	34398613	34398727	11	0
