task_id	chrom	start	end	iteration	h2_incremental
841	1	6769739	6770355	1	0.0707385123738668
841	1	6769739	6770355	2	0.00241621203596018
841	1	6769739	6770355	3	0.00625944838917822
841	1	6769739	6770355	4	1.54833949359044e-06
841	1	6769739	6770355	5	5.64891438625556e-06
841	1	6769739	6770355	6	0
841	1	6769739	6770355	7	1.89383346207826e-05
841	1	6769739	6770355	8	0
841	1	6769739	6770355	9	4.95925172938035e-06
841	1	6769739	6770355	10	5.26354207319394e-05
841	1	6769739	6770355	11	0
