task_id	chrom	start	end	iteration	h2_incremental
942	1	9832038	9832934	1	0.127460146218342
942	1	9832038	9832934	2	0.00759396592363463
942	1	9832038	9832934	3	0
942	1	9832038	9832934	4	0.000140446524355241
942	1	9832038	9832934	5	0.00570293941736054
942	1	9832038	9832934	6	0
942	1	9832038	9832934	7	0.00260147847005439
942	1	9832038	9832934	8	0
942	1	9832038	9832934	9	3.98373938745575e-05
942	1	9832038	9832934	10	7.29989846755573e-05
942	1	9832038	9832934	11	0
942	1	9832038	9832934	12	0
