task_id	chrom	start	end	iteration	h2_incremental
2198	3	40078836	40079600	1	0.117092552834528
2198	3	40078836	40079600	2	0.00169427501144624
2198	3	40078836	40079600	3	1.62953169974348e-05
2198	3	40078836	40079600	4	0.00383409006703898
2198	3	40078836	40079600	5	0
2198	3	40078836	40079600	6	0.00956780567765371
2198	3	40078836	40079600	7	0
2198	3	40078836	40079600	8	0
2198	3	40078836	40079600	9	0
2198	3	40078836	40079600	10	0
2198	3	40078836	40079600	11	0
