task_id	chrom	start	end	iteration	h2_incremental
4452	7	3909749	3910646	1	0.00114217069463824
4452	7	3909749	3910646	2	0.174830463640093
4452	7	3909749	3910646	3	0.00189238081006334
4452	7	3909749	3910646	4	0.000207330710161223
4452	7	3909749	3910646	5	0
4452	7	3909749	3910646	6	0
4452	7	3909749	3910646	7	9.14414626315124e-06
4452	7	3909749	3910646	8	1.67125865773392e-05
4452	7	3909749	3910646	9	0
4452	7	3909749	3910646	10	0
4452	7	3909749	3910646	11	0
