task_id	chrom	start	end	iteration	h2_incremental
3948	6	32728892	32731489	1	0.834618175747965
3948	6	32728892	32731489	2	0
3948	6	32728892	32731489	3	0.000230654220274036
3948	6	32728892	32731489	4	3.21552680779212e-08
3948	6	32728892	32731489	5	0
3948	6	32728892	32731489	6	1.55856354083833e-06
3948	6	32728892	32731489	7	0
3948	6	32728892	32731489	8	7.5600228611643e-06
3948	6	32728892	32731489	9	0
3948	6	32728892	32731489	10	1.64853845755813e-07
3948	6	32728892	32731489	11	0
