task_id	chrom	start	end	iteration	h2_incremental
76	1	12094915	12096021	1	0.136176074226635
76	1	12094915	12096021	2	0.000391375707693841
76	1	12094915	12096021	3	0.0155423609751485
76	1	12094915	12096021	4	0.0049862377062994
76	1	12094915	12096021	5	0.00118207535189294
76	1	12094915	12096021	6	0.00199552548012294
76	1	12094915	12096021	7	4.71962140479086e-06
76	1	12094915	12096021	8	0
76	1	12094915	12096021	9	2.72871181359097e-05
76	1	12094915	12096021	10	0
76	1	12094915	12096021	11	0
