task_id	chrom	start	end	iteration	h2_incremental
1559	2	3656773	3657681	1	0.634506901876131
1559	2	3656773	3657681	2	0.000164878098085655
1559	2	3656773	3657681	3	0
1559	2	3656773	3657681	4	0
1559	2	3656773	3657681	5	0
1559	2	3656773	3657681	6	0
1559	2	3656773	3657681	7	0
1559	2	3656773	3657681	8	0
1559	2	3656773	3657681	9	0
1559	2	3656773	3657681	10	0
1559	2	3656773	3657681	11	0
