task_id	chrom	start	end	iteration	h2_incremental
1230	2	186897684	186902739	1	0.89135635083237
1230	2	186897684	186902739	2	0
1230	2	186897684	186902739	3	0
1230	2	186897684	186902739	4	9.1247854934937e-05
1230	2	186897684	186902739	5	2.61539843434422e-06
1230	2	186897684	186902739	6	2.8541870405763e-06
1230	2	186897684	186902739	7	0
1230	2	186897684	186902739	8	0
1230	2	186897684	186902739	9	0
1230	2	186897684	186902739	10	0
1230	2	186897684	186902739	11	0
