task_id	chrom	start	end	iteration	h2_incremental
1631	2	6081148	6082585	1	0.595976395843687
1631	2	6081148	6082585	2	7.35733931844909e-08
1631	2	6081148	6082585	3	2.13371928305856e-05
1631	2	6081148	6082585	4	1.93272447521485e-07
1631	2	6081148	6082585	5	1.67315318361355e-06
1631	2	6081148	6082585	6	0.00164199829546016
1631	2	6081148	6082585	7	0
1631	2	6081148	6082585	8	0
1631	2	6081148	6082585	9	0
1631	2	6081148	6082585	10	5.31701035342233e-07
1631	2	6081148	6082585	11	0
