task_id	chrom	start	end	iteration	h2_incremental
1743	2	96806309	96806552	1	0.536927258952265
1743	2	96806309	96806552	2	7.52487225468466e-06
1743	2	96806309	96806552	3	0
1743	2	96806309	96806552	4	4.6929061652494e-05
1743	2	96806309	96806552	5	0
1743	2	96806309	96806552	6	0.000147637770572314
1743	2	96806309	96806552	7	1.82855874173255e-05
1743	2	96806309	96806552	8	0
1743	2	96806309	96806552	9	5.2991734458563e-05
1743	2	96806309	96806552	10	0
1743	2	96806309	96806552	11	0
