task_id	chrom	start	end	iteration	h2_incremental
225	1	16136294	16137027	1	0.302125411208676
225	1	16136294	16137027	2	1.20723568544427e-05
225	1	16136294	16137027	3	0.00240863092659228
225	1	16136294	16137027	4	0.000121381599677942
225	1	16136294	16137027	5	0
225	1	16136294	16137027	6	3.20586521732162e-07
225	1	16136294	16137027	7	0
225	1	16136294	16137027	8	2.14357222022726e-07
225	1	16136294	16137027	9	3.94842141264341e-07
225	1	16136294	16137027	10	0
225	1	16136294	16137027	11	0
