task_id	chrom	start	end	iteration	h2_incremental
3415	5	74638080	74639300	1	0.526462582884736
3415	5	74638080	74639300	2	1.8880203985818e-07
3415	5	74638080	74639300	3	3.89042540552971e-05
3415	5	74638080	74639300	4	0.00134181954130851
3415	5	74638080	74639300	5	0
3415	5	74638080	74639300	6	0
3415	5	74638080	74639300	7	6.2482266099308e-05
3415	5	74638080	74639300	8	0
3415	5	74638080	74639300	9	0
3415	5	74638080	74639300	10	0
3415	5	74638080	74639300	11	0
