task_id	chrom	start	end	iteration	h2_incremental
3607	6	149431600	149432204	1	0.46861097286138
3607	6	149431600	149432204	2	0
3607	6	149431600	149432204	3	0
3607	6	149431600	149432204	4	0.000329964578583189
3607	6	149431600	149432204	5	0
3607	6	149431600	149432204	6	0
3607	6	149431600	149432204	7	0.000125655174857041
3607	6	149431600	149432204	8	0
3607	6	149431600	149432204	9	0
3607	6	149431600	149432204	10	0
3607	6	149431600	149432204	11	9.86875464397482e-06
