task_id	chrom	start	end	iteration	h2_incremental
3779	6	18122020	18122126	1	0.322031371210755
3779	6	18122020	18122126	2	0.00171237825008171
3779	6	18122020	18122126	3	0.000191080929130825
3779	6	18122020	18122126	4	1.44848544468333e-05
3779	6	18122020	18122126	5	0.00163227002132756
3779	6	18122020	18122126	6	1.25078828353548e-05
3779	6	18122020	18122126	7	2.47712999695467e-05
3779	6	18122020	18122126	8	0
3779	6	18122020	18122126	9	0
3779	6	18122020	18122126	10	0
3779	6	18122020	18122126	11	0
