task_id	chrom	start	end	iteration	h2_incremental
14	1	1015951	1016151	1	0.0397867346668387
14	1	1015951	1016151	2	0.0117182910471598
14	1	1015951	1016151	3	0.000119026475541674
14	1	1015951	1016151	4	0.00215415453643967
14	1	1015951	1016151	5	0
14	1	1015951	1016151	6	0.00254812075626373
14	1	1015951	1016151	7	8.76922282235667e-08
14	1	1015951	1016151	8	0
14	1	1015951	1016151	9	0
14	1	1015951	1016151	10	0
14	1	1015951	1016151	11	1.03251070710793e-07
