task_id	chrom	start	end	iteration	h2_incremental
2830	4	70994698	70994887	1	0.0899433378399227
2830	4	70994698	70994887	2	0.0140739717911201
2830	4	70994698	70994887	3	9.84514255251542e-05
2830	4	70994698	70994887	4	0
2830	4	70994698	70994887	5	8.28622746137728e-06
2830	4	70994698	70994887	6	0
2830	4	70994698	70994887	7	9.79683714161326e-06
2830	4	70994698	70994887	8	6.07792842372956e-08
2830	4	70994698	70994887	9	0
2830	4	70994698	70994887	10	0
2830	4	70994698	70994887	11	0
