task_id	chrom	start	end	iteration	h2_incremental
1967	3	15377566	15378162	1	0.165212317535505
1967	3	15377566	15378162	2	0.00184992499102753
1967	3	15377566	15378162	3	0.00132710622117111
1967	3	15377566	15378162	4	2.03415252129592e-06
1967	3	15377566	15378162	5	0.000415630247989213
1967	3	15377566	15378162	6	0
1967	3	15377566	15378162	7	5.45081423051883e-06
1967	3	15377566	15378162	8	0.000121711590808687
1967	3	15377566	15378162	9	0
1967	3	15377566	15378162	10	0
1967	3	15377566	15378162	11	0
