task_id	chrom	start	end	iteration	h2_incremental
3135	5	160436575	160437129	1	0.211090670900166
3135	5	160436575	160437129	2	0.00319435423482058
3135	5	160436575	160437129	3	0.000847746281179214
3135	5	160436575	160437129	4	0
3135	5	160436575	160437129	5	0
3135	5	160436575	160437129	6	0
3135	5	160436575	160437129	7	0
3135	5	160436575	160437129	8	5.74354144278634e-06
3135	5	160436575	160437129	9	0
3135	5	160436575	160437129	10	0
3135	5	160436575	160437129	11	0
