task_id	chrom	start	end	iteration	h2_incremental
405	1	227919434	227919832	1	0.159075978502443
405	1	227919434	227919832	2	0
405	1	227919434	227919832	3	0.00121577418672135
405	1	227919434	227919832	4	3.33562326465731e-06
405	1	227919434	227919832	5	0.00019391381358883
405	1	227919434	227919832	6	0.000120478558870839
405	1	227919434	227919832	7	0
405	1	227919434	227919832	8	3.7413152358435e-06
405	1	227919434	227919832	9	0
405	1	227919434	227919832	10	0
405	1	227919434	227919832	11	0
