task_id	chrom	start	end	iteration	h2_incremental
107	1	13698991	13699224	1	0.323448174309521
107	1	13698991	13699224	2	0.000922190153199097
107	1	13698991	13699224	3	2.93453286741842e-06
107	1	13698991	13699224	4	2.89305012282963e-07
107	1	13698991	13699224	5	0
107	1	13698991	13699224	6	0
107	1	13698991	13699224	7	0
107	1	13698991	13699224	8	0
107	1	13698991	13699224	9	0
107	1	13698991	13699224	10	0
107	1	13698991	13699224	11	0
