task_id	chrom	start	end	iteration	h2_incremental
820	1	65034141	65034928	1	0.410495489957985
820	1	65034141	65034928	2	0.00105977040521617
820	1	65034141	65034928	3	2.6421981805923e-05
820	1	65034141	65034928	4	2.45753873832133e-06
820	1	65034141	65034928	5	5.77014902911957e-06
820	1	65034141	65034928	6	9.44551548231306e-06
820	1	65034141	65034928	7	0
820	1	65034141	65034928	8	6.00119481994703e-06
820	1	65034141	65034928	9	0
820	1	65034141	65034928	10	0
820	1	65034141	65034928	11	0
