task_id	chrom	start	end	iteration	h2_incremental
2035	3	182508715	182510251	1	0.205238156524897
2035	3	182508715	182510251	2	0.000100729676513393
2035	3	182508715	182510251	3	4.53968079911125e-06
2035	3	182508715	182510251	4	4.01474895356275e-05
2035	3	182508715	182510251	5	4.30699220845139e-06
2035	3	182508715	182510251	6	0.000363357003421023
2035	3	182508715	182510251	7	0.00390724204214655
2035	3	182508715	182510251	8	0
2035	3	182508715	182510251	9	0
2035	3	182508715	182510251	10	0
2035	3	182508715	182510251	11	0
2035	3	182508715	182510251	12	0
