task_id	chrom	start	end	iteration	h2_incremental
761	1	47361892	47362715	1	0.366583215347189
761	1	47361892	47362715	2	2.75865621972328e-05
761	1	47361892	47362715	3	0
761	1	47361892	47362715	4	0.0002074343212199
761	1	47361892	47362715	5	0
761	1	47361892	47362715	6	0
761	1	47361892	47362715	7	0
761	1	47361892	47362715	8	0
761	1	47361892	47362715	9	0
761	1	47361892	47362715	10	3.09212601136167e-07
761	1	47361892	47362715	11	0
