task_id	chrom	start	end	iteration	h2_incremental
513	1	25965343	25966161	1	0.263769152706855
513	1	25965343	25966161	2	0.000594154178742904
513	1	25965343	25966161	3	0.000885128294862933
513	1	25965343	25966161	4	0
513	1	25965343	25966161	5	0
513	1	25965343	25966161	6	0
513	1	25965343	25966161	7	0
513	1	25965343	25966161	8	0
513	1	25965343	25966161	9	6.75040696577957e-07
513	1	25965343	25966161	10	0
513	1	25965343	25966161	11	0
