task_id	chrom	start	end	iteration	h2_incremental
750	1	45480785	45481181	1	0.0208392096693211
750	1	45480785	45481181	2	0.010404290174211
750	1	45480785	45481181	3	0
750	1	45480785	45481181	4	0
750	1	45480785	45481181	5	0.000190088046254374
750	1	45480785	45481181	6	3.46899881807279e-06
750	1	45480785	45481181	7	0.00374810943348041
750	1	45480785	45481181	8	0
750	1	45480785	45481181	9	0.000157326512380762
750	1	45480785	45481181	10	0
750	1	45480785	45481181	11	0
750	1	45480785	45481181	12	0
