task_id	chrom	start	end	iteration	h2_incremental
3947	6	32725155	32727681	1	0.829610797279939
3947	6	32725155	32727681	2	0
3947	6	32725155	32727681	3	8.55973817486344e-06
3947	6	32725155	32727681	4	0
3947	6	32725155	32727681	5	8.36976661957119e-07
3947	6	32725155	32727681	6	6.86233883965479e-08
3947	6	32725155	32727681	7	0
3947	6	32725155	32727681	8	0
3947	6	32725155	32727681	9	0
3947	6	32725155	32727681	10	0
3947	6	32725155	32727681	11	1.07345234386386e-06
