task_id	chrom	start	end	iteration	h2_incremental
606	1	28674551	28675207	1	0.11642903836467
606	1	28674551	28675207	2	0.00407825875395309
606	1	28674551	28675207	3	1.10516750681902e-05
606	1	28674551	28675207	4	0.00804334960350117
606	1	28674551	28675207	5	0.00972946262585848
606	1	28674551	28675207	6	0
606	1	28674551	28675207	7	0
606	1	28674551	28675207	8	0
606	1	28674551	28675207	9	0
606	1	28674551	28675207	10	5.87782879660956e-06
606	1	28674551	28675207	11	1.63974068122073e-05
