task_id	chrom	start	end	iteration	h2_incremental
86	1	12351376	12352277	1	0.452975889334847
86	1	12351376	12352277	2	0.00386043939509761
86	1	12351376	12352277	3	1.45436225186962e-06
86	1	12351376	12352277	4	0.00113636087640141
86	1	12351376	12352277	5	0
86	1	12351376	12352277	6	0.000436807134526994
86	1	12351376	12352277	7	0
86	1	12351376	12352277	8	0.000217457578719459
86	1	12351376	12352277	9	0
86	1	12351376	12352277	10	7.36424342000699e-07
86	1	12351376	12352277	11	0
