task_id	chrom	start	end	iteration	h2_incremental
2055	3	184492540	184492802	1	0.0636752992407423
2055	3	184492540	184492802	2	0.071402063028189
2055	3	184492540	184492802	3	0.00614234770348666
2055	3	184492540	184492802	4	0.00177365797705737
2055	3	184492540	184492802	5	0
2055	3	184492540	184492802	6	0.00378436302595625
2055	3	184492540	184492802	7	0
2055	3	184492540	184492802	8	7.4907777761521e-06
2055	3	184492540	184492802	9	0
2055	3	184492540	184492802	10	0
2055	3	184492540	184492802	11	0
