task_id	chrom	start	end	iteration	h2_incremental
3396	5	669509	670469	1	0.156039494931502
3396	5	669509	670469	2	0.00954786740106266
3396	5	669509	670469	3	0.000439998630341639
3396	5	669509	670469	4	0.0264849756621213
3396	5	669509	670469	5	3.70086796109316e-06
3396	5	669509	670469	6	5.5807451636157e-07
3396	5	669509	670469	7	6.72065702021649e-06
3396	5	669509	670469	8	0
3396	5	669509	670469	9	0
3396	5	669509	670469	10	5.37714909093466e-05
3396	5	669509	670469	11	1.69080709236312e-05
