task_id	chrom	start	end	iteration	h2_incremental
1765	3	10165525	10165685	1	0.364055698180305
1765	3	10165525	10165685	2	5.47119757658658e-05
1765	3	10165525	10165685	3	0
1765	3	10165525	10165685	4	0
1765	3	10165525	10165685	5	9.04176758915499e-06
1765	3	10165525	10165685	6	0
1765	3	10165525	10165685	7	0
1765	3	10165525	10165685	8	0
1765	3	10165525	10165685	9	0
1765	3	10165525	10165685	10	0
1765	3	10165525	10165685	11	0
