task_id	chrom	start	end	iteration	h2_incremental
2165	3	25429438	25429824	1	0.297957007226925
2165	3	25429438	25429824	2	0.00508754047556644
2165	3	25429438	25429824	3	0.000120108850805586
2165	3	25429438	25429824	4	0
2165	3	25429438	25429824	5	0.000125037858778168
2165	3	25429438	25429824	6	0.00278382796964921
2165	3	25429438	25429824	7	0
2165	3	25429438	25429824	8	6.20934811296603e-07
2165	3	25429438	25429824	9	1.60075834420403e-05
2165	3	25429438	25429824	10	0
2165	3	25429438	25429824	11	0
