task_id	chrom	start	end	iteration	h2_incremental
782	1	52442966	52443721	1	0.230563563414835
782	1	52442966	52443721	2	0.00218557825486672
782	1	52442966	52443721	3	2.56704672081547e-05
782	1	52442966	52443721	4	0.0001429876652455
782	1	52442966	52443721	5	5.53077234022451e-06
782	1	52442966	52443721	6	0.00152692411088429
782	1	52442966	52443721	7	0
782	1	52442966	52443721	8	0
782	1	52442966	52443721	9	0
782	1	52442966	52443721	10	4.23658090113325e-07
782	1	52442966	52443721	11	0
