task_id	chrom	start	end	iteration	h2_incremental
1538	2	29113990	29114733	1	0.20175410672778
1538	2	29113990	29114733	2	0.0200845114224616
1538	2	29113990	29114733	3	0.00607971289214405
1538	2	29113990	29114733	4	0
1538	2	29113990	29114733	5	0
1538	2	29113990	29114733	6	2.64647321562256e-05
1538	2	29113990	29114733	7	0
1538	2	29113990	29114733	8	1.52684617113564e-06
1538	2	29113990	29114733	9	0
1538	2	29113990	29114733	10	4.812173298266e-07
1538	2	29113990	29114733	11	0
