task_id	chrom	start	end	iteration	h2_incremental
4408	7	30174156	30175103	1	0.244564560887874
4408	7	30174156	30175103	2	0.00188682389270941
4408	7	30174156	30175103	3	0.00101037951669443
4408	7	30174156	30175103	4	0
4408	7	30174156	30175103	5	0
4408	7	30174156	30175103	6	0
4408	7	30174156	30175103	7	0
4408	7	30174156	30175103	8	0
4408	7	30174156	30175103	9	0
4408	7	30174156	30175103	10	0
4408	7	30174156	30175103	11	0
