task_id	chrom	start	end	iteration	h2_incremental
283	1	17478003	17478763	1	0.247447694621597
283	1	17478003	17478763	2	0
283	1	17478003	17478763	3	1.47890230188586e-06
283	1	17478003	17478763	4	0
283	1	17478003	17478763	5	0.00252819911012341
283	1	17478003	17478763	6	0.00258138207781015
283	1	17478003	17478763	7	0
283	1	17478003	17478763	8	0
283	1	17478003	17478763	9	7.51070022541135e-08
283	1	17478003	17478763	10	3.9776435808083e-07
283	1	17478003	17478763	11	0
