task_id	chrom	start	end	iteration	h2_incremental
2596	4	180639648	180640362	1	0.558921246584943
2596	4	180639648	180640362	2	0
2596	4	180639648	180640362	3	1.63674114767717e-05
2596	4	180639648	180640362	4	0
2596	4	180639648	180640362	5	0.00116072124662266
2596	4	180639648	180640362	6	0
2596	4	180639648	180640362	7	0
2596	4	180639648	180640362	8	0
2596	4	180639648	180640362	9	0
2596	4	180639648	180640362	10	0
2596	4	180639648	180640362	11	0
