task_id	chrom	start	end	iteration	h2_incremental
3441	5	81195266	81196119	1	0.119558633821021
3441	5	81195266	81196119	2	0.021335810574556
3441	5	81195266	81196119	3	2.45781527615309e-06
3441	5	81195266	81196119	4	0
3441	5	81195266	81196119	5	0.00249211334496058
3441	5	81195266	81196119	6	0
3441	5	81195266	81196119	7	0
3441	5	81195266	81196119	8	8.29825896858374e-06
3441	5	81195266	81196119	9	2.32401892727094e-05
3441	5	81195266	81196119	10	0
3441	5	81195266	81196119	11	8.09913839847638e-05
