task_id	chrom	start	end	iteration	h2_incremental
3270	5	18680635	18681655	1	0.756092664213696
3270	5	18680635	18681655	2	2.05941015134166e-05
3270	5	18680635	18681655	3	8.85300531852969e-07
3270	5	18680635	18681655	4	0
3270	5	18680635	18681655	5	0
3270	5	18680635	18681655	6	0.00114862847540075
3270	5	18680635	18681655	7	0
3270	5	18680635	18681655	8	0
3270	5	18680635	18681655	9	0
3270	5	18680635	18681655	10	2.87796346353504e-05
3270	5	18680635	18681655	11	8.05275813368441e-07
