task_id	chrom	start	end	iteration	h2_incremental
3375	5	61432219	61433338	1	0.075422799130295
3375	5	61432219	61433338	2	0.0111796761924891
3375	5	61432219	61433338	3	0.00716292007590073
3375	5	61432219	61433338	4	0
3375	5	61432219	61433338	5	6.69039856824435e-06
3375	5	61432219	61433338	6	0.000290125367489518
3375	5	61432219	61433338	7	0
3375	5	61432219	61433338	8	1.43894854888834e-06
3375	5	61432219	61433338	9	0
3375	5	61432219	61433338	10	8.15407382402303e-08
3375	5	61432219	61433338	11	0
