task_id	chrom	start	end	iteration	h2_incremental
1679	2	7430881	7431041	1	0.0342582051337455
1679	2	7430881	7431041	2	0.296631199830754
1679	2	7430881	7431041	3	0
1679	2	7430881	7431041	4	4.09490423420903e-07
1679	2	7430881	7431041	5	0
1679	2	7430881	7431041	6	1.3004157488126e-06
1679	2	7430881	7431041	7	0
1679	2	7430881	7431041	8	1.03579539114843e-06
1679	2	7430881	7431041	9	1.01687680598446e-05
1679	2	7430881	7431041	10	0
1679	2	7430881	7431041	11	2.01559230212898e-07
