task_id	chrom	start	end	iteration	h2_incremental
215	1	15909900	15910110	1	0.579076860056467
215	1	15909900	15910110	2	2.29631711733534e-06
215	1	15909900	15910110	3	0.00017445426913122
215	1	15909900	15910110	4	0
215	1	15909900	15910110	5	0
215	1	15909900	15910110	6	0
215	1	15909900	15910110	7	0
215	1	15909900	15910110	8	2.98906652803489e-06
215	1	15909900	15910110	9	0
215	1	15909900	15910110	10	1.0647424465869e-05
215	1	15909900	15910110	11	0
