task_id	chrom	start	end	iteration	h2_incremental
3895	6	31326290	31327849	1	0.792040178194893
3895	6	31326290	31327849	2	6.6972339527135e-07
3895	6	31326290	31327849	3	0
3895	6	31326290	31327849	4	0.000446667898833268
3895	6	31326290	31327849	5	0
3895	6	31326290	31327849	6	0
3895	6	31326290	31327849	7	0
3895	6	31326290	31327849	8	0
3895	6	31326290	31327849	9	0
3895	6	31326290	31327849	10	0
3895	6	31326290	31327849	11	0
