task_id	chrom	start	end	iteration	h2_incremental
630	1	31131885	31132549	1	0.0537992475694185
630	1	31131885	31132549	2	0.0162606375188159
630	1	31131885	31132549	3	0.000501639543882888
630	1	31131885	31132549	4	5.52294702477893e-06
630	1	31131885	31132549	5	0.00632904552580894
630	1	31131885	31132549	6	0.00376829538532446
630	1	31131885	31132549	7	0
630	1	31131885	31132549	8	0
630	1	31131885	31132549	9	0
630	1	31131885	31132549	10	0
630	1	31131885	31132549	11	0
