task_id	chrom	start	end	iteration	h2_incremental
1788	3	111967333	111967831	1	0.545813138916816
1788	3	111967333	111967831	2	1.58362033134492e-07
1788	3	111967333	111967831	3	0
1788	3	111967333	111967831	4	0
1788	3	111967333	111967831	5	0
1788	3	111967333	111967831	6	2.06116024667842e-07
1788	3	111967333	111967831	7	0
1788	3	111967333	111967831	8	2.10854781428599e-07
1788	3	111967333	111967831	9	0
1788	3	111967333	111967831	10	0
1788	3	111967333	111967831	11	5.39232420882943e-08
