task_id	chrom	start	end	iteration	h2_incremental
4146	7	1198089	1198567	1	0.183803728947634
4146	7	1198089	1198567	2	0.00014635384824161
4146	7	1198089	1198567	3	4.04144229475055e-05
4146	7	1198089	1198567	4	7.5098755582823e-06
4146	7	1198089	1198567	5	9.39035230986009e-08
4146	7	1198089	1198567	6	0
4146	7	1198089	1198567	7	2.50566477843385e-06
4146	7	1198089	1198567	8	0
4146	7	1198089	1198567	9	0
4146	7	1198089	1198567	10	3.34317326811241e-06
4146	7	1198089	1198567	11	8.03979676621631e-06
