task_id	chrom	start	end	iteration	h2_incremental
2931	5	1004070	1004317	1	0.631610668863888
2931	5	1004070	1004317	2	0
2931	5	1004070	1004317	3	1.38553655026674e-06
2931	5	1004070	1004317	4	0
2931	5	1004070	1004317	5	0
2931	5	1004070	1004317	6	0
2931	5	1004070	1004317	7	6.65670864260006e-08
2931	5	1004070	1004317	8	0
2931	5	1004070	1004317	9	0
2931	5	1004070	1004317	10	1.34641483071782e-06
2931	5	1004070	1004317	11	0
