task_id	chrom	start	end	iteration	h2_incremental
2321	3	6770842	6771992	1	0.38275825770317
2321	3	6770842	6771992	2	0
2321	3	6770842	6771992	3	0
2321	3	6770842	6771992	4	0.00268937252688827
2321	3	6770842	6771992	5	0
2321	3	6770842	6771992	6	4.29240886385304e-07
2321	3	6770842	6771992	7	0
2321	3	6770842	6771992	8	0
2321	3	6770842	6771992	9	2.78457116990536e-06
2321	3	6770842	6771992	10	6.63090692103766e-08
2321	3	6770842	6771992	11	3.44781264746046e-06
