task_id	chrom	start	end	iteration	h2_incremental
952	1	9976506	9977638	1	0.184652915096481
952	1	9976506	9977638	2	0
952	1	9976506	9977638	3	4.77442427402726e-06
952	1	9976506	9977638	4	0
952	1	9976506	9977638	5	0.000244885864564497
952	1	9976506	9977638	6	0.0204027792906701
952	1	9976506	9977638	7	7.43850253586787e-07
952	1	9976506	9977638	8	0
952	1	9976506	9977638	9	6.88577543366651e-06
952	1	9976506	9977638	10	0
952	1	9976506	9977638	11	0
