task_id	chrom	start	end	iteration	h2_incremental
1607	2	48420021	48420303	1	0.386480112918421
1607	2	48420021	48420303	2	0.000405865428960439
1607	2	48420021	48420303	3	0.000103155873425653
1607	2	48420021	48420303	4	0
1607	2	48420021	48420303	5	0.0015579296374727
1607	2	48420021	48420303	6	0
1607	2	48420021	48420303	7	0.000152250355215046
1607	2	48420021	48420303	8	0.00019589165468746
1607	2	48420021	48420303	9	0
1607	2	48420021	48420303	10	0
1607	2	48420021	48420303	11	0
