task_id	chrom	start	end	iteration	h2_incremental
1144	2	157323987	157325659	1	0.102524487241573
1144	2	157323987	157325659	2	2.68372190806642e-05
1144	2	157323987	157325659	3	0
1144	2	157323987	157325659	4	0.00829851421184132
1144	2	157323987	157325659	5	0
1144	2	157323987	157325659	6	0
1144	2	157323987	157325659	7	3.53417103722278e-05
1144	2	157323987	157325659	8	0
1144	2	157323987	157325659	9	0
1144	2	157323987	157325659	10	0
1144	2	157323987	157325659	11	0
