task_id	chrom	start	end	iteration	h2_incremental
2499	4	144650035	144650712	1	0.0397742630516757
2499	4	144650035	144650712	2	0.00688588461109274
2499	4	144650035	144650712	3	0.0113456281015043
2499	4	144650035	144650712	4	0.000551322128559868
2499	4	144650035	144650712	5	0.0068266757932785
2499	4	144650035	144650712	6	0
2499	4	144650035	144650712	7	0
2499	4	144650035	144650712	8	0
2499	4	144650035	144650712	9	0
2499	4	144650035	144650712	10	0
2499	4	144650035	144650712	11	0
