task_id	chrom	start	end	iteration	h2_incremental
1875	3	128608827	128608961	1	0.380739442153441
1875	3	128608827	128608961	2	0
1875	3	128608827	128608961	3	1.00898634658664e-07
1875	3	128608827	128608961	4	0
1875	3	128608827	128608961	5	0
1875	3	128608827	128608961	6	0
1875	3	128608827	128608961	7	3.35499139478795e-07
1875	3	128608827	128608961	8	0
1875	3	128608827	128608961	9	0
1875	3	128608827	128608961	10	0
1875	3	128608827	128608961	11	0
