task_id	chrom	start	end	iteration	h2_incremental
244	1	16366051	16366619	1	0.290503001603309
244	1	16366051	16366619	2	0
244	1	16366051	16366619	3	4.63898180781446e-07
244	1	16366051	16366619	4	1.36951659418491e-07
244	1	16366051	16366619	5	5.58376779687935e-08
244	1	16366051	16366619	6	0
244	1	16366051	16366619	7	0
244	1	16366051	16366619	8	3.26659394385634e-07
244	1	16366051	16366619	9	0
244	1	16366051	16366619	10	0
244	1	16366051	16366619	11	4.64164215504783e-06
