task_id	chrom	start	end	iteration	h2_incremental
2012	3	17195357	17196123	1	0.130044156256832
2012	3	17195357	17196123	2	0.000153082605044416
2012	3	17195357	17196123	3	1.90075864006131e-05
2012	3	17195357	17196123	4	6.18992714622481e-06
2012	3	17195357	17196123	5	4.65574375033714e-05
2012	3	17195357	17196123	6	0.00392659785280319
2012	3	17195357	17196123	7	6.23887252583721e-08
2012	3	17195357	17196123	8	0
2012	3	17195357	17196123	9	0
2012	3	17195357	17196123	10	0
2012	3	17195357	17196123	11	0
