task_id	chrom	start	end	iteration	h2_incremental
2295	3	58626999	58627459	1	0.422761638758228
2295	3	58626999	58627459	2	0.000135006398715474
2295	3	58626999	58627459	3	1.73532135189973e-05
2295	3	58626999	58627459	4	0
2295	3	58626999	58627459	5	0
2295	3	58626999	58627459	6	2.41814196007233e-05
2295	3	58626999	58627459	7	5.99127682196274e-05
2295	3	58626999	58627459	8	1.64990435783414e-05
2295	3	58626999	58627459	9	0
2295	3	58626999	58627459	10	0
2295	3	58626999	58627459	11	0
