task_id	chrom	start	end	iteration	h2_incremental
2120	3	195761210	195762861	1	0.535320928727183
2120	3	195761210	195762861	2	0.00258605638175801
2120	3	195761210	195762861	3	0
2120	3	195761210	195762861	4	0
2120	3	195761210	195762861	5	0
2120	3	195761210	195762861	6	0
2120	3	195761210	195762861	7	1.61476479531049e-06
2120	3	195761210	195762861	8	0
2120	3	195761210	195762861	9	0
2120	3	195761210	195762861	10	0.000106917169033119
2120	3	195761210	195762861	11	0
