task_id	chrom	start	end	iteration	h2_incremental
3417	5	75612287	75612506	1	0.479768696931369
3417	5	75612287	75612506	2	0.00746508570060464
3417	5	75612287	75612506	3	0.000347274079300874
3417	5	75612287	75612506	4	1.96353463734546e-06
3417	5	75612287	75612506	5	0.00210686784821238
3417	5	75612287	75612506	6	0
3417	5	75612287	75612506	7	0
3417	5	75612287	75612506	8	0
3417	5	75612287	75612506	9	1.97179493273438e-06
3417	5	75612287	75612506	10	0
3417	5	75612287	75612506	11	2.89866517208357e-06
