task_id	chrom	start	end	iteration	h2_incremental
827	1	6612183	6612372	1	0.257237782230752
827	1	6612183	6612372	2	0
827	1	6612183	6612372	3	0
827	1	6612183	6612372	4	0
827	1	6612183	6612372	5	1.02044852517831e-07
827	1	6612183	6612372	6	0
827	1	6612183	6612372	7	0
827	1	6612183	6612372	8	0
827	1	6612183	6612372	9	0
827	1	6612183	6612372	10	0
827	1	6612183	6612372	11	1.1264276117975e-07
