task_id	chrom	start	end	iteration	h2_incremental
335	1	205042026	205042429	1	0.434352530473104
335	1	205042026	205042429	2	0
335	1	205042026	205042429	3	1.60354150297218e-06
335	1	205042026	205042429	4	0
335	1	205042026	205042429	5	0
335	1	205042026	205042429	6	5.49435506577618e-06
335	1	205042026	205042429	7	8.18524823898315e-08
335	1	205042026	205042429	8	0
335	1	205042026	205042429	9	0
335	1	205042026	205042429	10	0
335	1	205042026	205042429	11	0
