task_id	chrom	start	end	iteration	h2_incremental
2756	4	45983879	45985730	1	0.114007871088447
2756	4	45983879	45985730	2	0.000225103211808279
2756	4	45983879	45985730	3	0.000588474745951304
2756	4	45983879	45985730	4	0.00607531799521525
2756	4	45983879	45985730	5	0.00242655890532562
2756	4	45983879	45985730	6	0
2756	4	45983879	45985730	7	0
2756	4	45983879	45985730	8	0
2756	4	45983879	45985730	9	0
2756	4	45983879	45985730	10	9.03309104430672e-07
2756	4	45983879	45985730	11	1.0901287267588e-05
