task_id	chrom	start	end	iteration	h2_incremental
3299	5	2998104	2998488	1	0.414633135274789
3299	5	2998104	2998488	2	0
3299	5	2998104	2998488	3	5.82184783420556e-06
3299	5	2998104	2998488	4	0.000206944984732227
3299	5	2998104	2998488	5	0
3299	5	2998104	2998488	6	0
3299	5	2998104	2998488	7	0
3299	5	2998104	2998488	8	0
3299	5	2998104	2998488	9	2.42833948133474e-07
3299	5	2998104	2998488	10	0
3299	5	2998104	2998488	11	0
