task_id	chrom	start	end	iteration	h2_incremental
3297	5	29461036	29462510	1	0.227982083662491
3297	5	29461036	29462510	2	0.00193520328721916
3297	5	29461036	29462510	3	0.000895914521143038
3297	5	29461036	29462510	4	0
3297	5	29461036	29462510	5	1.3035180250947e-05
3297	5	29461036	29462510	6	0.000313405959217741
3297	5	29461036	29462510	7	9.82489952624313e-05
3297	5	29461036	29462510	8	0
3297	5	29461036	29462510	9	0
3297	5	29461036	29462510	10	0
3297	5	29461036	29462510	11	5.87636521223552e-06
