task_id	chrom	start	end	iteration	h2_incremental
587	1	28252788	28253422	1	0.380800855442072
587	1	28252788	28253422	2	2.42861973144547e-05
587	1	28252788	28253422	3	1.33289148864839e-05
587	1	28252788	28253422	4	3.735009109577e-06
587	1	28252788	28253422	5	0
587	1	28252788	28253422	6	5.54744003069022e-07
587	1	28252788	28253422	7	3.31082851531507e-06
587	1	28252788	28253422	8	5.59892885257085e-06
587	1	28252788	28253422	9	0
587	1	28252788	28253422	10	0
587	1	28252788	28253422	11	0
