task_id	chrom	start	end	iteration	h2_incremental
503	1	25411461	25415544	1	0.431461704611359
503	1	25411461	25415544	2	0
503	1	25411461	25415544	3	0
503	1	25411461	25415544	4	0
503	1	25411461	25415544	5	0
503	1	25411461	25415544	6	0
503	1	25411461	25415544	7	2.13432968368221e-07
503	1	25411461	25415544	8	7.53245298771102e-05
503	1	25411461	25415544	9	3.1303143156982e-07
503	1	25411461	25415544	10	0
503	1	25411461	25415544	11	0
