task_id	chrom	start	end	iteration	h2_incremental
4341	7	2069603	2069660	1	0.295046851166139
4341	7	2069603	2069660	2	9.94931755257901e-07
4341	7	2069603	2069660	3	0.00505915270783141
4341	7	2069603	2069660	4	0
4341	7	2069603	2069660	5	3.96470798836209e-06
4341	7	2069603	2069660	6	0
4341	7	2069603	2069660	7	0.000132444463714149
4341	7	2069603	2069660	8	3.01799911275446e-05
4341	7	2069603	2069660	9	6.45678558055192e-08
4341	7	2069603	2069660	10	0
4341	7	2069603	2069660	11	0
