task_id	chrom	start	end	iteration	h2_incremental
3531	6	110877444	110878609	1	0.458037319482208
3531	6	110877444	110878609	2	0
3531	6	110877444	110878609	3	0
3531	6	110877444	110878609	4	0
3531	6	110877444	110878609	5	1.12904610789781e-06
3531	6	110877444	110878609	6	1.61886883503662e-05
3531	6	110877444	110878609	7	1.30253232899579e-06
3531	6	110877444	110878609	8	0
3531	6	110877444	110878609	9	0
3531	6	110877444	110878609	10	5.91165291874797e-07
3531	6	110877444	110878609	11	0
