task_id	chrom	start	end	iteration	h2_incremental
884	1	84558312	84558526	1	0.00284327803224302
884	1	84558312	84558526	2	0.239677638023039
884	1	84558312	84558526	3	0
884	1	84558312	84558526	4	4.64403702240128e-07
884	1	84558312	84558526	5	0
884	1	84558312	84558526	6	3.574327943725e-06
884	1	84558312	84558526	7	0
884	1	84558312	84558526	8	0
884	1	84558312	84558526	9	0
884	1	84558312	84558526	10	0
884	1	84558312	84558526	11	0
