task_id	chrom	start	end	iteration	h2_incremental
2190	3	38579857	38580070	1	0.526153537427907
2190	3	38579857	38580070	2	0
2190	3	38579857	38580070	3	0
2190	3	38579857	38580070	4	0
2190	3	38579857	38580070	5	0
2190	3	38579857	38580070	6	3.02175574470687e-06
2190	3	38579857	38580070	7	2.69620824152934e-06
2190	3	38579857	38580070	8	0
2190	3	38579857	38580070	9	0
2190	3	38579857	38580070	10	0
2190	3	38579857	38580070	11	6.11663541041542e-07
