task_id	chrom	start	end	iteration	h2_incremental
2908	4	89641017	89642383	1	0.0835558954894953
2908	4	89641017	89642383	2	0.0330842344255743
2908	4	89641017	89642383	3	0.00358182485098678
2908	4	89641017	89642383	4	0
2908	4	89641017	89642383	5	0.00553010403102739
2908	4	89641017	89642383	6	0
2908	4	89641017	89642383	7	4.76655444490317e-06
2908	4	89641017	89642383	8	0
2908	4	89641017	89642383	9	0
2908	4	89641017	89642383	10	0
2908	4	89641017	89642383	11	0
