task_id	chrom	start	end	iteration	h2_incremental
261	1	1685892	1686440	1	0.199845505040258
261	1	1685892	1686440	2	0.000965321808895268
261	1	1685892	1686440	3	0.000916373532149681
261	1	1685892	1686440	4	0.00194784897588031
261	1	1685892	1686440	5	0
261	1	1685892	1686440	6	0.000114172009734594
261	1	1685892	1686440	7	6.85181442871412e-05
261	1	1685892	1686440	8	0
261	1	1685892	1686440	9	2.10493531867197e-05
261	1	1685892	1686440	10	0
261	1	1685892	1686440	11	0
