task_id	chrom	start	end	iteration	h2_incremental
2300	3	61917017	61917282	1	0.149373197276492
2300	3	61917017	61917282	2	0.00236379063271051
2300	3	61917017	61917282	3	0.000178217755185374
2300	3	61917017	61917282	4	6.33670218807835e-05
2300	3	61917017	61917282	5	0.000869463690049868
2300	3	61917017	61917282	6	0.0215606087472498
2300	3	61917017	61917282	7	0
2300	3	61917017	61917282	8	0
2300	3	61917017	61917282	9	0
2300	3	61917017	61917282	10	0
2300	3	61917017	61917282	11	0
