task_id	chrom	start	end	iteration	h2_incremental
2287	3	58249400	58249677	1	0.261957128963399
2287	3	58249400	58249677	2	0
2287	3	58249400	58249677	3	0.00598203478400995
2287	3	58249400	58249677	4	5.60513488220118e-05
2287	3	58249400	58249677	5	0
2287	3	58249400	58249677	6	5.09979702633787e-05
2287	3	58249400	58249677	7	0
2287	3	58249400	58249677	8	7.63281173748234e-06
2287	3	58249400	58249677	9	1.69986790952524e-06
2287	3	58249400	58249677	10	0
2287	3	58249400	58249677	11	0
