task_id	chrom	start	end	iteration	h2_incremental
3885	6	31260568	31266915	1	0.808166310904458
3885	6	31260568	31266915	2	0.00213667075909379
3885	6	31260568	31266915	3	0
3885	6	31260568	31266915	4	4.96070975050271e-08
3885	6	31260568	31266915	5	0
3885	6	31260568	31266915	6	2.79416366864886e-05
3885	6	31260568	31266915	7	0
3885	6	31260568	31266915	8	3.76687519353165e-08
3885	6	31260568	31266915	9	0.000157390359683785
3885	6	31260568	31266915	10	0
3885	6	31260568	31266915	11	3.2061595005757e-07
