task_id	chrom	start	end	iteration	h2_incremental
236	1	16295612	16296628	1	0.379764276848694
236	1	16295612	16296628	2	0
236	1	16295612	16296628	3	0
236	1	16295612	16296628	4	0.000354916486781977
236	1	16295612	16296628	5	0.000142507093952067
236	1	16295612	16296628	6	3.91554887677807e-05
236	1	16295612	16296628	7	4.98731475239993e-06
236	1	16295612	16296628	8	0.000121997641979256
236	1	16295612	16296628	9	0
236	1	16295612	16296628	10	1.38112123701362e-07
236	1	16295612	16296628	11	0
