task_id	chrom	start	end	iteration	h2_incremental
297	1	1864988	1865598	1	0.154952513656983
297	1	1864988	1865598	2	0.00416691108530594
297	1	1864988	1865598	3	0.000193099530142451
297	1	1864988	1865598	4	2.77051656694814e-06
297	1	1864988	1865598	5	7.26343160354112e-08
297	1	1864988	1865598	6	3.4151783726011e-05
297	1	1864988	1865598	7	0
297	1	1864988	1865598	8	2.33906716276436e-06
297	1	1864988	1865598	9	1.02792754914468e-06
297	1	1864988	1865598	10	0
297	1	1864988	1865598	11	0
