task_id	chrom	start	end	iteration	h2_incremental
4168	7	128650739	128651960	1	0.182274048265648
4168	7	128650739	128651960	2	0
4168	7	128650739	128651960	3	0
4168	7	128650739	128651960	4	1.70589452177876e-05
4168	7	128650739	128651960	5	0
4168	7	128650739	128651960	6	0
4168	7	128650739	128651960	7	5.86986490092034e-05
4168	7	128650739	128651960	8	0
4168	7	128650739	128651960	9	3.01603594250965e-06
4168	7	128650739	128651960	10	1.39055717132115e-06
4168	7	128650739	128651960	11	0
