task_id	chrom	start	end	iteration	h2_incremental
2399	3	98307981	98309636	1	0.622857643549019
2399	3	98307981	98309636	2	1.92884483666682e-06
2399	3	98307981	98309636	3	0
2399	3	98307981	98309636	4	0
2399	3	98307981	98309636	5	0
2399	3	98307981	98309636	6	0.0012757218399606
2399	3	98307981	98309636	7	0
2399	3	98307981	98309636	8	0
2399	3	98307981	98309636	9	0
2399	3	98307981	98309636	10	0
2399	3	98307981	98309636	11	0
