task_id	chrom	start	end	iteration	h2_incremental
3855	6	29906859	29910169	1	0.663394466239093
3855	6	29906859	29910169	2	5.44820973624545e-05
3855	6	29906859	29910169	3	6.7320965564331e-07
3855	6	29906859	29910169	4	1.78232941517858e-06
3855	6	29906859	29910169	5	0
3855	6	29906859	29910169	6	3.95637517508153e-05
3855	6	29906859	29910169	7	0.000137296522856908
3855	6	29906859	29910169	8	0.000144807078813155
3855	6	29906859	29910169	9	0
3855	6	29906859	29910169	10	0
3855	6	29906859	29910169	11	0
