task_id	chrom	start	end	iteration	h2_incremental
2707	4	3276514	3277248	1	0.104457960685935
2707	4	3276514	3277248	2	0.0660891092150347
2707	4	3276514	3277248	3	0.00679079765802993
2707	4	3276514	3277248	4	0.00133164848461932
2707	4	3276514	3277248	5	0.00243701809509665
2707	4	3276514	3277248	6	0
2707	4	3276514	3277248	7	0
2707	4	3276514	3277248	8	0
2707	4	3276514	3277248	9	0
2707	4	3276514	3277248	10	3.04201932809491e-07
2707	4	3276514	3277248	11	0
