task_id	chrom	start	end	iteration	h2_incremental
2917	4	9472862	9473380	1	0.425686894995377
2917	4	9472862	9473380	2	1.40320362988919e-07
2917	4	9472862	9473380	3	0
2917	4	9472862	9473380	4	1.01335854972436e-06
2917	4	9472862	9473380	5	7.85994603543667e-05
2917	4	9472862	9473380	6	0
2917	4	9472862	9473380	7	0
2917	4	9472862	9473380	8	5.59891790431843e-07
2917	4	9472862	9473380	9	0
2917	4	9472862	9473380	10	0
2917	4	9472862	9473380	11	0
