task_id	chrom	start	end	iteration	h2_incremental
112	1	1420861	1421196	1	0.220041116127973
112	1	1420861	1421196	2	0
112	1	1420861	1421196	3	0.0125131928474966
112	1	1420861	1421196	4	0
112	1	1420861	1421196	5	0
112	1	1420861	1421196	6	0
112	1	1420861	1421196	7	0
112	1	1420861	1421196	8	0
112	1	1420861	1421196	9	0
112	1	1420861	1421196	10	0
112	1	1420861	1421196	11	0
