task_id	chrom	start	end	iteration	h2_incremental
440	1	23685602	23686699	1	0.328090114882638
440	1	23685602	23686699	2	0.000700782098892532
440	1	23685602	23686699	3	1.40831436265579e-05
440	1	23685602	23686699	4	8.42938014992572e-06
440	1	23685602	23686699	5	0.00295807401672994
440	1	23685602	23686699	6	3.91359655014696e-05
440	1	23685602	23686699	7	0
440	1	23685602	23686699	8	0
440	1	23685602	23686699	9	0
440	1	23685602	23686699	10	0
440	1	23685602	23686699	11	0
