task_id	chrom	start	end	iteration	h2_incremental
1291	2	216583865	216584697	1	0.511770033423772
1291	2	216583865	216584697	2	4.67519806003469e-06
1291	2	216583865	216584697	3	0
1291	2	216583865	216584697	4	0.000262832956520357
1291	2	216583865	216584697	5	0
1291	2	216583865	216584697	6	5.39576222980069e-08
1291	2	216583865	216584697	7	0
1291	2	216583865	216584697	8	0
1291	2	216583865	216584697	9	0
1291	2	216583865	216584697	10	0
1291	2	216583865	216584697	11	4.97689150442658e-08
