task_id	chrom	start	end	iteration	h2_incremental
3288	5	2515535	2515907	1	0.480499539425772
3288	5	2515535	2515907	2	1.61034679685588e-06
3288	5	2515535	2515907	3	0.00155212193563729
3288	5	2515535	2515907	4	0
3288	5	2515535	2515907	5	0
3288	5	2515535	2515907	6	0
3288	5	2515535	2515907	7	0
3288	5	2515535	2515907	8	0
3288	5	2515535	2515907	9	0
3288	5	2515535	2515907	10	5.5123147068401e-05
3288	5	2515535	2515907	11	3.76066463472938e-06
