task_id	chrom	start	end	iteration	h2_incremental
1440	2	238187930	238189447	1	0.279180397200126
1440	2	238187930	238189447	2	1.32660693639214e-05
1440	2	238187930	238189447	3	1.54991357775198e-05
1440	2	238187930	238189447	4	3.49336040168568e-05
1440	2	238187930	238189447	5	0
1440	2	238187930	238189447	6	0
1440	2	238187930	238189447	7	0
1440	2	238187930	238189447	8	1.81960713107148e-07
1440	2	238187930	238189447	9	0
1440	2	238187930	238189447	10	0
1440	2	238187930	238189447	11	0
