task_id	chrom	start	end	iteration	h2_incremental
1226	2	182748338	182749853	1	0.0191938944512608
1226	2	182748338	182749853	2	0.000828658966563035
1226	2	182748338	182749853	3	0.0298362107858744
1226	2	182748338	182749853	4	0.0019866239716777
1226	2	182748338	182749853	5	0
1226	2	182748338	182749853	6	0
1226	2	182748338	182749853	7	0
1226	2	182748338	182749853	8	5.80389799218526e-07
1226	2	182748338	182749853	9	0
1226	2	182748338	182749853	10	0
1226	2	182748338	182749853	11	0
