task_id	chrom	start	end	iteration	h2_incremental
428	1	23354515	23355685	1	0.262300831850446
428	1	23354515	23355685	2	0
428	1	23354515	23355685	3	0.000202409042133488
428	1	23354515	23355685	4	0.00095054327509536
428	1	23354515	23355685	5	0.00162158785959652
428	1	23354515	23355685	6	0.000152697304209732
428	1	23354515	23355685	7	0
428	1	23354515	23355685	8	0
428	1	23354515	23355685	9	0
428	1	23354515	23355685	10	0
428	1	23354515	23355685	11	2.20208977141935e-05
