task_id	chrom	start	end	iteration	h2_incremental
235	1	16282286	16283784	1	0.428842624912196
235	1	16282286	16283784	2	2.34015108288735e-06
235	1	16282286	16283784	3	0
235	1	16282286	16283784	4	8.35428492373957e-05
235	1	16282286	16283784	5	2.6909255310325e-05
235	1	16282286	16283784	6	1.07194603440448e-05
235	1	16282286	16283784	7	3.98989796860562e-07
235	1	16282286	16283784	8	0
235	1	16282286	16283784	9	0
235	1	16282286	16283784	10	4.19648235604945e-07
235	1	16282286	16283784	11	0
