task_id	chrom	start	end	iteration	h2_incremental
3523	6	108561141	108561844	1	0.638687268637565
3523	6	108561141	108561844	2	3.67184452306427e-06
3523	6	108561141	108561844	3	0
3523	6	108561141	108561844	4	0
3523	6	108561141	108561844	5	0
3523	6	108561141	108561844	6	0
3523	6	108561141	108561844	7	0
3523	6	108561141	108561844	8	0
3523	6	108561141	108561844	9	0
3523	6	108561141	108561844	10	0
3523	6	108561141	108561844	11	1.78915456741932e-07
