task_id	chrom	start	end	iteration	h2_incremental
3152	5	167723369	167724845	1	0.509725144054452
3152	5	167723369	167724845	2	0
3152	5	167723369	167724845	3	0.000591527123667416
3152	5	167723369	167724845	4	0
3152	5	167723369	167724845	5	0
3152	5	167723369	167724845	6	0
3152	5	167723369	167724845	7	0
3152	5	167723369	167724845	8	0
3152	5	167723369	167724845	9	2.26497944140433e-07
3152	5	167723369	167724845	10	0
3152	5	167723369	167724845	11	0
