task_id	chrom	start	end	iteration	h2_incremental
598	1	28539528	28540627	1	0.376379817674645
598	1	28539528	28540627	2	0
598	1	28539528	28540627	3	0
598	1	28539528	28540627	4	1.13379956519113e-05
598	1	28539528	28540627	5	0
598	1	28539528	28540627	6	0
598	1	28539528	28540627	7	0
598	1	28539528	28540627	8	0
598	1	28539528	28540627	9	1.66275393801609e-06
598	1	28539528	28540627	10	0
598	1	28539528	28540627	11	0
