task_id	chrom	start	end	iteration	h2_incremental
3762	6	169868595	169868786	1	0.131148307231237
3762	6	169868595	169868786	2	0.215547889445029
3762	6	169868595	169868786	3	0.00386123661369738
3762	6	169868595	169868786	4	0.000507399990582309
3762	6	169868595	169868786	5	5.48048810784488e-05
3762	6	169868595	169868786	6	1.59034700794628e-05
3762	6	169868595	169868786	7	0
3762	6	169868595	169868786	8	0
3762	6	169868595	169868786	9	0
3762	6	169868595	169868786	10	0
3762	6	169868595	169868786	11	0
