task_id	chrom	start	end	iteration	h2_incremental
1525	2	26483613	26484234	1	0.374383077148971
1525	2	26483613	26484234	2	0
1525	2	26483613	26484234	3	0
1525	2	26483613	26484234	4	0
1525	2	26483613	26484234	5	0
1525	2	26483613	26484234	6	0
1525	2	26483613	26484234	7	4.84767831656218e-07
1525	2	26483613	26484234	8	4.77229194185285e-07
1525	2	26483613	26484234	9	0
1525	2	26483613	26484234	10	1.44163888852715e-07
1525	2	26483613	26484234	11	0
