task_id	chrom	start	end	iteration	h2_incremental
2790	4	6447677	6447903	1	0.587930133964563
2790	4	6447677	6447903	2	1.7550848806437e-06
2790	4	6447677	6447903	3	0.00130181426774157
2790	4	6447677	6447903	4	1.13955924349932e-06
2790	4	6447677	6447903	5	4.46771414133224e-07
2790	4	6447677	6447903	6	0
2790	4	6447677	6447903	7	0
2790	4	6447677	6447903	8	0
2790	4	6447677	6447903	9	0
2790	4	6447677	6447903	10	0
2790	4	6447677	6447903	11	5.63847890910957e-07
