task_id	chrom	start	end	iteration	h2_incremental
2928	4	98586685	98588276	1	0.130669334164014
2928	4	98586685	98588276	2	0
2928	4	98586685	98588276	3	1.23838216076399e-05
2928	4	98586685	98588276	4	0.00282658342584297
2928	4	98586685	98588276	5	0.00634937515212182
2928	4	98586685	98588276	6	1.19925720326711e-06
2928	4	98586685	98588276	7	0
2928	4	98586685	98588276	8	0
2928	4	98586685	98588276	9	0
2928	4	98586685	98588276	10	3.3272814512073e-07
2928	4	98586685	98588276	11	1.94716345454654e-05
