task_id	chrom	start	end	iteration	h2_incremental
3183	5	17367064	17368201	1	0.628490524630564
3183	5	17367064	17368201	2	8.42447584958193e-07
3183	5	17367064	17368201	3	5.36336228335449e-06
3183	5	17367064	17368201	4	0
3183	5	17367064	17368201	5	0
3183	5	17367064	17368201	6	0
3183	5	17367064	17368201	7	0
3183	5	17367064	17368201	8	0
3183	5	17367064	17368201	9	0
3183	5	17367064	17368201	10	0
3183	5	17367064	17368201	11	0
