task_id	chrom	start	end	iteration	h2_incremental
1684	2	74907853	74909303	1	0.380010510230816
1684	2	74907853	74909303	2	0.00685568777277177
1684	2	74907853	74909303	3	5.61852794068857e-07
1684	2	74907853	74909303	4	0
1684	2	74907853	74909303	5	2.3076733871488e-05
1684	2	74907853	74909303	6	6.89325201119924e-07
1684	2	74907853	74909303	7	1.0698789654496e-06
1684	2	74907853	74909303	8	0
1684	2	74907853	74909303	9	0
1684	2	74907853	74909303	10	4.45299140906735e-08
1684	2	74907853	74909303	11	0
