task_id	chrom	start	end	iteration	h2_incremental
883	1	8403043	8403510	1	0.0955695516668169
883	1	8403043	8403510	2	0.0421978982540755
883	1	8403043	8403510	3	0
883	1	8403043	8403510	4	0.000382511252416875
883	1	8403043	8403510	5	0
883	1	8403043	8403510	6	0.00346563539981008
883	1	8403043	8403510	7	0
883	1	8403043	8403510	8	0
883	1	8403043	8403510	9	1.55625731977143e-07
883	1	8403043	8403510	10	3.47153047241647e-05
883	1	8403043	8403510	11	5.46502186613092e-05
