task_id	chrom	start	end	iteration	h2_incremental
646	1	32017182	32018226	1	0.127254451684543
646	1	32017182	32018226	2	0.00401309950095082
646	1	32017182	32018226	3	0.00256981569864028
646	1	32017182	32018226	4	0.000609074707331625
646	1	32017182	32018226	5	0
646	1	32017182	32018226	6	0
646	1	32017182	32018226	7	0
646	1	32017182	32018226	8	0
646	1	32017182	32018226	9	0.000183824315275476
646	1	32017182	32018226	10	0
646	1	32017182	32018226	11	0
