task_id	chrom	start	end	iteration	h2_incremental
801	1	6190288	6191723	1	0.195311494351011
801	1	6190288	6191723	2	0.00416030973350925
801	1	6190288	6191723	3	0.017324625153019
801	1	6190288	6191723	4	0.000255463943152225
801	1	6190288	6191723	5	3.66189412348301e-07
801	1	6190288	6191723	6	0.00298845235598608
801	1	6190288	6191723	7	0
801	1	6190288	6191723	8	0
801	1	6190288	6191723	9	0
801	1	6190288	6191723	10	2.24205803015301e-07
801	1	6190288	6191723	11	0
