task_id	chrom	start	end	iteration	h2_incremental
853	1	75536728	75536788	1	0.0319759252432474
853	1	75536728	75536788	2	0.000109189783849065
853	1	75536728	75536788	3	0.0344791048947789
853	1	75536728	75536788	4	3.16223805508737e-07
853	1	75536728	75536788	5	0
853	1	75536728	75536788	6	3.06093598267466e-06
853	1	75536728	75536788	7	0
853	1	75536728	75536788	8	0
853	1	75536728	75536788	9	0
853	1	75536728	75536788	10	1.1829196149806e-06
853	1	75536728	75536788	11	0.000143635674003011
