task_id	chrom	start	end	iteration	h2_incremental
4378	7	2637757	2638662	1	0.664577827124176
4378	7	2637757	2638662	2	1.7610242755321e-06
4378	7	2637757	2638662	3	3.41696275042443e-06
4378	7	2637757	2638662	4	0
4378	7	2637757	2638662	5	0
4378	7	2637757	2638662	6	3.42259322815005e-06
4378	7	2637757	2638662	7	2.90712731929161e-07
4378	7	2637757	2638662	8	9.25007607147463e-08
4378	7	2637757	2638662	9	5.38840875034359e-07
4378	7	2637757	2638662	10	4.04088640638848e-06
4378	7	2637757	2638662	11	0
