task_id	chrom	start	end	iteration	h2_incremental
139	1	14728051	14728422	1	0.525674756534396
139	1	14728051	14728422	2	1.20580928922909e-07
139	1	14728051	14728422	3	0
139	1	14728051	14728422	4	2.09004415823463e-06
139	1	14728051	14728422	5	0
139	1	14728051	14728422	6	0
139	1	14728051	14728422	7	0
139	1	14728051	14728422	8	2.54417049929595e-06
139	1	14728051	14728422	9	3.53097562467093e-05
139	1	14728051	14728422	10	5.02139004664383e-07
139	1	14728051	14728422	11	0
