task_id	chrom	start	end	iteration	h2_incremental
3438	5	80959655	80959910	1	0.164499596583166
3438	5	80959655	80959910	2	2.0812412460717e-06
3438	5	80959655	80959910	3	0.00075874889129526
3438	5	80959655	80959910	4	0.000238174584058536
3438	5	80959655	80959910	5	0
3438	5	80959655	80959910	6	6.78732537983246e-05
3438	5	80959655	80959910	7	0
3438	5	80959655	80959910	8	0
3438	5	80959655	80959910	9	6.63033787398101e-07
3438	5	80959655	80959910	10	0
3438	5	80959655	80959910	11	0
