task_id	chrom	start	end	iteration	h2_incremental
2422	4	107718791	107719024	1	0.0792106052078182
2422	4	107718791	107719024	2	0.00166761630276845
2422	4	107718791	107719024	3	0.000433715106103238
2422	4	107718791	107719024	4	0.0143660474763179
2422	4	107718791	107719024	5	0
2422	4	107718791	107719024	6	0
2422	4	107718791	107719024	7	0
2422	4	107718791	107719024	8	0
2422	4	107718791	107719024	9	0
2422	4	107718791	107719024	10	0
2422	4	107718791	107719024	11	0
