task_id	chrom	start	end	iteration	h2_incremental
2724	4	38747057	38748463	1	0.828823051810805
2724	4	38747057	38748463	2	5.06227392654223e-05
2724	4	38747057	38748463	3	3.38545678453849e-06
2724	4	38747057	38748463	4	4.96530535494197e-06
2724	4	38747057	38748463	5	6.90217665758609e-05
2724	4	38747057	38748463	6	0
2724	4	38747057	38748463	7	0
2724	4	38747057	38748463	8	6.11563719512792e-07
2724	4	38747057	38748463	9	0
2724	4	38747057	38748463	10	4.9253083893993e-08
2724	4	38747057	38748463	11	0
