task_id	chrom	start	end	iteration	h2_incremental
3528	6	110399515	110400190	1	0.440776086614247
3528	6	110399515	110400190	2	0.0032967754365851
3528	6	110399515	110400190	3	0
3528	6	110399515	110400190	4	0.000974297018876535
3528	6	110399515	110400190	5	0
3528	6	110399515	110400190	6	0.000390484715485192
3528	6	110399515	110400190	7	0
3528	6	110399515	110400190	8	0
3528	6	110399515	110400190	9	0
3528	6	110399515	110400190	10	1.78911151880871e-07
3528	6	110399515	110400190	11	0
