task_id	chrom	start	end	iteration	h2_incremental
4153	7	124723742	124725831	1	0.259256612424994
4153	7	124723742	124725831	2	0.000553518097679235
4153	7	124723742	124725831	3	0
4153	7	124723742	124725831	4	0.00227049990439659
4153	7	124723742	124725831	5	0
4153	7	124723742	124725831	6	0
4153	7	124723742	124725831	7	0.000101668254270446
4153	7	124723742	124725831	8	0
4153	7	124723742	124725831	9	0
4153	7	124723742	124725831	10	0
4153	7	124723742	124725831	11	0
