task_id	chrom	start	end	iteration	h2_incremental
202	1	15759669	15760800	1	0.713849200544322
202	1	15759669	15760800	2	7.61855263107202e-07
202	1	15759669	15760800	3	0
202	1	15759669	15760800	4	7.17563374484121e-07
202	1	15759669	15760800	5	2.41924838900255e-07
202	1	15759669	15760800	6	0
202	1	15759669	15760800	7	1.69299193146117e-06
202	1	15759669	15760800	8	0
202	1	15759669	15760800	9	0
202	1	15759669	15760800	10	0
202	1	15759669	15760800	11	0
