task_id	chrom	start	end	iteration	h2_incremental
2700	4	2875578	2876051	1	0.0862389490876524
2700	4	2875578	2876051	2	0.0011527669343299
2700	4	2875578	2876051	3	0
2700	4	2875578	2876051	4	0.00161049557431528
2700	4	2875578	2876051	5	0
2700	4	2875578	2876051	6	0.00486716590407791
2700	4	2875578	2876051	7	0
2700	4	2875578	2876051	8	4.20917867685884e-05
2700	4	2875578	2876051	9	7.58013351163583e-05
2700	4	2875578	2876051	10	0
2700	4	2875578	2876051	11	2.2481761488583e-05
