task_id	chrom	start	end	iteration	h2_incremental
655	1	32608702	32609307	1	0.0449490295506466
655	1	32608702	32609307	2	0.00397409812818797
655	1	32608702	32609307	3	0.00531782103852547
655	1	32608702	32609307	4	0.00012162401214245
655	1	32608702	32609307	5	6.28036068000965e-07
655	1	32608702	32609307	6	5.44748096618915e-06
655	1	32608702	32609307	7	0
655	1	32608702	32609307	8	0
655	1	32608702	32609307	9	0
655	1	32608702	32609307	10	0
655	1	32608702	32609307	11	0
