task_id	chrom	start	end	iteration	h2_incremental
4082	6	99822846	99823631	1	0.433909248746159
4082	6	99822846	99823631	2	1.13020142383029e-05
4082	6	99822846	99823631	3	6.12387075398668e-08
4082	6	99822846	99823631	4	2.8100607776541e-07
4082	6	99822846	99823631	5	0
4082	6	99822846	99823631	6	2.49583994384224e-05
4082	6	99822846	99823631	7	0
4082	6	99822846	99823631	8	1.41585426719032e-05
4082	6	99822846	99823631	9	0
4082	6	99822846	99823631	10	0
4082	6	99822846	99823631	11	0
