task_id	chrom	start	end	iteration	h2_incremental
604	1	28638031	28638484	1	0.296042624480728
604	1	28638031	28638484	2	0
604	1	28638031	28638484	3	0
604	1	28638031	28638484	4	0
604	1	28638031	28638484	5	0
604	1	28638031	28638484	6	0
604	1	28638031	28638484	7	2.5597071282656e-06
604	1	28638031	28638484	8	0
604	1	28638031	28638484	9	0
604	1	28638031	28638484	10	6.2979406739549e-08
604	1	28638031	28638484	11	0
