task_id	chrom	start	end	iteration	h2_incremental
3877	6	30877833	30878013	1	0.215065333020993
3877	6	30877833	30878013	2	0.000977374782206593
3877	6	30877833	30878013	3	7.15305884790567e-07
3877	6	30877833	30878013	4	1.40793674263613e-05
3877	6	30877833	30878013	5	3.32552684442255e-07
3877	6	30877833	30878013	6	0
3877	6	30877833	30878013	7	2.7414277431022e-05
3877	6	30877833	30878013	8	4.00883010062914e-07
3877	6	30877833	30878013	9	0
3877	6	30877833	30878013	10	0
3877	6	30877833	30878013	11	0
