task_id	chrom	start	end	iteration	h2_incremental
61	1	115977615	115980363	1	0.15783941839291
61	1	115977615	115980363	2	0.0176934083064325
61	1	115977615	115980363	3	0
61	1	115977615	115980363	4	0
61	1	115977615	115980363	5	0
61	1	115977615	115980363	6	0
61	1	115977615	115980363	7	0
61	1	115977615	115980363	8	0
61	1	115977615	115980363	9	6.52121356905919e-06
61	1	115977615	115980363	10	0
61	1	115977615	115980363	11	0
