task_id	chrom	start	end	iteration	h2_incremental
778	1	52030768	52031447	1	0.177198032482216
778	1	52030768	52031447	2	0.00947987367993088
778	1	52030768	52031447	3	0
778	1	52030768	52031447	4	0.000199095841033258
778	1	52030768	52031447	5	0.00024321533004319
778	1	52030768	52031447	6	0
778	1	52030768	52031447	7	3.126385592999e-07
778	1	52030768	52031447	8	7.13046420733212e-06
778	1	52030768	52031447	9	0
778	1	52030768	52031447	10	0.000143521918043415
778	1	52030768	52031447	11	0
