task_id	chrom	start	end	iteration	h2_incremental
781	1	52136531	52137719	1	0.208702383714678
781	1	52136531	52137719	2	0.000176033471601047
781	1	52136531	52137719	3	0
781	1	52136531	52137719	4	2.35165361302845e-05
781	1	52136531	52137719	5	5.85114385049848e-08
781	1	52136531	52137719	6	0
781	1	52136531	52137719	7	0
781	1	52136531	52137719	8	0
781	1	52136531	52137719	9	0.00015093262922206
781	1	52136531	52137719	10	2.56249000910123e-05
781	1	52136531	52137719	11	3.54416973909659e-05
