task_id	chrom	start	end	iteration	h2_incremental
3387	5	6450276	6451082	1	0.504305961903709
3387	5	6450276	6451082	2	8.9710623967293e-08
3387	5	6450276	6451082	3	1.14773221718704e-05
3387	5	6450276	6451082	4	0
3387	5	6450276	6451082	5	0
3387	5	6450276	6451082	6	0
3387	5	6450276	6451082	7	0
3387	5	6450276	6451082	8	1.61005250416223e-05
3387	5	6450276	6451082	9	1.0321916416268e-05
3387	5	6450276	6451082	10	0
3387	5	6450276	6451082	11	0
