task_id	chrom	start	end	iteration	h2_incremental
620	1	2967016	2967455	1	0.483574034868679
620	1	2967016	2967455	2	3.42424857190913e-05
620	1	2967016	2967455	3	3.51174461532158e-05
620	1	2967016	2967455	4	0.000759317920109945
620	1	2967016	2967455	5	0
620	1	2967016	2967455	6	1.01784562002377e-05
620	1	2967016	2967455	7	0
620	1	2967016	2967455	8	2.01288720658258e-05
620	1	2967016	2967455	9	0
620	1	2967016	2967455	10	0
620	1	2967016	2967455	11	0
