task_id	chrom	start	end	iteration	h2_incremental
345	1	20579701	20580452	1	0.636043175003398
345	1	20579701	20580452	2	0
345	1	20579701	20580452	3	0
345	1	20579701	20580452	4	0
345	1	20579701	20580452	5	0
345	1	20579701	20580452	6	0
345	1	20579701	20580452	7	5.70531217057953e-07
345	1	20579701	20580452	8	0
345	1	20579701	20580452	9	0
345	1	20579701	20580452	10	0
345	1	20579701	20580452	11	0
