task_id	chrom	start	end	iteration	h2_incremental
214	1	15904704	15905913	1	0.583275681778246
214	1	15904704	15905913	2	1.03157814529079e-05
214	1	15904704	15905913	3	2.01399129264412e-06
214	1	15904704	15905913	4	4.98199125331745e-06
214	1	15904704	15905913	5	0
214	1	15904704	15905913	6	3.82139421252631e-07
214	1	15904704	15905913	7	0
214	1	15904704	15905913	8	0
214	1	15904704	15905913	9	0
214	1	15904704	15905913	10	0
214	1	15904704	15905913	11	0
