task_id	chrom	start	end	iteration	h2_incremental
2930	4	9956590	9957651	1	0.688134560209862
2930	4	9956590	9957651	2	0.000159468748825064
2930	4	9956590	9957651	3	0.000105991482262636
2930	4	9956590	9957651	4	5.69009204915652e-06
2930	4	9956590	9957651	5	2.62659317231503e-07
2930	4	9956590	9957651	6	0
2930	4	9956590	9957651	7	5.74427679679104e-05
2930	4	9956590	9957651	8	4.41627351419143e-08
2930	4	9956590	9957651	9	0
2930	4	9956590	9957651	10	0
2930	4	9956590	9957651	11	7.27347848224037e-06
