task_id	chrom	start	end	iteration	h2_incremental
3150	5	16741180	16742070	1	0.336732805883805
3150	5	16741180	16742070	2	1.28307038426323e-05
3150	5	16741180	16742070	3	0
3150	5	16741180	16742070	4	1.21644570797605e-07
3150	5	16741180	16742070	5	0.00196067821175902
3150	5	16741180	16742070	6	5.78530882987707e-05
3150	5	16741180	16742070	7	0
3150	5	16741180	16742070	8	7.57555769866774e-05
3150	5	16741180	16742070	9	0
3150	5	16741180	16742070	10	0
3150	5	16741180	16742070	11	0
