task_id	chrom	start	end	iteration	h2_incremental
1600	2	46459697	46460673	1	0.235207850969897
1600	2	46459697	46460673	2	0
1600	2	46459697	46460673	3	0
1600	2	46459697	46460673	4	0
1600	2	46459697	46460673	5	0
1600	2	46459697	46460673	6	0
1600	2	46459697	46460673	7	9.9344078109147e-08
1600	2	46459697	46460673	8	0
1600	2	46459697	46460673	9	0
1600	2	46459697	46460673	10	0
1600	2	46459697	46460673	11	0
