task_id	chrom	start	end	iteration	h2_incremental
494	1	25142731	25143865	1	0.548196972588856
494	1	25142731	25143865	2	0
494	1	25142731	25143865	3	0
494	1	25142731	25143865	4	0
494	1	25142731	25143865	5	0
494	1	25142731	25143865	6	5.2159829751072e-08
494	1	25142731	25143865	7	8.32080080158549e-06
494	1	25142731	25143865	8	0
494	1	25142731	25143865	9	0
494	1	25142731	25143865	10	0
494	1	25142731	25143865	11	0
