task_id	chrom	start	end	iteration	h2_incremental
875	1	8186689	8187955	1	0.215703824665326
875	1	8186689	8187955	2	0.00373605983190179
875	1	8186689	8187955	3	6.29609771377706e-06
875	1	8186689	8187955	4	8.00663220907785e-08
875	1	8186689	8187955	5	0
875	1	8186689	8187955	6	0
875	1	8186689	8187955	7	0
875	1	8186689	8187955	8	0
875	1	8186689	8187955	9	5.97101681801775e-05
875	1	8186689	8187955	10	1.69399576815591e-06
875	1	8186689	8187955	11	0
