task_id	chrom	start	end	iteration	h2_incremental
534	1	26637398	26638688	1	0.204896170994686
534	1	26637398	26638688	2	8.04320276833452e-08
534	1	26637398	26638688	3	5.22449486276997e-05
534	1	26637398	26638688	4	0.00234743780996793
534	1	26637398	26638688	5	0
534	1	26637398	26638688	6	0
534	1	26637398	26638688	7	0
534	1	26637398	26638688	8	1.36088493875578e-05
534	1	26637398	26638688	9	0
534	1	26637398	26638688	10	0
534	1	26637398	26638688	11	0
