task_id	chrom	start	end	iteration	h2_incremental
833	1	6709877	6710171	1	0.351611076502376
833	1	6709877	6710171	2	2.93816282402504e-05
833	1	6709877	6710171	3	1.05142308804547e-06
833	1	6709877	6710171	4	0
833	1	6709877	6710171	5	0
833	1	6709877	6710171	6	5.11248683901255e-08
833	1	6709877	6710171	7	0
833	1	6709877	6710171	8	4.38458279548962e-07
833	1	6709877	6710171	9	0
833	1	6709877	6710171	10	0
833	1	6709877	6710171	11	1.23705708803119e-07
