task_id	chrom	start	end	iteration	h2_incremental
1903	3	133746793	133750391	1	0.43599957491327
1903	3	133746793	133750391	2	0
1903	3	133746793	133750391	3	0.000116009779765435
1903	3	133746793	133750391	4	0
1903	3	133746793	133750391	5	3.56850359333016e-05
1903	3	133746793	133750391	6	0.00174719148153696
1903	3	133746793	133750391	7	0
1903	3	133746793	133750391	8	7.45913390973921e-06
1903	3	133746793	133750391	9	0
1903	3	133746793	133750391	10	0
1903	3	133746793	133750391	11	0
