task_id	chrom	start	end	iteration	h2_incremental
4457	7	4006223	4006478	1	0.428619393205379
4457	7	4006223	4006478	2	0
4457	7	4006223	4006478	3	0.0127117636313899
4457	7	4006223	4006478	4	0
4457	7	4006223	4006478	5	0
4457	7	4006223	4006478	6	0
4457	7	4006223	4006478	7	0
4457	7	4006223	4006478	8	0
4457	7	4006223	4006478	9	0
4457	7	4006223	4006478	10	0
4457	7	4006223	4006478	11	9.32721427191437e-08
