task_id	chrom	start	end	iteration	h2_incremental
518	1	26173260	26173872	1	0.0709540371103802
518	1	26173260	26173872	2	0.0448571167495466
518	1	26173260	26173872	3	7.25026531942249e-07
518	1	26173260	26173872	4	0.00840189654493857
518	1	26173260	26173872	5	0
518	1	26173260	26173872	6	0
518	1	26173260	26173872	7	0.000474219039960308
518	1	26173260	26173872	8	0
518	1	26173260	26173872	9	0
518	1	26173260	26173872	10	0
518	1	26173260	26173872	11	0
518	1	26173260	26173872	12	2.6443924666441e-06
