task_id	chrom	start	end	iteration	h2_incremental
1687	2	77972142	77972959	1	0.618775997392185
1687	2	77972142	77972959	2	0.00314600728395617
1687	2	77972142	77972959	3	0.00123222737987394
1687	2	77972142	77972959	4	0.00538060257072864
1687	2	77972142	77972959	5	8.93714820625143e-07
1687	2	77972142	77972959	6	0
1687	2	77972142	77972959	7	4.55767667136333e-06
1687	2	77972142	77972959	8	0
1687	2	77972142	77972959	9	0
1687	2	77972142	77972959	10	0
1687	2	77972142	77972959	11	9.4071363704383e-08
