task_id	chrom	start	end	iteration	h2_incremental
2095	3	193607524	193609770	1	0.453708650407305
2095	3	193607524	193609770	2	0
2095	3	193607524	193609770	3	0
2095	3	193607524	193609770	4	0.00259090349409829
2095	3	193607524	193609770	5	1.62977691199026e-05
2095	3	193607524	193609770	6	0
2095	3	193607524	193609770	7	0
2095	3	193607524	193609770	8	2.01850170788415e-07
2095	3	193607524	193609770	9	0
2095	3	193607524	193609770	10	0
2095	3	193607524	193609770	11	0
