task_id	chrom	start	end	iteration	h2_incremental
1520	2	2576927	2578343	1	0.572309837360512
1520	2	2576927	2578343	2	0
1520	2	2576927	2578343	3	1.84677874613155e-05
1520	2	2576927	2578343	4	7.73449162105357e-06
1520	2	2576927	2578343	5	9.78720853664043e-08
1520	2	2576927	2578343	6	0
1520	2	2576927	2578343	7	0
1520	2	2576927	2578343	8	0
1520	2	2576927	2578343	9	0
1520	2	2576927	2578343	10	2.45019045926157e-07
1520	2	2576927	2578343	11	0
