task_id	chrom	start	end	iteration	h2_incremental
874	1	8182792	8183873	1	0.0970760912686563
874	1	8182792	8183873	2	0.0110809597711343
874	1	8182792	8183873	3	0.0170575541454066
874	1	8182792	8183873	4	6.37583513889788e-06
874	1	8182792	8183873	5	0.00335378992407717
874	1	8182792	8183873	6	0
874	1	8182792	8183873	7	1.7633996089449e-05
874	1	8182792	8183873	8	0
874	1	8182792	8183873	9	0
874	1	8182792	8183873	10	2.90409832066265e-06
874	1	8182792	8183873	11	1.40926803267762e-05
