task_id	chrom	start	end	iteration	h2_incremental
4097	7	1016025	1016134	1	0.687308598743778
4097	7	1016025	1016134	2	5.23203992663334e-05
4097	7	1016025	1016134	3	6.15963933146419e-06
4097	7	1016025	1016134	4	2.50971818425955e-05
4097	7	1016025	1016134	5	0
4097	7	1016025	1016134	6	5.30587323853684e-07
4097	7	1016025	1016134	7	0
4097	7	1016025	1016134	8	2.45579731658025e-06
4097	7	1016025	1016134	9	1.73539287467883e-05
4097	7	1016025	1016134	10	0
4097	7	1016025	1016134	11	0.000162014962119476
