task_id	chrom	start	end	iteration	h2_incremental
500	1	25286642	25286821	1	0.295140340570982
500	1	25286642	25286821	2	0.00246531314013723
500	1	25286642	25286821	3	0.000421541347378446
500	1	25286642	25286821	4	6.66958234828834e-06
500	1	25286642	25286821	5	0
500	1	25286642	25286821	6	0
500	1	25286642	25286821	7	0
500	1	25286642	25286821	8	8.01366769956497e-06
500	1	25286642	25286821	9	9.22775402486868e-08
500	1	25286642	25286821	10	0
500	1	25286642	25286821	11	0
