task_id	chrom	start	end	iteration	h2_incremental
2402	3	98591147	98592408	1	0.0747048433862239
2402	3	98591147	98592408	2	0.00876372782543658
2402	3	98591147	98592408	3	0.00206328737064908
2402	3	98591147	98592408	4	0
2402	3	98591147	98592408	5	0.00481319909532284
2402	3	98591147	98592408	6	0
2402	3	98591147	98592408	7	0
2402	3	98591147	98592408	8	3.75771801194615e-06
2402	3	98591147	98592408	9	8.46160586094782e-07
2402	3	98591147	98592408	10	0
2402	3	98591147	98592408	11	0
