task_id	chrom	start	end	iteration	h2_incremental
2034	3	182276685	182278064	1	0.508523157823078
2034	3	182276685	182278064	2	0.00295237565833091
2034	3	182276685	182278064	3	0.00156973562761476
2034	3	182276685	182278064	4	0
2034	3	182276685	182278064	5	0.000377339475728109
2034	3	182276685	182278064	6	0
2034	3	182276685	182278064	7	5.14087600454767e-06
2034	3	182276685	182278064	8	0
2034	3	182276685	182278064	9	0
2034	3	182276685	182278064	10	0
2034	3	182276685	182278064	11	0
