task_id	chrom	start	end	iteration	h2_incremental
3597	6	147821104	147821687	1	0.0788400726250341
3597	6	147821104	147821687	2	0.0204717937771143
3597	6	147821104	147821687	3	0
3597	6	147821104	147821687	4	0
3597	6	147821104	147821687	5	0.00245135827703501
3597	6	147821104	147821687	6	0
3597	6	147821104	147821687	7	0.000225386075862844
3597	6	147821104	147821687	8	0
3597	6	147821104	147821687	9	0
3597	6	147821104	147821687	10	0
3597	6	147821104	147821687	11	0
3597	6	147821104	147821687	12	0
