task_id	chrom	start	end	iteration	h2_incremental
2546	4	15703473	15703649	1	0.543812049003509
2546	4	15703473	15703649	2	0
2546	4	15703473	15703649	3	0
2546	4	15703473	15703649	4	0.00119410654105464
2546	4	15703473	15703649	5	0
2546	4	15703473	15703649	6	5.20619131918576e-05
2546	4	15703473	15703649	7	0
2546	4	15703473	15703649	8	0
2546	4	15703473	15703649	9	0
2546	4	15703473	15703649	10	2.52829070425277e-07
2546	4	15703473	15703649	11	4.89728728878475e-06
