task_id	chrom	start	end	iteration	h2_incremental
3814	6	27547445	27547882	1	0.654511375583055
3814	6	27547445	27547882	2	0.0030820931807423
3814	6	27547445	27547882	3	0
3814	6	27547445	27547882	4	0.000180136913951767
3814	6	27547445	27547882	5	0
3814	6	27547445	27547882	6	0
3814	6	27547445	27547882	7	4.99506820835256e-05
3814	6	27547445	27547882	8	0.000104173455332508
3814	6	27547445	27547882	9	0
3814	6	27547445	27547882	10	0
3814	6	27547445	27547882	11	0
