task_id	chrom	start	end	iteration	h2_incremental
823	1	6538333	6539374	1	0.245919190137607
823	1	6538333	6539374	2	0.00411647473435261
823	1	6538333	6539374	3	0
823	1	6538333	6539374	4	4.30426817339312e-05
823	1	6538333	6539374	5	5.84791868766538e-08
823	1	6538333	6539374	6	0.000204879136485169
823	1	6538333	6539374	7	6.65062701084657e-07
823	1	6538333	6539374	8	0
823	1	6538333	6539374	9	0
823	1	6538333	6539374	10	3.45999791654063e-07
823	1	6538333	6539374	11	0
