task_id	chrom	start	end	iteration	h2_incremental
3200	5	176133054	176133218	1	0.346680167379457
3200	5	176133054	176133218	2	0.0375825145554889
3200	5	176133054	176133218	3	3.35757225497339e-05
3200	5	176133054	176133218	4	0
3200	5	176133054	176133218	5	1.35915354564053e-05
3200	5	176133054	176133218	6	2.02789005140247e-07
3200	5	176133054	176133218	7	0
3200	5	176133054	176133218	8	0
3200	5	176133054	176133218	9	0
3200	5	176133054	176133218	10	0
3200	5	176133054	176133218	11	0
