task_id	chrom	start	end	iteration	h2_incremental
187	1	15590565	15592015	1	0.584174347434252
187	1	15590565	15592015	2	0
187	1	15590565	15592015	3	0
187	1	15590565	15592015	4	0
187	1	15590565	15592015	5	0.000632112569032403
187	1	15590565	15592015	6	3.14902839684322e-07
187	1	15590565	15592015	7	0
187	1	15590565	15592015	8	0
187	1	15590565	15592015	9	0
187	1	15590565	15592015	10	8.89221805339261e-07
187	1	15590565	15592015	11	0
