task_id	chrom	start	end	iteration	h2_incremental
269	1	17073056	17073440	1	0.281015582214942
269	1	17073056	17073440	2	7.09835238088292e-08
269	1	17073056	17073440	3	0
269	1	17073056	17073440	4	0.000350909104575639
269	1	17073056	17073440	5	0
269	1	17073056	17073440	6	0
269	1	17073056	17073440	7	0.00185765863938234
269	1	17073056	17073440	8	1.76366006355525e-06
269	1	17073056	17073440	9	0
269	1	17073056	17073440	10	0
269	1	17073056	17073440	11	0
269	1	17073056	17073440	12	0
