task_id	chrom	start	end	iteration	h2_incremental
1521	2	25822232	25823603	1	0.222263516911102
1521	2	25822232	25823603	2	0.00280871820862644
1521	2	25822232	25823603	3	2.41731659857567e-07
1521	2	25822232	25823603	4	0
1521	2	25822232	25823603	5	2.3265018339081e-05
1521	2	25822232	25823603	6	0.00013057341463014
1521	2	25822232	25823603	7	0
1521	2	25822232	25823603	8	0
1521	2	25822232	25823603	9	0
1521	2	25822232	25823603	10	0
1521	2	25822232	25823603	11	0
