task_id	chrom	start	end	iteration	h2_incremental
3161	5	170104591	170105216	1	0.615873338924105
3161	5	170104591	170105216	2	0
3161	5	170104591	170105216	3	2.29125593940754e-07
3161	5	170104591	170105216	4	0
3161	5	170104591	170105216	5	3.5752633221288e-06
3161	5	170104591	170105216	6	4.88632806633781e-07
3161	5	170104591	170105216	7	0
3161	5	170104591	170105216	8	4.50219623597846e-07
3161	5	170104591	170105216	9	0
3161	5	170104591	170105216	10	0
3161	5	170104591	170105216	11	0
