task_id	chrom	start	end	iteration	h2_incremental
4443	7	37280968	37283841	1	0.187189085708492
4443	7	37280968	37283841	2	0.000778179287845594
4443	7	37280968	37283841	3	0.000842886642359461
4443	7	37280968	37283841	4	0
4443	7	37280968	37283841	5	0.00395293197493582
4443	7	37280968	37283841	6	4.06519692992393e-06
4443	7	37280968	37283841	7	0
4443	7	37280968	37283841	8	0
4443	7	37280968	37283841	9	0
4443	7	37280968	37283841	10	0
4443	7	37280968	37283841	11	1.24229433435724e-05
