task_id	chrom	start	end	iteration	h2_incremental
1024	2	11391833	11392114	1	0.296891781615589
1024	2	11391833	11392114	2	0.000146783590941222
1024	2	11391833	11392114	3	3.57879897850555e-05
1024	2	11391833	11392114	4	0.000550661607320799
1024	2	11391833	11392114	5	0.000196475270487421
1024	2	11391833	11392114	6	0
1024	2	11391833	11392114	7	0
1024	2	11391833	11392114	8	0
1024	2	11391833	11392114	9	2.32152053007506e-06
1024	2	11391833	11392114	10	0
1024	2	11391833	11392114	11	7.3762967303302e-08
