task_id	chrom	start	end	iteration	h2_incremental
1724	2	94871299	94871972	1	0.0613941028531868
1724	2	94871299	94871972	2	0.0347471029128361
1724	2	94871299	94871972	3	0.000256969810079042
1724	2	94871299	94871972	4	2.3230809722785e-06
1724	2	94871299	94871972	5	2.31616039063223e-06
1724	2	94871299	94871972	6	7.82153152755071e-05
1724	2	94871299	94871972	7	6.69820073891871e-05
1724	2	94871299	94871972	8	0
1724	2	94871299	94871972	9	0
1724	2	94871299	94871972	10	0
1724	2	94871299	94871972	11	0
