task_id	chrom	start	end	iteration	h2_incremental
1548	2	33366466	33366803	1	0.224297764114915
1548	2	33366466	33366803	2	0.00159771154020308
1548	2	33366466	33366803	3	0
1548	2	33366466	33366803	4	0.00041604236692578
1548	2	33366466	33366803	5	0
1548	2	33366466	33366803	6	8.68855878967027e-05
1548	2	33366466	33366803	7	0
1548	2	33366466	33366803	8	6.16887595829338e-05
1548	2	33366466	33366803	9	0
1548	2	33366466	33366803	10	4.01163923249892e-07
1548	2	33366466	33366803	11	8.5016633726236e-05
