task_id	chrom	start	end	iteration	h2_incremental
3189	5	17415021	17415406	1	0.350695808194634
3189	5	17415021	17415406	2	2.77681991371824e-07
3189	5	17415021	17415406	3	0
3189	5	17415021	17415406	4	0
3189	5	17415021	17415406	5	0
3189	5	17415021	17415406	6	0
3189	5	17415021	17415406	7	0
3189	5	17415021	17415406	8	0
3189	5	17415021	17415406	9	0
3189	5	17415021	17415406	10	2.64772245705403e-06
3189	5	17415021	17415406	11	0
