task_id	chrom	start	end	iteration	h2_incremental
2890	4	8394573	8395753	1	0.341990258163869
2890	4	8394573	8395753	2	0.00533695085521742
2890	4	8394573	8395753	3	0.00192038053570491
2890	4	8394573	8395753	4	0.0019770966033052
2890	4	8394573	8395753	5	8.9865918103923e-05
2890	4	8394573	8395753	6	5.09822869514818e-05
2890	4	8394573	8395753	7	0
2890	4	8394573	8395753	8	0
2890	4	8394573	8395753	9	0
2890	4	8394573	8395753	10	1.30086232763896e-05
2890	4	8394573	8395753	11	0
