task_id	chrom	start	end	iteration	h2_incremental
2309	3	64532992	64533281	1	0.455898822226048
2309	3	64532992	64533281	2	0
2309	3	64532992	64533281	3	5.27671910198065e-07
2309	3	64532992	64533281	4	0
2309	3	64532992	64533281	5	0
2309	3	64532992	64533281	6	0
2309	3	64532992	64533281	7	0
2309	3	64532992	64533281	8	0
2309	3	64532992	64533281	9	1.63195154339421e-07
2309	3	64532992	64533281	10	0
2309	3	64532992	64533281	11	3.10226225961491e-07
