task_id	chrom	start	end	iteration	h2_incremental
837	1	6738660	6739618	1	0.0382390903722069
837	1	6738660	6739618	2	0.0577829815721962
837	1	6738660	6739618	3	0.000274966966267429
837	1	6738660	6739618	4	0
837	1	6738660	6739618	5	0.00388418267751026
837	1	6738660	6739618	6	0.00429991734608532
837	1	6738660	6739618	7	0
837	1	6738660	6739618	8	1.35051862804041e-07
837	1	6738660	6739618	9	0
837	1	6738660	6739618	10	1.20132793176414e-07
837	1	6738660	6739618	11	0
