task_id	chrom	start	end	iteration	h2_incremental
743	1	44582344	44582962	1	0.00691758239536091
743	1	44582344	44582962	2	0.0401065380809629
743	1	44582344	44582962	3	2.80208262593283e-05
743	1	44582344	44582962	4	1.78978387000369e-05
743	1	44582344	44582962	5	0
743	1	44582344	44582962	6	0
743	1	44582344	44582962	7	0
743	1	44582344	44582962	8	7.67228074545135e-06
743	1	44582344	44582962	9	6.5583529277752e-06
743	1	44582344	44582962	10	0.00011808778349887
743	1	44582344	44582962	11	0
