task_id	chrom	start	end	iteration	h2_incremental
3480	5	9328203	9328810	1	0.76129654349985
3480	5	9328203	9328810	2	0.000112916794395895
3480	5	9328203	9328810	3	3.29620113354415e-06
3480	5	9328203	9328810	4	4.25226001362084e-06
3480	5	9328203	9328810	5	2.39442989381697e-05
3480	5	9328203	9328810	6	0
3480	5	9328203	9328810	7	2.34493910000918e-07
3480	5	9328203	9328810	8	0
3480	5	9328203	9328810	9	0
3480	5	9328203	9328810	10	6.90247641123127e-08
3480	5	9328203	9328810	11	3.77771280447826e-07
