task_id	chrom	start	end	iteration	h2_incremental
1965	3	15276128	15276501	1	0.0446559211016284
1965	3	15276128	15276501	2	0.00463915538749996
1965	3	15276128	15276501	3	0.003543792459942
1965	3	15276128	15276501	4	3.61628681284521e-07
1965	3	15276128	15276501	5	8.70207477935544e-05
1965	3	15276128	15276501	6	7.83196845631949e-06
1965	3	15276128	15276501	7	0
1965	3	15276128	15276501	8	0
1965	3	15276128	15276501	9	0
1965	3	15276128	15276501	10	7.74378929270483e-06
1965	3	15276128	15276501	11	0
