task_id	chrom	start	end	iteration	h2_incremental
1648	2	66491790	66493763	1	0.369914004164696
1648	2	66491790	66493763	2	0.000190181188463769
1648	2	66491790	66493763	3	0.000662802544526021
1648	2	66491790	66493763	4	0
1648	2	66491790	66493763	5	0
1648	2	66491790	66493763	6	0.000868973139134535
1648	2	66491790	66493763	7	0
1648	2	66491790	66493763	8	4.71096055805745e-07
1648	2	66491790	66493763	9	0
1648	2	66491790	66493763	10	0
1648	2	66491790	66493763	11	1.13228358397181e-07
