task_id	chrom	start	end	iteration	h2_incremental
1374	2	232628598	232629033	1	0.19630101557294
1374	2	232628598	232629033	2	0
1374	2	232628598	232629033	3	0.0207826272392559
1374	2	232628598	232629033	4	0
1374	2	232628598	232629033	5	0
1374	2	232628598	232629033	6	1.17152131357908e-05
1374	2	232628598	232629033	7	0
1374	2	232628598	232629033	8	0
1374	2	232628598	232629033	9	1.29052148010711e-05
1374	2	232628598	232629033	10	0
1374	2	232628598	232629033	11	3.13774912639441e-07
