task_id	chrom	start	end	iteration	h2_incremental
93	1	12689515	12689706	1	0.254840347936571
93	1	12689515	12689706	2	0.000328785979308227
93	1	12689515	12689706	3	0.00211164368645802
93	1	12689515	12689706	4	0.00103839421486318
93	1	12689515	12689706	5	0
93	1	12689515	12689706	6	0
93	1	12689515	12689706	7	0
93	1	12689515	12689706	8	0
93	1	12689515	12689706	9	0.000163386185819835
93	1	12689515	12689706	10	0
93	1	12689515	12689706	11	8.79313323786884e-06
