task_id	chrom	start	end	iteration	h2_incremental
2673	4	2141491	2143009	1	0.0542710879994082
2673	4	2141491	2143009	2	0.0224318541808003
2673	4	2141491	2143009	3	0.0137219395768919
2673	4	2141491	2143009	4	0.00615290012703589
2673	4	2141491	2143009	5	1.20797192833993e-06
2673	4	2141491	2143009	6	7.00663043785126e-06
2673	4	2141491	2143009	7	0
2673	4	2141491	2143009	8	2.64849939393589e-06
2673	4	2141491	2143009	9	1.9230523102959e-05
2673	4	2141491	2143009	10	0
2673	4	2141491	2143009	11	0
