task_id	chrom	start	end	iteration	h2_incremental
4092	7	10121192	10122957	1	0.460162891851996
4092	7	10121192	10122957	2	4.50245368710061e-06
4092	7	10121192	10122957	3	2.22315158866831e-05
4092	7	10121192	10122957	4	0
4092	7	10121192	10122957	5	0
4092	7	10121192	10122957	6	2.7172028307138e-05
4092	7	10121192	10122957	7	3.4788522285518e-06
4092	7	10121192	10122957	8	0
4092	7	10121192	10122957	9	0
4092	7	10121192	10122957	10	0
4092	7	10121192	10122957	11	0
