task_id	chrom	start	end	iteration	h2_incremental
1830	3	120678260	120679446	1	0.289678336494676
1830	3	120678260	120679446	2	0.000637435302679697
1830	3	120678260	120679446	3	1.4946289271125e-06
1830	3	120678260	120679446	4	0
1830	3	120678260	120679446	5	0
1830	3	120678260	120679446	6	4.89483029114177e-07
1830	3	120678260	120679446	7	0
1830	3	120678260	120679446	8	0
1830	3	120678260	120679446	9	0
1830	3	120678260	120679446	10	0
1830	3	120678260	120679446	11	0
