task_id	chrom	start	end	iteration	h2_incremental
2594	4	1776008	1777036	1	0.181264496816225
2594	4	1776008	1777036	2	0.0115339274951134
2594	4	1776008	1777036	3	0.00506731988499304
2594	4	1776008	1777036	4	0.0010038128962818
2594	4	1776008	1777036	5	0
2594	4	1776008	1777036	6	0.000115519986958911
2594	4	1776008	1777036	7	0
2594	4	1776008	1777036	8	0
2594	4	1776008	1777036	9	0
2594	4	1776008	1777036	10	6.73840809762298e-05
2594	4	1776008	1777036	11	0
