task_id	chrom	start	end	iteration	h2_incremental
1736	2	96090072	96090326	1	0.0803685019955394
1736	2	96090072	96090326	2	0.000104659634947137
1736	2	96090072	96090326	3	0.00343051322862367
1736	2	96090072	96090326	4	0.000965505157691819
1736	2	96090072	96090326	5	0
1736	2	96090072	96090326	6	0
1736	2	96090072	96090326	7	0
1736	2	96090072	96090326	8	0
1736	2	96090072	96090326	9	0.000185424714772172
1736	2	96090072	96090326	10	0.000159426006626232
1736	2	96090072	96090326	11	0
