task_id	chrom	start	end	iteration	h2_incremental
189	1	156053561	156053721	1	0.278034731206953
189	1	156053561	156053721	2	0.000136604197249003
189	1	156053561	156053721	3	0
189	1	156053561	156053721	4	0
189	1	156053561	156053721	5	0
189	1	156053561	156053721	6	9.04099709757621e-05
189	1	156053561	156053721	7	0
189	1	156053561	156053721	8	0
189	1	156053561	156053721	9	0
189	1	156053561	156053721	10	4.98330400436828e-07
189	1	156053561	156053721	11	0
