task_id	chrom	start	end	iteration	h2_incremental
98	1	13421540	13422115	1	0.215535261800386
98	1	13421540	13422115	2	0.000861259209785506
98	1	13421540	13422115	3	0
98	1	13421540	13422115	4	0
98	1	13421540	13422115	5	1.79776609335036e-05
98	1	13421540	13422115	6	1.04233000894359e-05
98	1	13421540	13422115	7	0
98	1	13421540	13422115	8	0
98	1	13421540	13422115	9	0
98	1	13421540	13422115	10	0
98	1	13421540	13422115	11	0
