task_id	chrom	start	end	iteration	h2_incremental
2011	3	171830164	171830355	1	0.299255221745758
2011	3	171830164	171830355	2	0.00103193718382361
2011	3	171830164	171830355	3	3.47399929766623e-07
2011	3	171830164	171830355	4	0
2011	3	171830164	171830355	5	0
2011	3	171830164	171830355	6	5.02254615345912e-05
2011	3	171830164	171830355	7	0
2011	3	171830164	171830355	8	0
2011	3	171830164	171830355	9	0
2011	3	171830164	171830355	10	0
2011	3	171830164	171830355	11	4.62391650382208e-06
