task_id	chrom	start	end	iteration	h2_incremental
3309	5	33668079	33669292	1	0.650857207391633
3309	5	33668079	33669292	2	0.00372832214588547
3309	5	33668079	33669292	3	0.00151775398960682
3309	5	33668079	33669292	4	0
3309	5	33668079	33669292	5	2.06060463317877e-05
3309	5	33668079	33669292	6	0
3309	5	33668079	33669292	7	0
3309	5	33668079	33669292	8	1.21369461736738e-06
3309	5	33668079	33669292	9	0
3309	5	33668079	33669292	10	0
3309	5	33668079	33669292	11	0
