task_id	chrom	start	end	iteration	h2_incremental
3889	6	31272874	31273359	1	0.348318971563106
3889	6	31272874	31273359	2	0
3889	6	31272874	31273359	3	0.000126302820887389
3889	6	31272874	31273359	4	0.000398209410185222
3889	6	31272874	31273359	5	0
3889	6	31272874	31273359	6	0
3889	6	31272874	31273359	7	0.000204166435690673
3889	6	31272874	31273359	8	0
3889	6	31272874	31273359	9	0
3889	6	31272874	31273359	10	3.87102956494276e-07
3889	6	31272874	31273359	11	0
