task_id	chrom	start	end	iteration	h2_incremental
954	1	99837488	99838524	1	0.0558250158065519
954	1	99837488	99838524	2	0.0214252799121354
954	1	99837488	99838524	3	0.00338134735121974
954	1	99837488	99838524	4	0.0024438650250853
954	1	99837488	99838524	5	0.00155418534065586
954	1	99837488	99838524	6	0
954	1	99837488	99838524	7	0
954	1	99837488	99838524	8	0
954	1	99837488	99838524	9	0
954	1	99837488	99838524	10	3.6671661176857e-06
954	1	99837488	99838524	11	1.85659965848643e-06
