task_id	chrom	start	end	iteration	h2_incremental
1110	2	131802536	131802971	1	0.498493678090312
1110	2	131802536	131802971	2	7.18308924994736e-06
1110	2	131802536	131802971	3	0
1110	2	131802536	131802971	4	0
1110	2	131802536	131802971	5	0
1110	2	131802536	131802971	6	3.11827368433168e-05
1110	2	131802536	131802971	7	0
1110	2	131802536	131802971	8	0
1110	2	131802536	131802971	9	0
1110	2	131802536	131802971	10	0
1110	2	131802536	131802971	11	0
