task_id	chrom	start	end	iteration	h2_incremental
2445	4	118057736	118058697	1	0.576504328643764
2445	4	118057736	118058697	2	0
2445	4	118057736	118058697	3	8.88030611912182e-06
2445	4	118057736	118058697	4	9.12236335951773e-06
2445	4	118057736	118058697	5	0.000822984095405787
2445	4	118057736	118058697	6	0
2445	4	118057736	118058697	7	0
2445	4	118057736	118058697	8	0
2445	4	118057736	118058697	9	0
2445	4	118057736	118058697	10	0
2445	4	118057736	118058697	11	0
