task_id	chrom	start	end	iteration	h2_incremental
677	1	35307573	35307990	1	0.314003026575934
677	1	35307573	35307990	2	4.99048210909405e-07
677	1	35307573	35307990	3	0
677	1	35307573	35307990	4	0.00223960443766214
677	1	35307573	35307990	5	0
677	1	35307573	35307990	6	0
677	1	35307573	35307990	7	5.16823183267069e-06
677	1	35307573	35307990	8	0
677	1	35307573	35307990	9	1.0645115051697e-07
677	1	35307573	35307990	10	0
677	1	35307573	35307990	11	2.6546789170009e-07
