task_id	chrom	start	end	iteration	h2_incremental
1206	2	174843261	174844653	1	0.0544279909596488
1206	2	174843261	174844653	2	0.00496385086329354
1206	2	174843261	174844653	3	0.00143982373968195
1206	2	174843261	174844653	4	0
1206	2	174843261	174844653	5	0.00553601007766194
1206	2	174843261	174844653	6	0.00596428233232403
1206	2	174843261	174844653	7	2.07269265425035e-06
1206	2	174843261	174844653	8	0
1206	2	174843261	174844653	9	1.47238982711351e-05
1206	2	174843261	174844653	10	0
1206	2	174843261	174844653	11	1.9016716777502e-07
