task_id	chrom	start	end	iteration	h2_incremental
4257	7	150955697	150955804	1	0.176737709692021
4257	7	150955697	150955804	2	8.18671041298889e-08
4257	7	150955697	150955804	3	0.00881848117407231
4257	7	150955697	150955804	4	0
4257	7	150955697	150955804	5	4.72696380189203e-05
4257	7	150955697	150955804	6	0
4257	7	150955697	150955804	7	0
4257	7	150955697	150955804	8	0
4257	7	150955697	150955804	9	0
4257	7	150955697	150955804	10	0
4257	7	150955697	150955804	11	6.0207766592513e-06
