task_id	chrom	start	end	iteration	h2_incremental
935	1	9762017	9762519	1	0.273373573090452
935	1	9762017	9762519	2	0
935	1	9762017	9762519	3	5.79789499462605e-06
935	1	9762017	9762519	4	4.98192836729756e-05
935	1	9762017	9762519	5	0.00311330868983041
935	1	9762017	9762519	6	0
935	1	9762017	9762519	7	0
935	1	9762017	9762519	8	0
935	1	9762017	9762519	9	3.10611627323375e-05
935	1	9762017	9762519	10	9.04885401693234e-05
935	1	9762017	9762519	11	0
