task_id	chrom	start	end	iteration	h2_incremental
2805	4	68062470	68062818	1	0.0093541138016017
2805	4	68062470	68062818	2	0.0793538210775881
2805	4	68062470	68062818	3	1.74381038644971e-06
2805	4	68062470	68062818	4	0.000357377729352437
2805	4	68062470	68062818	5	4.08257734734796e-05
2805	4	68062470	68062818	6	0
2805	4	68062470	68062818	7	0
2805	4	68062470	68062818	8	0
2805	4	68062470	68062818	9	2.63328674106159e-05
2805	4	68062470	68062818	10	0
2805	4	68062470	68062818	11	1.34723463817937e-05
