task_id	chrom	start	end	iteration	h2_incremental
1293	2	216850085	216851290	1	0.225544033310564
1293	2	216850085	216851290	2	0.080923428167696
1293	2	216850085	216851290	3	1.62715372853716e-06
1293	2	216850085	216851290	4	2.62028467408081e-07
1293	2	216850085	216851290	5	0
1293	2	216850085	216851290	6	6.19564618400391e-07
1293	2	216850085	216851290	7	0
1293	2	216850085	216851290	8	0
1293	2	216850085	216851290	9	0
1293	2	216850085	216851290	10	0
1293	2	216850085	216851290	11	0
