task_id	chrom	start	end	iteration	h2_incremental
914	1	909800	909961	1	0.137760101855108
914	1	909800	909961	2	7.87331443615049e-07
914	1	909800	909961	3	0
914	1	909800	909961	4	0
914	1	909800	909961	5	0
914	1	909800	909961	6	6.22315460554892e-06
914	1	909800	909961	7	3.69374923965101e-05
914	1	909800	909961	8	0
914	1	909800	909961	9	0
914	1	909800	909961	10	0
914	1	909800	909961	11	9.81270092520013e-05
