task_id	chrom	start	end	iteration	h2_incremental
365	1	2124263	2124404	1	0.514366262712645
365	1	2124263	2124404	2	0.000174278156954915
365	1	2124263	2124404	3	0.000304072497750471
365	1	2124263	2124404	4	7.7438575123752e-05
365	1	2124263	2124404	5	5.069439930088e-08
365	1	2124263	2124404	6	0
365	1	2124263	2124404	7	0
365	1	2124263	2124404	8	0
365	1	2124263	2124404	9	4.14896847074725e-07
365	1	2124263	2124404	10	0
365	1	2124263	2124404	11	6.57449892906331e-08
