task_id	chrom	start	end	iteration	h2_incremental
475	1	24711227	24712292	1	0.14144464060666
475	1	24711227	24712292	2	0.00871790909588906
475	1	24711227	24712292	3	0.00391494656157408
475	1	24711227	24712292	4	1.85904650995621e-05
475	1	24711227	24712292	5	0
475	1	24711227	24712292	6	1.46534312769074e-06
475	1	24711227	24712292	7	0
475	1	24711227	24712292	8	0
475	1	24711227	24712292	9	0
475	1	24711227	24712292	10	0
475	1	24711227	24712292	11	0
