task_id	chrom	start	end	iteration	h2_incremental
4048	6	73461073	73461351	1	0.340125228041224
4048	6	73461073	73461351	2	0.00423302907523234
4048	6	73461073	73461351	3	5.39822497138892e-07
4048	6	73461073	73461351	4	1.11581236416629e-05
4048	6	73461073	73461351	5	0.00346654397326606
4048	6	73461073	73461351	6	0
4048	6	73461073	73461351	7	7.72986803296111e-08
4048	6	73461073	73461351	8	0
4048	6	73461073	73461351	9	0
4048	6	73461073	73461351	10	0
4048	6	73461073	73461351	11	0
