task_id	chrom	start	end	iteration	h2_incremental
3560	6	129172433	129173847	1	0.721534598109791
3560	6	129172433	129173847	2	5.51158289626264e-06
3560	6	129172433	129173847	3	0
3560	6	129172433	129173847	4	0
3560	6	129172433	129173847	5	1.14517076672642e-05
3560	6	129172433	129173847	6	1.02287142733486e-05
3560	6	129172433	129173847	7	0
3560	6	129172433	129173847	8	0
3560	6	129172433	129173847	9	0
3560	6	129172433	129173847	10	4.90324797636108e-06
3560	6	129172433	129173847	11	0
