task_id	chrom	start	end	iteration	h2_incremental
1199	2	172082347	172082693	1	0.196271798397098
1199	2	172082347	172082693	2	1.70066383721142e-05
1199	2	172082347	172082693	3	0.00339119754663076
1199	2	172082347	172082693	4	1.33730962318546e-05
1199	2	172082347	172082693	5	0
1199	2	172082347	172082693	6	0
1199	2	172082347	172082693	7	0
1199	2	172082347	172082693	8	0
1199	2	172082347	172082693	9	0
1199	2	172082347	172082693	10	0
1199	2	172082347	172082693	11	0
