task_id	chrom	start	end	iteration	h2_incremental
3154	5	168296083	168296293	1	0.350374355056488
3154	5	168296083	168296293	2	0
3154	5	168296083	168296293	3	0.00133706491135868
3154	5	168296083	168296293	4	0
3154	5	168296083	168296293	5	0
3154	5	168296083	168296293	6	0
3154	5	168296083	168296293	7	4.3380388764801e-06
3154	5	168296083	168296293	8	0
3154	5	168296083	168296293	9	2.42668488736438e-06
3154	5	168296083	168296293	10	0
3154	5	168296083	168296293	11	3.46183089155798e-05
