task_id	chrom	start	end	iteration	h2_incremental
4358	7	2251802	2252585	1	0.649700479742792
4358	7	2251802	2252585	2	0
4358	7	2251802	2252585	3	0
4358	7	2251802	2252585	4	1.6953116012792e-05
4358	7	2251802	2252585	5	3.08359530868485e-07
4358	7	2251802	2252585	6	4.33088838471469e-07
4358	7	2251802	2252585	7	3.18218171301278e-05
4358	7	2251802	2252585	8	1.96799564728594e-06
4358	7	2251802	2252585	9	0
4358	7	2251802	2252585	10	0
4358	7	2251802	2252585	11	0
