task_id	chrom	start	end	iteration	h2_incremental
1155	2	15984818	15985037	1	0.542124809694714
1155	2	15984818	15985037	2	0
1155	2	15984818	15985037	3	0
1155	2	15984818	15985037	4	0.00240892584356621
1155	2	15984818	15985037	5	1.50221599664738e-05
1155	2	15984818	15985037	6	0.000433646630058227
1155	2	15984818	15985037	7	1.3717261400915e-05
1155	2	15984818	15985037	8	1.21876713359146e-06
1155	2	15984818	15985037	9	0
1155	2	15984818	15985037	10	0
1155	2	15984818	15985037	11	2.09278435869999e-07
