task_id	chrom	start	end	iteration	h2_incremental
2059	3	184603796	184604007	1	0.187935199840303
2059	3	184603796	184604007	2	0.00830660735690116
2059	3	184603796	184604007	3	0.00010570394080513
2059	3	184603796	184604007	4	0.00762549422807822
2059	3	184603796	184604007	5	0
2059	3	184603796	184604007	6	2.62716524694478e-06
2059	3	184603796	184604007	7	0.000370259255907064
2059	3	184603796	184604007	8	0
2059	3	184603796	184604007	9	0.00102158959676103
2059	3	184603796	184604007	10	8.39829458834594e-08
2059	3	184603796	184604007	11	5.97483246138598e-08
2059	3	184603796	184604007	12	0
2059	3	184603796	184604007	13	0
2059	3	184603796	184604007	14	0
