task_id	chrom	start	end	iteration	h2_incremental
180	1	15494489	15494819	1	0.458661614304296
180	1	15494489	15494819	2	0
180	1	15494489	15494819	3	1.08146101343942e-05
180	1	15494489	15494819	4	8.93319965830027e-07
180	1	15494489	15494819	5	0
180	1	15494489	15494819	6	6.87343974907259e-07
180	1	15494489	15494819	7	0
180	1	15494489	15494819	8	7.83515203514758e-06
180	1	15494489	15494819	9	0
180	1	15494489	15494819	10	5.81875652689432e-06
180	1	15494489	15494819	11	0
