task_id	chrom	start	end	iteration	h2_incremental
1992	3	167732456	167733823	1	0.32113785020918
1992	3	167732456	167733823	2	0.0122378603148631
1992	3	167732456	167733823	3	5.01811814992103e-05
1992	3	167732456	167733823	4	0.000392130520907837
1992	3	167732456	167733823	5	7.14529062030694e-05
1992	3	167732456	167733823	6	5.27204025693342e-05
1992	3	167732456	167733823	7	0.00156025079534283
1992	3	167732456	167733823	8	0
1992	3	167732456	167733823	9	0
1992	3	167732456	167733823	10	0
1992	3	167732456	167733823	11	1.40629466453976e-06
1992	3	167732456	167733823	12	3.24870939234977e-07
