task_id	chrom	start	end	iteration	h2_incremental
915	1	9108986	9110220	1	0.601005663147921
915	1	9108986	9110220	2	0
915	1	9108986	9110220	3	1.96789561324846e-07
915	1	9108986	9110220	4	8.66100843778534e-06
915	1	9108986	9110220	5	7.05355357592429e-05
915	1	9108986	9110220	6	0
915	1	9108986	9110220	7	0
915	1	9108986	9110220	8	0
915	1	9108986	9110220	9	0
915	1	9108986	9110220	10	1.17335907948661e-06
915	1	9108986	9110220	11	0
