task_id	chrom	start	end	iteration	h2_incremental
3865	6	29975174	29975432	1	0.481802118740641
3865	6	29975174	29975432	2	0
3865	6	29975174	29975432	3	2.25074488110011e-06
3865	6	29975174	29975432	4	2.74057101874628e-07
3865	6	29975174	29975432	5	0
3865	6	29975174	29975432	6	0
3865	6	29975174	29975432	7	6.68012191255853e-06
3865	6	29975174	29975432	8	1.04136636613367e-05
3865	6	29975174	29975432	9	0
3865	6	29975174	29975432	10	0
3865	6	29975174	29975432	11	0
