task_id	chrom	start	end	iteration	h2_incremental
941	1	9829588	9830100	1	0.232613233614446
941	1	9829588	9830100	2	0
941	1	9829588	9830100	3	9.78031815821332e-06
941	1	9829588	9830100	4	0.00081968165550306
941	1	9829588	9830100	5	1.06100682711282e-07
941	1	9829588	9830100	6	1.68414336336791e-06
941	1	9829588	9830100	7	6.86662948013436e-07
941	1	9829588	9830100	8	9.9731851365044e-08
941	1	9829588	9830100	9	0
941	1	9829588	9830100	10	0
941	1	9829588	9830100	11	1.40414667093476e-07
