task_id	chrom	start	end	iteration	h2_incremental
2688	4	26171517	26172275	1	0.128718189523095
2688	4	26171517	26172275	2	0.00957649959084976
2688	4	26171517	26172275	3	0
2688	4	26171517	26172275	4	9.13687470213201e-06
2688	4	26171517	26172275	5	0
2688	4	26171517	26172275	6	0
2688	4	26171517	26172275	7	0
2688	4	26171517	26172275	8	0
2688	4	26171517	26172275	9	0
2688	4	26171517	26172275	10	6.82156754672393e-07
2688	4	26171517	26172275	11	0
