task_id	chrom	start	end	iteration	h2_incremental
100	1	13524338	13525019	1	0.358298039790473
100	1	13524338	13525019	2	0.000477513944072218
100	1	13524338	13525019	3	0.00184608127022956
100	1	13524338	13525019	4	1.44794519345181e-07
100	1	13524338	13525019	5	2.97073815110345e-05
100	1	13524338	13525019	6	0.000244263814818812
100	1	13524338	13525019	7	0
100	1	13524338	13525019	8	0
100	1	13524338	13525019	9	7.46337341547881e-07
100	1	13524338	13525019	10	0
100	1	13524338	13525019	11	0
