task_id	chrom	start	end	iteration	h2_incremental
212	1	15878464	15878934	1	0.387473010241393
212	1	15878464	15878934	2	5.55970221515179e-08
212	1	15878464	15878934	3	0
212	1	15878464	15878934	4	0
212	1	15878464	15878934	5	0
212	1	15878464	15878934	6	0
212	1	15878464	15878934	7	6.00855065837221e-08
212	1	15878464	15878934	8	0
212	1	15878464	15878934	9	0
212	1	15878464	15878934	10	0
212	1	15878464	15878934	11	0
