task_id	chrom	start	end	iteration	h2_incremental
2834	4	72566164	72567685	1	0.500061687722361
2834	4	72566164	72567685	2	0
2834	4	72566164	72567685	3	2.71272160190905e-06
2834	4	72566164	72567685	4	0
2834	4	72566164	72567685	5	0
2834	4	72566164	72567685	6	0
2834	4	72566164	72567685	7	0
2834	4	72566164	72567685	8	0
2834	4	72566164	72567685	9	0
2834	4	72566164	72567685	10	0
2834	4	72566164	72567685	11	0
