task_id	chrom	start	end	iteration	h2_incremental
737	1	43401068	43402125	1	0.217080051121033
737	1	43401068	43402125	2	0.000798693847001015
737	1	43401068	43402125	3	4.79036020202104e-06
737	1	43401068	43402125	4	4.61369821264626e-05
737	1	43401068	43402125	5	2.00162981854048e-05
737	1	43401068	43402125	6	0
737	1	43401068	43402125	7	0.00316558424424142
737	1	43401068	43402125	8	0
737	1	43401068	43402125	9	0
737	1	43401068	43402125	10	0
737	1	43401068	43402125	11	0
737	1	43401068	43402125	12	0
