task_id	chrom	start	end	iteration	h2_incremental
1569	2	37734843	37740533	1	0.366733013052449
1569	2	37734843	37740533	2	0.00599738271780177
1569	2	37734843	37740533	3	0.000102691189673586
1569	2	37734843	37740533	4	0
1569	2	37734843	37740533	5	1.71970500225467e-06
1569	2	37734843	37740533	6	0.00475529456293076
1569	2	37734843	37740533	7	0
1569	2	37734843	37740533	8	0
1569	2	37734843	37740533	9	3.3696383300414e-05
1569	2	37734843	37740533	10	0
1569	2	37734843	37740533	11	0
