task_id	chrom	start	end	iteration	h2_incremental
1384	2	234544959	234545523	1	0.556677949318562
1384	2	234544959	234545523	2	0
1384	2	234544959	234545523	3	1.5391068232994e-06
1384	2	234544959	234545523	4	0
1384	2	234544959	234545523	5	1.53009355481542e-06
1384	2	234544959	234545523	6	1.3539739348736e-06
1384	2	234544959	234545523	7	0
1384	2	234544959	234545523	8	0
1384	2	234544959	234545523	9	0
1384	2	234544959	234545523	10	0
1384	2	234544959	234545523	11	8.34643075030818e-08
