task_id	chrom	start	end	iteration	h2_incremental
3993	6	41027409	41027669	1	0.220171630973143
3993	6	41027409	41027669	2	0.0247664068600449
3993	6	41027409	41027669	3	0
3993	6	41027409	41027669	4	7.93507194492582e-06
3993	6	41027409	41027669	5	0
3993	6	41027409	41027669	6	3.20238649382432e-07
3993	6	41027409	41027669	7	0
3993	6	41027409	41027669	8	0
3993	6	41027409	41027669	9	0
3993	6	41027409	41027669	10	0
3993	6	41027409	41027669	11	0
