task_id	chrom	start	end	iteration	h2_incremental
2087	3	19102856	19104003	1	0.377569143592705
2087	3	19102856	19104003	2	0
2087	3	19102856	19104003	3	0.00142258320363162
2087	3	19102856	19104003	4	0.00240384644811238
2087	3	19102856	19104003	5	0
2087	3	19102856	19104003	6	0
2087	3	19102856	19104003	7	0
2087	3	19102856	19104003	8	2.29580517282928e-06
2087	3	19102856	19104003	9	8.82052618511653e-06
2087	3	19102856	19104003	10	0
2087	3	19102856	19104003	11	0
