task_id	chrom	start	end	iteration	h2_incremental
2139	3	197291633	197294936	1	0.238459111085753
2139	3	197291633	197294936	2	4.24930184052241e-06
2139	3	197291633	197294936	3	0
2139	3	197291633	197294936	4	3.20677037313493e-05
2139	3	197291633	197294936	5	0
2139	3	197291633	197294936	6	0.00365027129039582
2139	3	197291633	197294936	7	0
2139	3	197291633	197294936	8	0
2139	3	197291633	197294936	9	0
2139	3	197291633	197294936	10	0
2139	3	197291633	197294936	11	3.50522909306612e-06
