task_id	chrom	start	end	iteration	h2_incremental
2783	4	578125	578896	1	0.36495166121785
2783	4	578125	578896	2	0
2783	4	578125	578896	3	2.59113940339366e-05
2783	4	578125	578896	4	0
2783	4	578125	578896	5	1.49060058357064e-05
2783	4	578125	578896	6	0.000655990648710141
2783	4	578125	578896	7	0
2783	4	578125	578896	8	2.35047338950648e-06
2783	4	578125	578896	9	0
2783	4	578125	578896	10	0
2783	4	578125	578896	11	0
