task_id	chrom	start	end	iteration	h2_incremental
2334	3	69540984	69541182	1	0.280500598025237
2334	3	69540984	69541182	2	0
2334	3	69540984	69541182	3	0.00483748416246284
2334	3	69540984	69541182	4	0
2334	3	69540984	69541182	5	0
2334	3	69540984	69541182	6	0
2334	3	69540984	69541182	7	0
2334	3	69540984	69541182	8	0
2334	3	69540984	69541182	9	0
2334	3	69540984	69541182	10	0
2334	3	69540984	69541182	11	0
