task_id	chrom	start	end	iteration	h2_incremental
3969	6	35182562	35182588	1	0.318687288852608
3969	6	35182562	35182588	2	8.27062552794118e-06
3969	6	35182562	35182588	3	0
3969	6	35182562	35182588	4	0
3969	6	35182562	35182588	5	6.57065205153482e-06
3969	6	35182562	35182588	6	7.17814364612421e-07
3969	6	35182562	35182588	7	0
3969	6	35182562	35182588	8	2.91514398142928e-07
3969	6	35182562	35182588	9	6.24141491980478e-08
3969	6	35182562	35182588	10	0
3969	6	35182562	35182588	11	5.9746750110154e-07
