task_id	chrom	start	end	iteration	h2_incremental
498	1	25277737	25277965	1	0.405844931634726
498	1	25277737	25277965	2	0
498	1	25277737	25277965	3	4.20659297351983e-05
498	1	25277737	25277965	4	1.46399450282494e-05
498	1	25277737	25277965	5	3.13445755622691e-05
498	1	25277737	25277965	6	0
498	1	25277737	25277965	7	0
498	1	25277737	25277965	8	0
498	1	25277737	25277965	9	0
498	1	25277737	25277965	10	2.3885061243725e-07
498	1	25277737	25277965	11	0
