task_id	chrom	start	end	iteration	h2_incremental
3837	6	28751531	28751740	1	0.324777436768918
3837	6	28751531	28751740	2	0
3837	6	28751531	28751740	3	2.07690711389093e-06
3837	6	28751531	28751740	4	0.00229018972187587
3837	6	28751531	28751740	5	5.7110386634011e-05
3837	6	28751531	28751740	6	0
3837	6	28751531	28751740	7	0
3837	6	28751531	28751740	8	0
3837	6	28751531	28751740	9	0
3837	6	28751531	28751740	10	0
3837	6	28751531	28751740	11	7.29961631378904e-06
