task_id	chrom	start	end	iteration	h2_incremental
298	1	1866651	1867250	1	0.0494249117004696
298	1	1866651	1867250	2	0.0141831185350725
298	1	1866651	1867250	3	0
298	1	1866651	1867250	4	0.0021794492837664
298	1	1866651	1867250	5	0
298	1	1866651	1867250	6	0
298	1	1866651	1867250	7	0.00604469597334089
298	1	1866651	1867250	8	0
298	1	1866651	1867250	9	0
298	1	1866651	1867250	10	0
298	1	1866651	1867250	11	0
298	1	1866651	1867250	12	0
