task_id	chrom	start	end	iteration	h2_incremental
892	1	8792533	8793113	1	0.626354430406381
892	1	8792533	8793113	2	0
892	1	8792533	8793113	3	0
892	1	8792533	8793113	4	0.000129934268450721
892	1	8792533	8793113	5	4.88245502421527e-06
892	1	8792533	8793113	6	0
892	1	8792533	8793113	7	0
892	1	8792533	8793113	8	0
892	1	8792533	8793113	9	0
892	1	8792533	8793113	10	0
892	1	8792533	8793113	11	3.04078349568559e-06
