task_id	chrom	start	end	iteration	h2_incremental
1072	2	127118149	127118859	1	0.167487330226475
1072	2	127118149	127118859	2	0.00185047659031118
1072	2	127118149	127118859	3	0.00105956356834903
1072	2	127118149	127118859	4	0.000274178282355032
1072	2	127118149	127118859	5	0
1072	2	127118149	127118859	6	0.00179967006665914
1072	2	127118149	127118859	7	0
1072	2	127118149	127118859	8	0
1072	2	127118149	127118859	9	0
1072	2	127118149	127118859	10	0
1072	2	127118149	127118859	11	0
