task_id	chrom	start	end	iteration	h2_incremental
4061	6	7975306	7976005	1	0.627146311642726
4061	6	7975306	7976005	2	3.01178594410832e-05
4061	6	7975306	7976005	3	0
4061	6	7975306	7976005	4	3.28741314554849e-07
4061	6	7975306	7976005	5	0
4061	6	7975306	7976005	6	5.81899973563773e-06
4061	6	7975306	7976005	7	1.17926520319205e-05
4061	6	7975306	7976005	8	0
4061	6	7975306	7976005	9	0
4061	6	7975306	7976005	10	6.36589704040181e-07
4061	6	7975306	7976005	11	7.3749275554657e-06
