task_id	chrom	start	end	iteration	h2_incremental
1133	2	149501088	149502670	1	0.428148329425086
1133	2	149501088	149502670	2	0.0037678838413964
1133	2	149501088	149502670	3	0.0253050278621702
1133	2	149501088	149502670	4	0
1133	2	149501088	149502670	5	0.000700826344432794
1133	2	149501088	149502670	6	0
1133	2	149501088	149502670	7	0
1133	2	149501088	149502670	8	0
1133	2	149501088	149502670	9	1.62009947738918e-05
1133	2	149501088	149502670	10	0
1133	2	149501088	149502670	11	0
