task_id	chrom	start	end	iteration	h2_incremental
2854	4	76801904	76802270	1	0.170086253150497
2854	4	76801904	76802270	2	6.82854749487499e-05
2854	4	76801904	76802270	3	3.24414220297809e-05
2854	4	76801904	76802270	4	0.000165792835736467
2854	4	76801904	76802270	5	0
2854	4	76801904	76802270	6	0.00645273654136969
2854	4	76801904	76802270	7	0
2854	4	76801904	76802270	8	5.03557768691802e-06
2854	4	76801904	76802270	9	8.85866768873647e-05
2854	4	76801904	76802270	10	0
2854	4	76801904	76802270	11	0
