task_id	chrom	start	end	iteration	h2_incremental
3127	5	159206132	159206281	1	0.349697124715522
3127	5	159206132	159206281	2	0.00104068944641407
3127	5	159206132	159206281	3	0
3127	5	159206132	159206281	4	0
3127	5	159206132	159206281	5	1.45280279987264e-05
3127	5	159206132	159206281	6	0
3127	5	159206132	159206281	7	0
3127	5	159206132	159206281	8	0
3127	5	159206132	159206281	9	9.69553066696722e-06
3127	5	159206132	159206281	10	0
3127	5	159206132	159206281	11	0
