task_id	chrom	start	end	iteration	h2_incremental
2714	4	36292592	36292876	1	0.375820099277477
2714	4	36292592	36292876	2	0
2714	4	36292592	36292876	3	0
2714	4	36292592	36292876	4	0
2714	4	36292592	36292876	5	2.13182844198842e-06
2714	4	36292592	36292876	6	0
2714	4	36292592	36292876	7	0
2714	4	36292592	36292876	8	0
2714	4	36292592	36292876	9	0
2714	4	36292592	36292876	10	0
2714	4	36292592	36292876	11	0
