task_id	chrom	start	end	iteration	h2_incremental
2843	4	73980329	73982950	1	0.583810039785841
2843	4	73980329	73982950	2	0
2843	4	73980329	73982950	3	0
2843	4	73980329	73982950	4	0
2843	4	73980329	73982950	5	4.41571305998455e-06
2843	4	73980329	73982950	6	0.000128270255953605
2843	4	73980329	73982950	7	0
2843	4	73980329	73982950	8	0
2843	4	73980329	73982950	9	0
2843	4	73980329	73982950	10	0
2843	4	73980329	73982950	11	0
