task_id	chrom	start	end	iteration	h2_incremental
340	1	20549778	20550813	1	0.651235399490907
340	1	20549778	20550813	2	0
340	1	20549778	20550813	3	0
340	1	20549778	20550813	4	1.47307077306548e-05
340	1	20549778	20550813	5	2.36177053624278e-05
340	1	20549778	20550813	6	8.209023557071e-07
340	1	20549778	20550813	7	4.67630640288303e-06
340	1	20549778	20550813	8	2.99383253973479e-08
340	1	20549778	20550813	9	0
340	1	20549778	20550813	10	0
340	1	20549778	20550813	11	0
