task_id	chrom	start	end	iteration	h2_incremental
912	1	9063717	9064074	1	0.64306118258033
912	1	9063717	9064074	2	3.00541713679081e-07
912	1	9063717	9064074	3	0
912	1	9063717	9064074	4	0
912	1	9063717	9064074	5	4.81168886591377e-07
912	1	9063717	9064074	6	4.17469709896849e-08
912	1	9063717	9064074	7	2.88703610042296e-06
912	1	9063717	9064074	8	0
912	1	9063717	9064074	9	0
912	1	9063717	9064074	10	1.07263006955313e-05
912	1	9063717	9064074	11	0
