task_id	chrom	start	end	iteration	h2_incremental
149	1	148530596	148530794	1	0.127740951395757
149	1	148530596	148530794	2	0.00360003806514919
149	1	148530596	148530794	3	0.000950420290430429
149	1	148530596	148530794	4	0
149	1	148530596	148530794	5	0
149	1	148530596	148530794	6	0
149	1	148530596	148530794	7	0
149	1	148530596	148530794	8	1.93140317400953e-05
149	1	148530596	148530794	9	0
149	1	148530596	148530794	10	0
149	1	148530596	148530794	11	0
