task_id	chrom	start	end	iteration	h2_incremental
1839	3	123981011	123981563	1	0.349821803893245
1839	3	123981011	123981563	2	0.0017262365278068
1839	3	123981011	123981563	3	0
1839	3	123981011	123981563	4	0
1839	3	123981011	123981563	5	0.00155065246073041
1839	3	123981011	123981563	6	0
1839	3	123981011	123981563	7	0
1839	3	123981011	123981563	8	0
1839	3	123981011	123981563	9	0
1839	3	123981011	123981563	10	0
1839	3	123981011	123981563	11	0
