task_id	chrom	start	end	iteration	h2_incremental
3781	6	18595700	18596526	1	0.295857147450512
3781	6	18595700	18596526	2	0
3781	6	18595700	18596526	3	3.38066994592261e-05
3781	6	18595700	18596526	4	0
3781	6	18595700	18596526	5	3.38538360726198e-06
3781	6	18595700	18596526	6	0
3781	6	18595700	18596526	7	0
3781	6	18595700	18596526	8	0
3781	6	18595700	18596526	9	0
3781	6	18595700	18596526	10	0
3781	6	18595700	18596526	11	0
