task_id	chrom	start	end	iteration	h2_incremental
4215	7	139770315	139771682	1	0.167240440351778
4215	7	139770315	139771682	2	0.00418093270740409
4215	7	139770315	139771682	3	1.61288440366072e-05
4215	7	139770315	139771682	4	0.00110527976697362
4215	7	139770315	139771682	5	0
4215	7	139770315	139771682	6	0
4215	7	139770315	139771682	7	0
4215	7	139770315	139771682	8	0
4215	7	139770315	139771682	9	0
4215	7	139770315	139771682	10	0
4215	7	139770315	139771682	11	0
