task_id	chrom	start	end	iteration	h2_incremental
2927	4	9659407	9661172	1	0.509551350100395
2927	4	9659407	9661172	2	0.00973882187921878
2927	4	9659407	9661172	3	4.87021156998797e-07
2927	4	9659407	9661172	4	0
2927	4	9659407	9661172	5	0.000185386403345715
2927	4	9659407	9661172	6	0.00013236613237527
2927	4	9659407	9661172	7	0
2927	4	9659407	9661172	8	0
2927	4	9659407	9661172	9	0
2927	4	9659407	9661172	10	0
2927	4	9659407	9661172	11	0
