task_id	chrom	start	end	iteration	h2_incremental
950	1	9962704	9962882	1	0.235619754550143
950	1	9962704	9962882	2	0
950	1	9962704	9962882	3	0
950	1	9962704	9962882	4	0
950	1	9962704	9962882	5	2.33344806354902e-07
950	1	9962704	9962882	6	0
950	1	9962704	9962882	7	0
950	1	9962704	9962882	8	0
950	1	9962704	9962882	9	0.000275940999902921
950	1	9962704	9962882	10	0
950	1	9962704	9962882	11	0
950	1	9962704	9962882	12	0
950	1	9962704	9962882	13	0
950	1	9962704	9962882	14	0
