task_id	chrom	start	end	iteration	h2_incremental
2030	3	181734755	181736741	1	0.271212231310037
2030	3	181734755	181736741	2	0.00188849561930977
2030	3	181734755	181736741	3	0
2030	3	181734755	181736741	4	0
2030	3	181734755	181736741	5	0
2030	3	181734755	181736741	6	0
2030	3	181734755	181736741	7	0
2030	3	181734755	181736741	8	0
2030	3	181734755	181736741	9	0
2030	3	181734755	181736741	10	0
2030	3	181734755	181736741	11	0
