task_id	chrom	start	end	iteration	h2_incremental
66	1	1174096	1174345	1	0.554392664969055
66	1	1174096	1174345	2	0.00258804779155303
66	1	1174096	1174345	3	0
66	1	1174096	1174345	4	0
66	1	1174096	1174345	5	0.00145570327985149
66	1	1174096	1174345	6	7.0061425040225e-08
66	1	1174096	1174345	7	8.44444939861059e-08
66	1	1174096	1174345	8	5.55394950992817e-06
66	1	1174096	1174345	9	7.1145441031192e-05
66	1	1174096	1174345	10	1.25822662164305e-05
66	1	1174096	1174345	11	0
