task_id	chrom	start	end	iteration	h2_incremental
4129	7	115475756	115476633	1	0.18751223552555
4129	7	115475756	115476633	2	0.00444611165558586
4129	7	115475756	115476633	3	0
4129	7	115475756	115476633	4	0
4129	7	115475756	115476633	5	0.000280995655334834
4129	7	115475756	115476633	6	1.79297628055446e-06
4129	7	115475756	115476633	7	0
4129	7	115475756	115476633	8	0
4129	7	115475756	115476633	9	0
4129	7	115475756	115476633	10	0
4129	7	115475756	115476633	11	0
