task_id	chrom	start	end	iteration	h2_incremental
869	1	80040959	80041061	1	0.693138846064199
869	1	80040959	80041061	2	0.000459750195878547
869	1	80040959	80041061	3	0.00032414310306932
869	1	80040959	80041061	4	5.88285075602215e-05
869	1	80040959	80041061	5	9.56300370796388e-05
869	1	80040959	80041061	6	3.40488635484099e-05
869	1	80040959	80041061	7	0
869	1	80040959	80041061	8	6.78937140225364e-08
869	1	80040959	80041061	9	0
869	1	80040959	80041061	10	0
869	1	80040959	80041061	11	0
