task_id	chrom	start	end	iteration	h2_incremental
972	2	101781230	101782021	1	0.558053908881029
972	2	101781230	101782021	2	0
972	2	101781230	101782021	3	0
972	2	101781230	101782021	4	0
972	2	101781230	101782021	5	0
972	2	101781230	101782021	6	0
972	2	101781230	101782021	7	0
972	2	101781230	101782021	8	0
972	2	101781230	101782021	9	5.07496135087303e-08
972	2	101781230	101782021	10	6.61720611603292e-07
972	2	101781230	101782021	11	0
