task_id	chrom	start	end	iteration	h2_incremental
2911	4	91791637	91792007	1	0.223369809392176
2911	4	91791637	91792007	2	0
2911	4	91791637	91792007	3	0.000851477539369674
2911	4	91791637	91792007	4	0
2911	4	91791637	91792007	5	0
2911	4	91791637	91792007	6	0.00447942713584489
2911	4	91791637	91792007	7	1.29049171268059e-05
2911	4	91791637	91792007	8	4.6686248974897e-06
2911	4	91791637	91792007	9	0
2911	4	91791637	91792007	10	0
2911	4	91791637	91792007	11	0
