task_id	chrom	start	end	iteration	h2_incremental
4352	7	22001216	22001488	1	0.762490159344793
4352	7	22001216	22001488	2	0
4352	7	22001216	22001488	3	1.78509569082102e-07
4352	7	22001216	22001488	4	0
4352	7	22001216	22001488	5	0
4352	7	22001216	22001488	6	0
4352	7	22001216	22001488	7	0
4352	7	22001216	22001488	8	0
4352	7	22001216	22001488	9	0
4352	7	22001216	22001488	10	9.96158698173209e-08
4352	7	22001216	22001488	11	0
