task_id	chrom	start	end	iteration	h2_incremental
2455	4	123351951	123352528	1	0.584790907796723
2455	4	123351951	123352528	2	0
2455	4	123351951	123352528	3	9.53337731002774e-07
2455	4	123351951	123352528	4	0
2455	4	123351951	123352528	5	1.29618935878661e-05
2455	4	123351951	123352528	6	0
2455	4	123351951	123352528	7	1.58914965909086e-05
2455	4	123351951	123352528	8	0
2455	4	123351951	123352528	9	0
2455	4	123351951	123352528	10	2.19252335336759e-07
2455	4	123351951	123352528	11	0
