task_id	chrom	start	end	iteration	h2_incremental
619	1	2949413	2950018	1	0.426138335764697
619	1	2949413	2950018	2	0.000639024325656466
619	1	2949413	2950018	3	0.000712750102427145
619	1	2949413	2950018	4	0
619	1	2949413	2950018	5	0
619	1	2949413	2950018	6	0
619	1	2949413	2950018	7	0
619	1	2949413	2950018	8	0
619	1	2949413	2950018	9	3.41009685795465e-07
619	1	2949413	2950018	10	2.50325815199288e-07
619	1	2949413	2950018	11	0
