task_id	chrom	start	end	iteration	h2_incremental
1612	2	50829650	50830920	1	0.085629166714626
1612	2	50829650	50830920	2	0.0117574239139023
1612	2	50829650	50830920	3	6.75228285721949e-06
1612	2	50829650	50830920	4	5.96688084361523e-05
1612	2	50829650	50830920	5	0
1612	2	50829650	50830920	6	0.00185300172083944
1612	2	50829650	50830920	7	0
1612	2	50829650	50830920	8	0
1612	2	50829650	50830920	9	0
1612	2	50829650	50830920	10	5.42607674964871e-06
1612	2	50829650	50830920	11	2.91701499142586e-05
