task_id	chrom	start	end	iteration	h2_incremental
2305	3	63562382	63563184	1	0.592141761985422
2305	3	63562382	63563184	2	0.00121722190105642
2305	3	63562382	63563184	3	0
2305	3	63562382	63563184	4	0.000114940754530973
2305	3	63562382	63563184	5	0
2305	3	63562382	63563184	6	0.000128472929589261
2305	3	63562382	63563184	7	0
2305	3	63562382	63563184	8	0
2305	3	63562382	63563184	9	8.3388088000409e-08
2305	3	63562382	63563184	10	5.07564786248328e-08
2305	3	63562382	63563184	11	0
