task_id	chrom	start	end	iteration	h2_incremental
3381	5	62224098	62224136	1	0.300213491104758
3381	5	62224098	62224136	2	0
3381	5	62224098	62224136	3	0
3381	5	62224098	62224136	4	0
3381	5	62224098	62224136	5	0
3381	5	62224098	62224136	6	7.64590344043267e-05
3381	5	62224098	62224136	7	0
3381	5	62224098	62224136	8	0
3381	5	62224098	62224136	9	0
3381	5	62224098	62224136	10	1.87307492684382e-05
3381	5	62224098	62224136	11	1.13336204917463e-07
