task_id	chrom	start	end	iteration	h2_incremental
1731	2	95115149	95115544	1	0.00250895747284027
1731	2	95115149	95115544	2	0.00650834034189378
1731	2	95115149	95115544	3	0.00214504661689371
1731	2	95115149	95115544	4	0
1731	2	95115149	95115544	5	0.00696473011061196
1731	2	95115149	95115544	6	0
1731	2	95115149	95115544	7	0
1731	2	95115149	95115544	8	2.64237510525038e-05
1731	2	95115149	95115544	9	0.000134510514531518
1731	2	95115149	95115544	10	0
1731	2	95115149	95115544	11	1.77215261104912e-06
