task_id	chrom	start	end	iteration	h2_incremental
829	1	6659654	6660115	1	0.0410177444418066
829	1	6659654	6660115	2	0.000888504615777508
829	1	6659654	6660115	3	0.0944786772397187
829	1	6659654	6660115	4	0
829	1	6659654	6660115	5	0
829	1	6659654	6660115	6	0
829	1	6659654	6660115	7	0.00548803323796376
829	1	6659654	6660115	8	0
829	1	6659654	6660115	9	0
829	1	6659654	6660115	10	1.2065757905862e-06
829	1	6659654	6660115	11	0
829	1	6659654	6660115	12	0
