task_id	chrom	start	end	iteration	h2_incremental
1616	2	53860314	53861011	1	0.24267799360849
1616	2	53860314	53861011	2	4.96322063930916e-05
1616	2	53860314	53861011	3	0.000207220129435875
1616	2	53860314	53861011	4	0
1616	2	53860314	53861011	5	5.19537068214865e-06
1616	2	53860314	53861011	6	0
1616	2	53860314	53861011	7	0
1616	2	53860314	53861011	8	0
1616	2	53860314	53861011	9	0
1616	2	53860314	53861011	10	8.18244454405668e-05
1616	2	53860314	53861011	11	1.33869616224286e-06
