task_id	chrom	start	end	iteration	h2_incremental
651	1	32293355	32293923	1	0.0217305815717371
651	1	32293355	32293923	2	0.0233269625997193
651	1	32293355	32293923	3	4.57719309901446e-06
651	1	32293355	32293923	4	0
651	1	32293355	32293923	5	0
651	1	32293355	32293923	6	0
651	1	32293355	32293923	7	0
651	1	32293355	32293923	8	0
651	1	32293355	32293923	9	5.19176452158313e-05
651	1	32293355	32293923	10	2.62256899353495e-07
651	1	32293355	32293923	11	0
