task_id	chrom	start	end	iteration	h2_incremental
2791	4	646390	646595	1	0.189860606928217
2791	4	646390	646595	2	0.0870973309674792
2791	4	646390	646595	3	0
2791	4	646390	646595	4	0
2791	4	646390	646595	5	2.31000740803048e-06
2791	4	646390	646595	6	0
2791	4	646390	646595	7	0
2791	4	646390	646595	8	0
2791	4	646390	646595	9	5.5208408303334e-07
2791	4	646390	646595	10	0
2791	4	646390	646595	11	0
