task_id	chrom	start	end	iteration	h2_incremental
4042	6	68040277	68041120	1	0.389380695061017
4042	6	68040277	68041120	2	5.7062590281138e-05
4042	6	68040277	68041120	3	0
4042	6	68040277	68041120	4	1.36716378421071e-05
4042	6	68040277	68041120	5	3.14108626863027e-05
4042	6	68040277	68041120	6	0
4042	6	68040277	68041120	7	3.69687890175439e-06
4042	6	68040277	68041120	8	0
4042	6	68040277	68041120	9	3.53277709625965e-06
4042	6	68040277	68041120	10	0
4042	6	68040277	68041120	11	3.68982305916076e-06
