task_id	chrom	start	end	iteration	h2_incremental
3230	5	179166801	179166909	1	0.525872793326455
3230	5	179166801	179166909	2	2.43212830843254e-06
3230	5	179166801	179166909	3	0
3230	5	179166801	179166909	4	0
3230	5	179166801	179166909	5	5.92492540109988e-06
3230	5	179166801	179166909	6	0
3230	5	179166801	179166909	7	0
3230	5	179166801	179166909	8	1.79593347832108e-06
3230	5	179166801	179166909	9	0
3230	5	179166801	179166909	10	0
3230	5	179166801	179166909	11	0
