task_id	chrom	start	end	iteration	h2_incremental
1874	3	128480918	128481275	1	0.31906676474086
1874	3	128480918	128481275	2	4.98680339370827e-05
1874	3	128480918	128481275	3	7.28386291031957e-08
1874	3	128480918	128481275	4	0.00172236344010756
1874	3	128480918	128481275	5	0
1874	3	128480918	128481275	6	0
1874	3	128480918	128481275	7	0
1874	3	128480918	128481275	8	0
1874	3	128480918	128481275	9	0
1874	3	128480918	128481275	10	0
1874	3	128480918	128481275	11	1.38103686597757e-05
