task_id	chrom	start	end	iteration	h2_incremental
754	1	45592734	45592833	1	0.078263961980181
754	1	45592734	45592833	2	4.93978541667464e-06
754	1	45592734	45592833	3	0
754	1	45592734	45592833	4	0.00177647506299512
754	1	45592734	45592833	5	6.49658462679785e-06
754	1	45592734	45592833	6	0.00114053711479974
754	1	45592734	45592833	7	7.44158947903291e-06
754	1	45592734	45592833	8	0
754	1	45592734	45592833	9	0.000128427040714296
754	1	45592734	45592833	10	0
754	1	45592734	45592833	11	0
