task_id	chrom	start	end	iteration	h2_incremental
2730	4	4033239	4033491	1	0.498279952996899
2730	4	4033239	4033491	2	7.6556641384843e-05
2730	4	4033239	4033491	3	0.00400574638443412
2730	4	4033239	4033491	4	1.5687888354591e-06
2730	4	4033239	4033491	5	4.87251320130457e-07
2730	4	4033239	4033491	6	0
2730	4	4033239	4033491	7	0
2730	4	4033239	4033491	8	4.48769440210011e-05
2730	4	4033239	4033491	9	4.99120375354378e-06
2730	4	4033239	4033491	10	0
2730	4	4033239	4033491	11	2.26879960542865e-06
