task_id	chrom	start	end	iteration	h2_incremental
2701	4	29060312	29062848	1	0.660590471396589
2701	4	29060312	29062848	2	0
2701	4	29060312	29062848	3	0
2701	4	29060312	29062848	4	2.38158854996662e-05
2701	4	29060312	29062848	5	2.47987921606459e-07
2701	4	29060312	29062848	6	1.35150356581703e-06
2701	4	29060312	29062848	7	0
2701	4	29060312	29062848	8	2.98534695668239e-05
2701	4	29060312	29062848	9	0
2701	4	29060312	29062848	10	2.29670719735031e-06
2701	4	29060312	29062848	11	0
