task_id	chrom	start	end	iteration	h2_incremental
968	2	101609398	101611093	1	0.0971700475844448
968	2	101609398	101611093	2	0.029888272078568
968	2	101609398	101611093	3	0.0260997512669159
968	2	101609398	101611093	4	2.46786846192952e-05
968	2	101609398	101611093	5	0
968	2	101609398	101611093	6	0
968	2	101609398	101611093	7	0
968	2	101609398	101611093	8	0
968	2	101609398	101611093	9	0
968	2	101609398	101611093	10	0
968	2	101609398	101611093	11	0
