task_id	chrom	start	end	iteration	h2_incremental
2181	3	33115147	33115497	1	0.136863274745888
2181	3	33115147	33115497	2	0
2181	3	33115147	33115497	3	0.00205896537829584
2181	3	33115147	33115497	4	5.80280091590734e-06
2181	3	33115147	33115497	5	0.00393523785753899
2181	3	33115147	33115497	6	0
2181	3	33115147	33115497	7	2.95738224628169e-06
2181	3	33115147	33115497	8	0
2181	3	33115147	33115497	9	0
2181	3	33115147	33115497	10	0
2181	3	33115147	33115497	11	0
