task_id	chrom	start	end	iteration	h2_incremental
3953	6	33057935	33058775	1	0.580938253054273
3953	6	33057935	33058775	2	0.00632452206736182
3953	6	33057935	33058775	3	4.384147285932e-07
3953	6	33057935	33058775	4	2.01720613379439e-05
3953	6	33057935	33058775	5	6.47567496735954e-05
3953	6	33057935	33058775	6	0
3953	6	33057935	33058775	7	0
3953	6	33057935	33058775	8	0
3953	6	33057935	33058775	9	0
3953	6	33057935	33058775	10	0
3953	6	33057935	33058775	11	2.49067813626407e-07
