task_id	chrom	start	end	iteration	h2_incremental
2392	3	95468598	95470084	1	0.535084993508513
2392	3	95468598	95470084	2	0.0051647233431334
2392	3	95468598	95470084	3	0.000136814433115339
2392	3	95468598	95470084	4	0
2392	3	95468598	95470084	5	1.55157987769353e-05
2392	3	95468598	95470084	6	0.000274629576943829
2392	3	95468598	95470084	7	0
2392	3	95468598	95470084	8	0
2392	3	95468598	95470084	9	0
2392	3	95468598	95470084	10	0
2392	3	95468598	95470084	11	0
