task_id	chrom	start	end	iteration	h2_incremental
68	1	1185150	1185540	1	0.090834655728619
68	1	1185150	1185540	2	0.00544579739899729
68	1	1185150	1185540	3	0
68	1	1185150	1185540	4	0.00203178146956715
68	1	1185150	1185540	5	0
68	1	1185150	1185540	6	0.000135182552808305
68	1	1185150	1185540	7	0
68	1	1185150	1185540	8	2.07130017423987e-05
68	1	1185150	1185540	9	0
68	1	1185150	1185540	10	0
68	1	1185150	1185540	11	6.38135885121044e-08
