task_id	chrom	start	end	iteration	h2_incremental
401	1	225519260	225519356	1	0.0540635408249902
401	1	225519260	225519356	2	0.0740070521042731
401	1	225519260	225519356	3	0.00196532390112882
401	1	225519260	225519356	4	6.35072174005578e-07
401	1	225519260	225519356	5	2.22391696717526e-06
401	1	225519260	225519356	6	0
401	1	225519260	225519356	7	0
401	1	225519260	225519356	8	0
401	1	225519260	225519356	9	0
401	1	225519260	225519356	10	0
401	1	225519260	225519356	11	0
