task_id	chrom	start	end	iteration	h2_incremental
526	1	26480962	26482280	1	0.108657116242811
526	1	26480962	26482280	2	3.4879574835767e-05
526	1	26480962	26482280	3	0.00477088074178516
526	1	26480962	26482280	4	0
526	1	26480962	26482280	5	0.00132955776536724
526	1	26480962	26482280	6	2.92146099851814e-05
526	1	26480962	26482280	7	0
526	1	26480962	26482280	8	0
526	1	26480962	26482280	9	0
526	1	26480962	26482280	10	1.09189801402463e-06
526	1	26480962	26482280	11	0
