task_id	chrom	start	end	iteration	h2_incremental
2702	4	2956392	2956730	1	0.232428361195716
2702	4	2956392	2956730	2	0
2702	4	2956392	2956730	3	0
2702	4	2956392	2956730	4	0
2702	4	2956392	2956730	5	0
2702	4	2956392	2956730	6	0
2702	4	2956392	2956730	7	0
2702	4	2956392	2956730	8	1.05914882476577e-06
2702	4	2956392	2956730	9	0
2702	4	2956392	2956730	10	0
2702	4	2956392	2956730	11	0
