task_id	chrom	start	end	iteration	h2_incremental
588	1	28294992	28296024	1	0.15065090378679
588	1	28294992	28296024	2	0.00297013757500124
588	1	28294992	28296024	3	0.00210975018916284
588	1	28294992	28296024	4	0.00144511447184977
588	1	28294992	28296024	5	0
588	1	28294992	28296024	6	3.42181773524887e-07
588	1	28294992	28296024	7	0
588	1	28294992	28296024	8	0
588	1	28294992	28296024	9	3.80415521269289e-06
588	1	28294992	28296024	10	0
588	1	28294992	28296024	11	1.15700662684205e-05
