task_id	chrom	start	end	iteration	h2_incremental
1993	3	1677842	1678539	1	0.441999961348974
1993	3	1677842	1678539	2	7.76450030500248e-06
1993	3	1677842	1678539	3	0.000893404976512413
1993	3	1677842	1678539	4	0
1993	3	1677842	1678539	5	8.07996276768317e-06
1993	3	1677842	1678539	6	3.46209472912008e-06
1993	3	1677842	1678539	7	2.7082711207724e-07
1993	3	1677842	1678539	8	0
1993	3	1677842	1678539	9	0.00013666079785253
1993	3	1677842	1678539	10	0
1993	3	1677842	1678539	11	0
