task_id	chrom	start	end	iteration	h2_incremental
4422	7	32963821	32964260	1	0.263864099782961
4422	7	32963821	32964260	2	0
4422	7	32963821	32964260	3	0
4422	7	32963821	32964260	4	4.0175575304835e-06
4422	7	32963821	32964260	5	7.19632529736784e-06
4422	7	32963821	32964260	6	0.00756792209941359
4422	7	32963821	32964260	7	3.12508328395552e-06
4422	7	32963821	32964260	8	2.14553118087871e-05
4422	7	32963821	32964260	9	0
4422	7	32963821	32964260	10	0
4422	7	32963821	32964260	11	0
