task_id	chrom	start	end	iteration	h2_incremental
2264	3	52046534	52047842	1	0.218643780277974
2264	3	52046534	52047842	2	0.000620201035910428
2264	3	52046534	52047842	3	0.00299672642786499
2264	3	52046534	52047842	4	6.57015001191831e-08
2264	3	52046534	52047842	5	0
2264	3	52046534	52047842	6	0
2264	3	52046534	52047842	7	0
2264	3	52046534	52047842	8	5.55829132232554e-08
2264	3	52046534	52047842	9	0
2264	3	52046534	52047842	10	3.33899500504768e-07
2264	3	52046534	52047842	11	0
