task_id	chrom	start	end	iteration	h2_incremental
4404	7	2928772	2928993	1	0.320640733463787
4404	7	2928772	2928993	2	1.80355101127178e-06
4404	7	2928772	2928993	3	0.00641904106202073
4404	7	2928772	2928993	4	0
4404	7	2928772	2928993	5	0.0058432986803645
4404	7	2928772	2928993	6	0
4404	7	2928772	2928993	7	7.21779170682323e-06
4404	7	2928772	2928993	8	0.000132212192981125
4404	7	2928772	2928993	9	0
4404	7	2928772	2928993	10	0
4404	7	2928772	2928993	11	0
