task_id	chrom	start	end	iteration	h2_incremental
879	1	8305769	8306651	1	0.243804003545136
879	1	8305769	8306651	2	0
879	1	8305769	8306651	3	0
879	1	8305769	8306651	4	9.76100646455923e-08
879	1	8305769	8306651	5	0.005035529816049
879	1	8305769	8306651	6	0
879	1	8305769	8306651	7	0
879	1	8305769	8306651	8	0
879	1	8305769	8306651	9	0
879	1	8305769	8306651	10	0
879	1	8305769	8306651	11	0
