task_id	chrom	start	end	iteration	h2_incremental
880	1	8332504	8332730	1	0.215143107418428
880	1	8332504	8332730	2	1.5361056801036e-05
880	1	8332504	8332730	3	0.00027722524288144
880	1	8332504	8332730	4	4.06040389897273e-05
880	1	8332504	8332730	5	0
880	1	8332504	8332730	6	0
880	1	8332504	8332730	7	0
880	1	8332504	8332730	8	0
880	1	8332504	8332730	9	0
880	1	8332504	8332730	10	0
880	1	8332504	8332730	11	1.04915882749282e-06
