task_id	chrom	start	end	iteration	h2_incremental
3929	6	32610293	32614657	1	0.776988062327417
3929	6	32610293	32614657	2	0
3929	6	32610293	32614657	3	7.84889298919333e-08
3929	6	32610293	32614657	4	0
3929	6	32610293	32614657	5	0.000220478339426239
3929	6	32610293	32614657	6	0.000155154608802847
3929	6	32610293	32614657	7	0.00013289689844975
3929	6	32610293	32614657	8	0
3929	6	32610293	32614657	9	0
3929	6	32610293	32614657	10	0
3929	6	32610293	32614657	11	0
