task_id	chrom	start	end	iteration	h2_incremental
4133	7	1160965	1161572	1	0.784225311637659
4133	7	1160965	1161572	2	0
4133	7	1160965	1161572	3	4.95011617353277e-07
4133	7	1160965	1161572	4	0
4133	7	1160965	1161572	5	0
4133	7	1160965	1161572	6	0
4133	7	1160965	1161572	7	0.00146390632188721
4133	7	1160965	1161572	8	2.1423876675382e-07
4133	7	1160965	1161572	9	0
4133	7	1160965	1161572	10	0
4133	7	1160965	1161572	11	0
4133	7	1160965	1161572	12	3.12264550148164e-06
