task_id	chrom	start	end	iteration	h2_incremental
4400	7	28921979	28923122	1	0.675117822155989
4400	7	28921979	28923122	2	0
4400	7	28921979	28923122	3	1.5600338584453e-07
4400	7	28921979	28923122	4	0
4400	7	28921979	28923122	5	2.47442975010887e-07
4400	7	28921979	28923122	6	0
4400	7	28921979	28923122	7	1.74417280030191e-06
4400	7	28921979	28923122	8	1.6164174546745e-07
4400	7	28921979	28923122	9	1.90127431875716e-06
4400	7	28921979	28923122	10	6.14455817195946e-06
4400	7	28921979	28923122	11	0
