task_id	chrom	start	end	iteration	h2_incremental
541	1	26866770	26867260	1	0.175949019661744
541	1	26866770	26867260	2	0.0026645377160531
541	1	26866770	26867260	3	0
541	1	26866770	26867260	4	6.30748242163554e-06
541	1	26866770	26867260	5	0.000189700161840543
541	1	26866770	26867260	6	0
541	1	26866770	26867260	7	0
541	1	26866770	26867260	8	7.13646423448491e-05
541	1	26866770	26867260	9	0
541	1	26866770	26867260	10	0
541	1	26866770	26867260	11	0
