task_id	chrom	start	end	iteration	h2_incremental
3954	6	33064885	33065707	1	0.814475271900684
3954	6	33064885	33065707	2	4.2290704278104e-05
3954	6	33064885	33065707	3	1.16416279857455e-06
3954	6	33064885	33065707	4	0
3954	6	33064885	33065707	5	1.10798821844272e-05
3954	6	33064885	33065707	6	4.64324547332415e-07
3954	6	33064885	33065707	7	7.29413749279861e-05
3954	6	33064885	33065707	8	7.72440874177116e-07
3954	6	33064885	33065707	9	0
3954	6	33064885	33065707	10	0
3954	6	33064885	33065707	11	0
