task_id	chrom	start	end	iteration	h2_incremental
3552	6	1222048	1222860	1	0.458218266089986
3552	6	1222048	1222860	2	0
3552	6	1222048	1222860	3	1.34922664053414e-05
3552	6	1222048	1222860	4	0
3552	6	1222048	1222860	5	0
3552	6	1222048	1222860	6	0.000280742626748589
3552	6	1222048	1222860	7	0
3552	6	1222048	1222860	8	0
3552	6	1222048	1222860	9	0
3552	6	1222048	1222860	10	0
3552	6	1222048	1222860	11	1.74072570576487e-05
