task_id	chrom	start	end	iteration	h2_incremental
659	1	32726932	32727742	1	0.141355297564937
659	1	32726932	32727742	2	0
659	1	32726932	32727742	3	2.71829564431432e-07
659	1	32726932	32727742	4	1.05363188972228e-06
659	1	32726932	32727742	5	0.000121288369417227
659	1	32726932	32727742	6	0
659	1	32726932	32727742	7	0
659	1	32726932	32727742	8	8.55712595356261e-05
659	1	32726932	32727742	9	0
659	1	32726932	32727742	10	0
659	1	32726932	32727742	11	2.64733407309169e-07
