task_id	chrom	start	end	iteration	h2_incremental
3370	5	59189574	59190108	1	0.185009808795782
3370	5	59189574	59190108	2	0.00564748705450332
3370	5	59189574	59190108	3	0.00269860191515267
3370	5	59189574	59190108	4	0.0017440829498891
3370	5	59189574	59190108	5	0
3370	5	59189574	59190108	6	0
3370	5	59189574	59190108	7	0
3370	5	59189574	59190108	8	0
3370	5	59189574	59190108	9	0
3370	5	59189574	59190108	10	3.33386512229919e-07
3370	5	59189574	59190108	11	0
