task_id	chrom	start	end	iteration	h2_incremental
4383	7	2689193	2689387	1	0.435815818743437
4383	7	2689193	2689387	2	0
4383	7	2689193	2689387	3	9.3262874996868e-05
4383	7	2689193	2689387	4	5.7084683573838e-06
4383	7	2689193	2689387	5	0
4383	7	2689193	2689387	6	0
4383	7	2689193	2689387	7	4.33303230526655e-07
4383	7	2689193	2689387	8	0
4383	7	2689193	2689387	9	0
4383	7	2689193	2689387	10	3.40256687010639e-07
4383	7	2689193	2689387	11	9.2099544702938e-05
