task_id	chrom	start	end	iteration	h2_incremental
533	1	26613754	26614111	1	0.173853709092544
533	1	26613754	26614111	2	0
533	1	26613754	26614111	3	0.0110274264359112
533	1	26613754	26614111	4	5.7490004351917e-08
533	1	26613754	26614111	5	1.05373347334487e-06
533	1	26613754	26614111	6	0
533	1	26613754	26614111	7	0.0010991099803071
533	1	26613754	26614111	8	0
533	1	26613754	26614111	9	0
533	1	26613754	26614111	10	0
533	1	26613754	26614111	11	0
533	1	26613754	26614111	12	0
