task_id	chrom	start	end	iteration	h2_incremental
510	1	25857719	25858092	1	0.136528772185433
510	1	25857719	25858092	2	0.000172787776269817
510	1	25857719	25858092	3	0.000269711064820099
510	1	25857719	25858092	4	0.00337944775939307
510	1	25857719	25858092	5	8.39684042948927e-05
510	1	25857719	25858092	6	0.00515636366630862
510	1	25857719	25858092	7	0
510	1	25857719	25858092	8	0
510	1	25857719	25858092	9	0
510	1	25857719	25858092	10	0
510	1	25857719	25858092	11	1.22717373777533e-05
