task_id	chrom	start	end	iteration	h2_incremental
1544	2	3285124	3285462	1	0.199383057093399
1544	2	3285124	3285462	2	0.00102540289497478
1544	2	3285124	3285462	3	0.00347437019888376
1544	2	3285124	3285462	4	0
1544	2	3285124	3285462	5	0.0092777154789521
1544	2	3285124	3285462	6	2.17759033138987e-05
1544	2	3285124	3285462	7	7.9947834567237e-05
1544	2	3285124	3285462	8	1.19798780489375e-06
1544	2	3285124	3285462	9	0
1544	2	3285124	3285462	10	0
1544	2	3285124	3285462	11	0
