task_id	chrom	start	end	iteration	h2_incremental
3411	5	73963954	73968132	1	0.801805898247701
3411	5	73963954	73968132	2	4.68789857830085e-06
3411	5	73963954	73968132	3	6.15086135517687e-05
3411	5	73963954	73968132	4	0
3411	5	73963954	73968132	5	0.000200242364991292
3411	5	73963954	73968132	6	0
3411	5	73963954	73968132	7	2.84142665564392e-06
3411	5	73963954	73968132	8	0
3411	5	73963954	73968132	9	1.07082528831534e-07
3411	5	73963954	73968132	10	0
3411	5	73963954	73968132	11	2.7100637307574e-08
