task_id	chrom	start	end	iteration	h2_incremental
2073	3	186383135	186383670	1	0.405965223329841
2073	3	186383135	186383670	2	0
2073	3	186383135	186383670	3	0
2073	3	186383135	186383670	4	0
2073	3	186383135	186383670	5	0
2073	3	186383135	186383670	6	0
2073	3	186383135	186383670	7	1.5312757181079e-06
2073	3	186383135	186383670	8	0
2073	3	186383135	186383670	9	1.05786764540885e-06
2073	3	186383135	186383670	10	0
2073	3	186383135	186383670	11	0
