task_id	chrom	start	end	iteration	h2_incremental
11	1	10137847	10138523	1	0.314178754335086
11	1	10137847	10138523	2	0
11	1	10137847	10138523	3	7.75902143445122e-06
11	1	10137847	10138523	4	0
11	1	10137847	10138523	5	0.000265724150789436
11	1	10137847	10138523	6	0
11	1	10137847	10138523	7	2.87906970002238e-05
11	1	10137847	10138523	8	2.23093905306698e-06
11	1	10137847	10138523	9	5.77191477685765e-07
11	1	10137847	10138523	10	3.65198004584461e-05
11	1	10137847	10138523	11	0
