task_id	chrom	start	end	iteration	h2_incremental
943	1	9908023	9908442	1	0.0270676632157668
943	1	9908023	9908442	2	0.0133813865537725
943	1	9908023	9908442	3	0
943	1	9908023	9908442	4	0.0126794095904154
943	1	9908023	9908442	5	0.000437952192368537
943	1	9908023	9908442	6	0
943	1	9908023	9908442	7	0
943	1	9908023	9908442	8	0
943	1	9908023	9908442	9	0
943	1	9908023	9908442	10	0
943	1	9908023	9908442	11	0
