task_id	chrom	start	end	iteration	h2_incremental
819	1	64957446	64958308	1	0.468053203585756
819	1	64957446	64958308	2	2.46683706315747e-07
819	1	64957446	64958308	3	6.05172730039445e-05
819	1	64957446	64958308	4	5.23872980015744e-05
819	1	64957446	64958308	5	0
819	1	64957446	64958308	6	0
819	1	64957446	64958308	7	2.38244041381624e-05
819	1	64957446	64958308	8	8.49895402357174e-05
819	1	64957446	64958308	9	0
819	1	64957446	64958308	10	0
819	1	64957446	64958308	11	0
