task_id	chrom	start	end	iteration	h2_incremental
382	1	2187365	2187492	1	0.190929394727699
382	1	2187365	2187492	2	0
382	1	2187365	2187492	3	0
382	1	2187365	2187492	4	1.36853260267568e-05
382	1	2187365	2187492	5	0
382	1	2187365	2187492	6	0
382	1	2187365	2187492	7	0.00103824565201948
382	1	2187365	2187492	8	0
382	1	2187365	2187492	9	0
382	1	2187365	2187492	10	0
382	1	2187365	2187492	11	1.81924712418379e-05
382	1	2187365	2187492	12	0
