task_id	chrom	start	end	iteration	h2_incremental
393	1	2225384	2226005	1	0.222176857475397
393	1	2225384	2226005	2	2.024586536776e-05
393	1	2225384	2226005	3	0
393	1	2225384	2226005	4	0
393	1	2225384	2226005	5	7.24152204174893e-06
393	1	2225384	2226005	6	1.42775776037498e-05
393	1	2225384	2226005	7	0
393	1	2225384	2226005	8	0
393	1	2225384	2226005	9	3.90593304935213e-05
393	1	2225384	2226005	10	0
393	1	2225384	2226005	11	0
