task_id	chrom	start	end	iteration	h2_incremental
1978	3	158329475	158331000	1	0.41742385786616
1978	3	158329475	158331000	2	0
1978	3	158329475	158331000	3	0
1978	3	158329475	158331000	4	0
1978	3	158329475	158331000	5	1.04138723328721e-06
1978	3	158329475	158331000	6	0
1978	3	158329475	158331000	7	8.75249793717295e-06
1978	3	158329475	158331000	8	0
1978	3	158329475	158331000	9	0
1978	3	158329475	158331000	10	0
1978	3	158329475	158331000	11	0
