task_id	chrom	start	end	iteration	h2_incremental
2813	4	68596213	68599153	1	0.0280767602588152
2813	4	68596213	68599153	2	0.0580494020164728
2813	4	68596213	68599153	3	0.00159607826412584
2813	4	68596213	68599153	4	0.00106632253486074
2813	4	68596213	68599153	5	0.00136990488815928
2813	4	68596213	68599153	6	0
2813	4	68596213	68599153	7	0
2813	4	68596213	68599153	8	0
2813	4	68596213	68599153	9	0
2813	4	68596213	68599153	10	0
2813	4	68596213	68599153	11	0
