task_id	chrom	start	end	iteration	h2_incremental
1645	2	66432036	66432342	1	0.442332964539876
1645	2	66432036	66432342	2	0
1645	2	66432036	66432342	3	0.000158090637830936
1645	2	66432036	66432342	4	0.00456000393710818
1645	2	66432036	66432342	5	0
1645	2	66432036	66432342	6	3.2334416783983e-06
1645	2	66432036	66432342	7	0
1645	2	66432036	66432342	8	8.23648314064143e-06
1645	2	66432036	66432342	9	0
1645	2	66432036	66432342	10	5.62076559759562e-07
1645	2	66432036	66432342	11	0
