task_id	chrom	start	end	iteration	h2_incremental
1885	3	12944526	12944888	1	0.56854612838167
1885	3	12944526	12944888	2	0.000500247114443148
1885	3	12944526	12944888	3	3.97586325779289e-06
1885	3	12944526	12944888	4	0
1885	3	12944526	12944888	5	0
1885	3	12944526	12944888	6	1.59706361766271e-06
1885	3	12944526	12944888	7	3.17322265657946e-07
1885	3	12944526	12944888	8	2.71009794352738e-05
1885	3	12944526	12944888	9	0
1885	3	12944526	12944888	10	2.36262240734292e-07
1885	3	12944526	12944888	11	0
