task_id	chrom	start	end	iteration	h2_incremental
3856	6	2990989	2991199	1	0.389166923036035
3856	6	2990989	2991199	2	0
3856	6	2990989	2991199	3	0.000541669454810465
3856	6	2990989	2991199	4	0.00336121129319033
3856	6	2990989	2991199	5	6.82167750258743e-06
3856	6	2990989	2991199	6	0
3856	6	2990989	2991199	7	4.64328710699015e-07
3856	6	2990989	2991199	8	2.71988718426891e-06
3856	6	2990989	2991199	9	0
3856	6	2990989	2991199	10	0
3856	6	2990989	2991199	11	0
