task_id	chrom	start	end	iteration	h2_incremental
34	1	10600141	10601176	1	0.173913101835498
34	1	10600141	10601176	2	0.00716883758175465
34	1	10600141	10601176	3	0.00227888758389368
34	1	10600141	10601176	4	0.0058662044461029
34	1	10600141	10601176	5	7.10583486476158e-08
34	1	10600141	10601176	6	0
34	1	10600141	10601176	7	3.9292222702867e-06
34	1	10600141	10601176	8	7.2652723156645e-06
34	1	10600141	10601176	9	0
34	1	10600141	10601176	10	2.41440371141406e-06
34	1	10600141	10601176	11	0
