task_id	chrom	start	end	iteration	h2_incremental
1914	3	136261805	136262533	1	0.139149641637436
1914	3	136261805	136262533	2	0.00410408981526757
1914	3	136261805	136262533	3	7.83832468268399e-07
1914	3	136261805	136262533	4	0.000769575143714448
1914	3	136261805	136262533	5	1.95039125449382e-06
1914	3	136261805	136262533	6	0
1914	3	136261805	136262533	7	0
1914	3	136261805	136262533	8	0
1914	3	136261805	136262533	9	0.00463239425011258
1914	3	136261805	136262533	10	3.51871711520627e-05
1914	3	136261805	136262533	11	0
1914	3	136261805	136262533	12	0
1914	3	136261805	136262533	13	0
1914	3	136261805	136262533	14	0
