task_id	chrom	start	end	iteration	h2_incremental
3866	6	29975703	29976371	1	0.532867748539305
3866	6	29975703	29976371	2	7.38517077432952e-05
3866	6	29975703	29976371	3	0.000716111379483897
3866	6	29975703	29976371	4	0.000135997146925038
3866	6	29975703	29976371	5	0
3866	6	29975703	29976371	6	0
3866	6	29975703	29976371	7	1.48732358627246e-05
3866	6	29975703	29976371	8	0
3866	6	29975703	29976371	9	0
3866	6	29975703	29976371	10	0
3866	6	29975703	29976371	11	0
