task_id	chrom	start	end	iteration	h2_incremental
3511	6	10487859	10488551	1	0.27001862627947
3511	6	10487859	10488551	2	7.57356254958858e-07
3511	6	10487859	10488551	3	3.42481434104636e-05
3511	6	10487859	10488551	4	0
3511	6	10487859	10488551	5	0.000832966734719736
3511	6	10487859	10488551	6	0
3511	6	10487859	10488551	7	0
3511	6	10487859	10488551	8	0
3511	6	10487859	10488551	9	0
3511	6	10487859	10488551	10	0
3511	6	10487859	10488551	11	1.55463931976846e-05
