task_id	chrom	start	end	iteration	h2_incremental
220	1	160067912	160069529	1	0.408790223124478
220	1	160067912	160069529	2	0
220	1	160067912	160069529	3	2.31938925321297e-06
220	1	160067912	160069529	4	0
220	1	160067912	160069529	5	0
220	1	160067912	160069529	6	0
220	1	160067912	160069529	7	0
220	1	160067912	160069529	8	8.82904742435894e-06
220	1	160067912	160069529	9	0
220	1	160067912	160069529	10	0
220	1	160067912	160069529	11	0
