task_id	chrom	start	end	iteration	h2_incremental
4051	6	74835765	74836073	1	0.682680403793812
4051	6	74835765	74836073	2	0.000464165682592576
4051	6	74835765	74836073	3	1.58738443429757e-05
4051	6	74835765	74836073	4	0
4051	6	74835765	74836073	5	6.7997283697062e-06
4051	6	74835765	74836073	6	0
4051	6	74835765	74836073	7	0
4051	6	74835765	74836073	8	5.31005605564404e-07
4051	6	74835765	74836073	9	1.0554354957487e-07
4051	6	74835765	74836073	10	0
4051	6	74835765	74836073	11	0
