task_id	chrom	start	end	iteration	h2_incremental
670	1	34804644	34805629	1	0.529462478972452
670	1	34804644	34805629	2	5.39652817208153e-05
670	1	34804644	34805629	3	0
670	1	34804644	34805629	4	0.000290356334483569
670	1	34804644	34805629	5	0
670	1	34804644	34805629	6	1.73490366276331e-05
670	1	34804644	34805629	7	3.84251217298042e-07
670	1	34804644	34805629	8	1.59329059369749e-07
670	1	34804644	34805629	9	0
670	1	34804644	34805629	10	0
670	1	34804644	34805629	11	0
