task_id	chrom	start	end	iteration	h2_incremental
3794	6	26253470	26253877	1	0.0910156716245318
3794	6	26253470	26253877	2	0.000847940242209511
3794	6	26253470	26253877	3	0.0034467937695455
3794	6	26253470	26253877	4	1.70814546477109e-06
3794	6	26253470	26253877	5	0.000507304126086323
3794	6	26253470	26253877	6	0
3794	6	26253470	26253877	7	0
3794	6	26253470	26253877	8	0
3794	6	26253470	26253877	9	0
3794	6	26253470	26253877	10	2.79893820204045e-05
3794	6	26253470	26253877	11	7.37426768713073e-05
