task_id	chrom	start	end	iteration	h2_incremental
4386	7	27551492	27552171	1	0.431145032890337
4386	7	27551492	27552171	2	0
4386	7	27551492	27552171	3	2.16964348930531e-07
4386	7	27551492	27552171	4	0
4386	7	27551492	27552171	5	7.70549061947767e-05
4386	7	27551492	27552171	6	0
4386	7	27551492	27552171	7	1.6666743376486e-05
4386	7	27551492	27552171	8	7.41058979054142e-05
4386	7	27551492	27552171	9	0
4386	7	27551492	27552171	10	0
4386	7	27551492	27552171	11	1.84140692206928e-05
