task_id	chrom	start	end	iteration	h2_incremental
1095	2	130427727	130427980	1	0.2032018304133
1095	2	130427727	130427980	2	0.00926061151369207
1095	2	130427727	130427980	3	0.000166392598232294
1095	2	130427727	130427980	4	0.00516007481490233
1095	2	130427727	130427980	5	0
1095	2	130427727	130427980	6	0
1095	2	130427727	130427980	7	7.60814256959949e-06
1095	2	130427727	130427980	8	1.72619207793539e-06
1095	2	130427727	130427980	9	0
1095	2	130427727	130427980	10	0
1095	2	130427727	130427980	11	0
