task_id	chrom	start	end	iteration	h2_incremental
527	1	26507360	26508277	1	0.0632457741737255
527	1	26507360	26508277	2	0.00182787471614077
527	1	26507360	26508277	3	6.1458493511585e-05
527	1	26507360	26508277	4	0.000119844481294539
527	1	26507360	26508277	5	0.00241577027892318
527	1	26507360	26508277	6	0.0143186824811773
527	1	26507360	26508277	7	0
527	1	26507360	26508277	8	0
527	1	26507360	26508277	9	0
527	1	26507360	26508277	10	0
527	1	26507360	26508277	11	0
