task_id	chrom	start	end	iteration	h2_incremental
3945	6	32711813	32713213	1	0.728840231640184
3945	6	32711813	32713213	2	0.000429872952533978
3945	6	32711813	32713213	3	0.0002812713130548
3945	6	32711813	32713213	4	2.13434266572379e-07
3945	6	32711813	32713213	5	0.00039867934503451
3945	6	32711813	32713213	6	0
3945	6	32711813	32713213	7	1.00286182575271e-05
3945	6	32711813	32713213	8	3.46589640910941e-05
3945	6	32711813	32713213	9	0
3945	6	32711813	32713213	10	0
3945	6	32711813	32713213	11	0
