task_id	chrom	start	end	iteration	h2_incremental
1709	2	88169970	88170140	1	0.59952805383692
1709	2	88169970	88170140	2	0.00162677767210289
1709	2	88169970	88170140	3	0.00293538402598251
1709	2	88169970	88170140	4	0.00166256991378522
1709	2	88169970	88170140	5	1.79176658856179e-06
1709	2	88169970	88170140	6	0
1709	2	88169970	88170140	7	0
1709	2	88169970	88170140	8	0
1709	2	88169970	88170140	9	0
1709	2	88169970	88170140	10	0
1709	2	88169970	88170140	11	0
