task_id	chrom	start	end	iteration	h2_incremental
421	1	23166382	23166853	1	0.449208804925789
421	1	23166382	23166853	2	0
421	1	23166382	23166853	3	9.78414414678234e-07
421	1	23166382	23166853	4	9.80303991079854e-07
421	1	23166382	23166853	5	0
421	1	23166382	23166853	6	9.16881754069508e-07
421	1	23166382	23166853	7	0
421	1	23166382	23166853	8	2.70076158895491e-05
421	1	23166382	23166853	9	2.67711088529194e-07
421	1	23166382	23166853	10	0
421	1	23166382	23166853	11	3.38997303857901e-07
