task_id	chrom	start	end	iteration	h2_incremental
3450	5	83611484	83616371	1	0.60431603658167
3450	5	83611484	83616371	2	0.00580892759040357
3450	5	83611484	83616371	3	0
3450	5	83611484	83616371	4	0
3450	5	83611484	83616371	5	2.670208101295e-06
3450	5	83611484	83616371	6	1.6486065255929e-07
3450	5	83611484	83616371	7	0
3450	5	83611484	83616371	8	6.91006443972147e-07
3450	5	83611484	83616371	9	0
3450	5	83611484	83616371	10	0
3450	5	83611484	83616371	11	3.1133960846782e-06
