task_id	chrom	start	end	iteration	h2_incremental
253	1	16678138	16678769	1	0.613853453938627
253	1	16678138	16678769	2	3.8408696817293e-07
253	1	16678138	16678769	3	0
253	1	16678138	16678769	4	0
253	1	16678138	16678769	5	0.000794631933587454
253	1	16678138	16678769	6	0
253	1	16678138	16678769	7	1.97573666755663e-05
253	1	16678138	16678769	8	0
253	1	16678138	16678769	9	0
253	1	16678138	16678769	10	0
253	1	16678138	16678769	11	0
