task_id	chrom	start	end	iteration	h2_incremental
3805	6	27213844	27213992	1	0.231195933700314
3805	6	27213844	27213992	2	4.62275117358772e-06
3805	6	27213844	27213992	3	9.50921811639791e-06
3805	6	27213844	27213992	4	0.000122076657734327
3805	6	27213844	27213992	5	0
3805	6	27213844	27213992	6	0.00240589835857737
3805	6	27213844	27213992	7	0
3805	6	27213844	27213992	8	0
3805	6	27213844	27213992	9	6.58688522600884e-05
3805	6	27213844	27213992	10	0
3805	6	27213844	27213992	11	0
