task_id	chrom	start	end	iteration	h2_incremental
1670	2	71578534	71579414	1	0.348004378609801
1670	2	71578534	71579414	2	0
1670	2	71578534	71579414	3	0.000325449205598705
1670	2	71578534	71579414	4	0.000321818513450545
1670	2	71578534	71579414	5	0
1670	2	71578534	71579414	6	4.17363537836682e-05
1670	2	71578534	71579414	7	0
1670	2	71578534	71579414	8	0
1670	2	71578534	71579414	9	2.04012660678722e-06
1670	2	71578534	71579414	10	5.47999630879438e-07
1670	2	71578534	71579414	11	0
