task_id	chrom	start	end	iteration	h2_incremental
2172	3	30680916	30682402	1	0.45850553596358
2172	3	30680916	30682402	2	0.000328515161016735
2172	3	30680916	30682402	3	7.6408438423998e-06
2172	3	30680916	30682402	4	0
2172	3	30680916	30682402	5	0
2172	3	30680916	30682402	6	7.23600244451111e-05
2172	3	30680916	30682402	7	0
2172	3	30680916	30682402	8	0
2172	3	30680916	30682402	9	5.97069965826318e-07
2172	3	30680916	30682402	10	0
2172	3	30680916	30682402	11	0
