task_id	chrom	start	end	iteration	h2_incremental
1425	2	236341273	236342114	1	0.155623659342118
1425	2	236341273	236342114	2	0
1425	2	236341273	236342114	3	0.0248474428265876
1425	2	236341273	236342114	4	0.00339914875393477
1425	2	236341273	236342114	5	0
1425	2	236341273	236342114	6	0
1425	2	236341273	236342114	7	0
1425	2	236341273	236342114	8	0
1425	2	236341273	236342114	9	0
1425	2	236341273	236342114	10	0
1425	2	236341273	236342114	11	0
