task_id	chrom	start	end	iteration	h2_incremental
3955	6	33068669	33071829	1	0.892086897582365
3955	6	33068669	33071829	2	2.58573294379477e-06
3955	6	33068669	33071829	3	0.000295240450451541
3955	6	33068669	33071829	4	0
3955	6	33068669	33071829	5	0
3955	6	33068669	33071829	6	1.76458422384607e-08
3955	6	33068669	33071829	7	0
3955	6	33068669	33071829	8	3.53231197414177e-06
3955	6	33068669	33071829	9	0
3955	6	33068669	33071829	10	1.48090285013119e-08
3955	6	33068669	33071829	11	0
