task_id	chrom	start	end	iteration	h2_incremental
1269	2	20599350	20600557	1	0.120389121259836
1269	2	20599350	20600557	2	0.00399483492591631
1269	2	20599350	20600557	3	0.00685931224783767
1269	2	20599350	20600557	4	0
1269	2	20599350	20600557	5	1.92440604027987e-06
1269	2	20599350	20600557	6	0
1269	2	20599350	20600557	7	3.28894616643811e-06
1269	2	20599350	20600557	8	0
1269	2	20599350	20600557	9	0
1269	2	20599350	20600557	10	0
1269	2	20599350	20600557	11	0
