task_id	chrom	start	end	iteration	h2_incremental
1035	2	119290600	119291858	1	0.787636323171353
1035	2	119290600	119291858	2	0
1035	2	119290600	119291858	3	0
1035	2	119290600	119291858	4	0
1035	2	119290600	119291858	5	1.0396079188154e-06
1035	2	119290600	119291858	6	0
1035	2	119290600	119291858	7	0
1035	2	119290600	119291858	8	0
1035	2	119290600	119291858	9	0
1035	2	119290600	119291858	10	0
1035	2	119290600	119291858	11	2.65998462801646e-06
