task_id	chrom	start	end	iteration	h2_incremental
3275	5	2008250	2008313	1	0.548797964087113
3275	5	2008250	2008313	2	0.00376081515708119
3275	5	2008250	2008313	3	0
3275	5	2008250	2008313	4	0
3275	5	2008250	2008313	5	0
3275	5	2008250	2008313	6	0
3275	5	2008250	2008313	7	0
3275	5	2008250	2008313	8	2.89128624486038e-06
3275	5	2008250	2008313	9	0
3275	5	2008250	2008313	10	0
3275	5	2008250	2008313	11	0
