task_id	chrom	start	end	iteration	h2_incremental
2769	4	54103311	54103746	1	0.450880685588134
2769	4	54103311	54103746	2	2.39057694584591e-06
2769	4	54103311	54103746	3	0
2769	4	54103311	54103746	4	0.0021937714040686
2769	4	54103311	54103746	5	0
2769	4	54103311	54103746	6	0
2769	4	54103311	54103746	7	0
2769	4	54103311	54103746	8	0
2769	4	54103311	54103746	9	0
2769	4	54103311	54103746	10	0
2769	4	54103311	54103746	11	8.46101786027309e-05
