task_id	chrom	start	end	iteration	h2_incremental
325	1	1999677	1999795	1	0.217036543768453
325	1	1999677	1999795	2	0.000972747105092302
325	1	1999677	1999795	3	9.21451221333321e-07
325	1	1999677	1999795	4	0.000438349917816867
325	1	1999677	1999795	5	0
325	1	1999677	1999795	6	0
325	1	1999677	1999795	7	8.2386566861188e-07
325	1	1999677	1999795	8	0
325	1	1999677	1999795	9	5.54315464060977e-08
325	1	1999677	1999795	10	0
325	1	1999677	1999795	11	0
