task_id	chrom	start	end	iteration	h2_incremental
937	1	9782969	9784278	1	0.124544534022335
937	1	9782969	9784278	2	0.00395353093230366
937	1	9782969	9784278	3	6.1774061186277e-06
937	1	9782969	9784278	4	0.00347509423041277
937	1	9782969	9784278	5	0
937	1	9782969	9784278	6	8.71439855676263e-08
937	1	9782969	9784278	7	0
937	1	9782969	9784278	8	0
937	1	9782969	9784278	9	0
937	1	9782969	9784278	10	1.59482818100318e-06
937	1	9782969	9784278	11	0
