task_id	chrom	start	end	iteration	h2_incremental
3114	5	154646913	154647049	1	0.362622999498331
3114	5	154646913	154647049	2	0.00348797738517029
3114	5	154646913	154647049	3	0.000200204261468659
3114	5	154646913	154647049	4	0
3114	5	154646913	154647049	5	0
3114	5	154646913	154647049	6	0.00463092955386831
3114	5	154646913	154647049	7	0
3114	5	154646913	154647049	8	0
3114	5	154646913	154647049	9	0
3114	5	154646913	154647049	10	0
3114	5	154646913	154647049	11	0
