task_id	chrom	start	end	iteration	h2_incremental
2258	3	51956887	51957462	1	0.25617672243887
2258	3	51956887	51957462	2	0
2258	3	51956887	51957462	3	3.81556513741213e-05
2258	3	51956887	51957462	4	0
2258	3	51956887	51957462	5	0
2258	3	51956887	51957462	6	3.1186790746975e-06
2258	3	51956887	51957462	7	5.44990213443246e-08
2258	3	51956887	51957462	8	5.51084202150746e-07
2258	3	51956887	51957462	9	2.47005039124601e-05
2258	3	51956887	51957462	10	0
2258	3	51956887	51957462	11	0
