task_id	chrom	start	end	iteration	h2_incremental
292	1	1811736	1812060	1	0.178585636453376
292	1	1811736	1812060	2	0.000246166542963666
292	1	1811736	1812060	3	3.63796690978637e-06
292	1	1811736	1812060	4	5.04162019647351e-07
292	1	1811736	1812060	5	0.000110348120588947
292	1	1811736	1812060	6	0
292	1	1811736	1812060	7	0
292	1	1811736	1812060	8	6.97456729799923e-05
292	1	1811736	1812060	9	0
292	1	1811736	1812060	10	0
292	1	1811736	1812060	11	0
