task_id	chrom	start	end	iteration	h2_incremental
2064	3	185175394	185176089	1	0.0555371203390434
2064	3	185175394	185176089	2	0.00738207209164269
2064	3	185175394	185176089	3	0.0227437795409225
2064	3	185175394	185176089	4	0.000146056601015588
2064	3	185175394	185176089	5	1.14939908342455e-06
2064	3	185175394	185176089	6	0
2064	3	185175394	185176089	7	0.000718541641081585
2064	3	185175394	185176089	8	0.00167614062688133
2064	3	185175394	185176089	9	1.42437199356718e-05
2064	3	185175394	185176089	10	0
2064	3	185175394	185176089	11	0
2064	3	185175394	185176089	12	0
2064	3	185175394	185176089	13	0
