task_id	chrom	start	end	iteration	h2_incremental
1554	2	3594934	3595277	1	0.325113407283111
1554	2	3594934	3595277	2	0.00708213137400184
1554	2	3594934	3595277	3	0.00117729149581464
1554	2	3594934	3595277	4	0
1554	2	3594934	3595277	5	1.81562466284547e-05
1554	2	3594934	3595277	6	0.000950742736902494
1554	2	3594934	3595277	7	0
1554	2	3594934	3595277	8	1.58737653763037e-05
1554	2	3594934	3595277	9	0
1554	2	3594934	3595277	10	0
1554	2	3594934	3595277	11	0
