task_id	chrom	start	end	iteration	h2_incremental
465	1	2435629	2436784	1	0.285627645222506
465	1	2435629	2436784	2	0
465	1	2435629	2436784	3	0
465	1	2435629	2436784	4	0
465	1	2435629	2436784	5	1.77251241610895e-07
465	1	2435629	2436784	6	1.02792151920896e-05
465	1	2435629	2436784	7	0
465	1	2435629	2436784	8	0
465	1	2435629	2436784	9	0
465	1	2435629	2436784	10	0
465	1	2435629	2436784	11	2.97435128905809e-06
