task_id	chrom	start	end	iteration	h2_incremental
3982	6	37353425	37353561	1	0.541509862176681
3982	6	37353425	37353561	2	0
3982	6	37353425	37353561	3	0
3982	6	37353425	37353561	4	2.48847239679808e-06
3982	6	37353425	37353561	5	0
3982	6	37353425	37353561	6	0
3982	6	37353425	37353561	7	0
3982	6	37353425	37353561	8	0
3982	6	37353425	37353561	9	1.26102940217483e-06
3982	6	37353425	37353561	10	6.58512310682443e-08
3982	6	37353425	37353561	11	4.72932449072384e-06
