task_id	chrom	start	end	iteration	h2_incremental
2082	3	190143374	190144101	1	0.722318850133919
2082	3	190143374	190144101	2	9.247798906878e-05
2082	3	190143374	190144101	3	0
2082	3	190143374	190144101	4	5.23621494634072e-05
2082	3	190143374	190144101	5	3.2087343017049e-07
2082	3	190143374	190144101	6	0
2082	3	190143374	190144101	7	0
2082	3	190143374	190144101	8	0
2082	3	190143374	190144101	9	1.56511958561935e-07
2082	3	190143374	190144101	10	0
2082	3	190143374	190144101	11	0
