task_id	chrom	start	end	iteration	h2_incremental
3482	5	93588990	93590798	1	0.227430079549736
3482	5	93588990	93590798	2	0.000898016851980062
3482	5	93588990	93590798	3	0.00152127931556988
3482	5	93588990	93590798	4	3.38766762787061e-05
3482	5	93588990	93590798	5	0
3482	5	93588990	93590798	6	0.000721824712779422
3482	5	93588990	93590798	7	0
3482	5	93588990	93590798	8	0
3482	5	93588990	93590798	9	0
3482	5	93588990	93590798	10	0
3482	5	93588990	93590798	11	1.66585688910098e-05
