task_id	chrom	start	end	iteration	h2_incremental
1576	2	38039326	38039537	1	0.00971664607664129
1576	2	38039326	38039537	2	0.114156791452914
1576	2	38039326	38039537	3	1.85899233097874e-05
1576	2	38039326	38039537	4	0.00601748498870393
1576	2	38039326	38039537	5	1.14732743528891e-06
1576	2	38039326	38039537	6	0.00115425799813735
1576	2	38039326	38039537	7	2.78202472095817e-06
1576	2	38039326	38039537	8	0
1576	2	38039326	38039537	9	0
1576	2	38039326	38039537	10	0
1576	2	38039326	38039537	11	0
