task_id	chrom	start	end	iteration	h2_incremental
2156	3	22672694	22673504	1	0.741944209542582
2156	3	22672694	22673504	2	9.7620581490347e-06
2156	3	22672694	22673504	3	0
2156	3	22672694	22673504	4	0.00110878458997403
2156	3	22672694	22673504	5	0
2156	3	22672694	22673504	6	0
2156	3	22672694	22673504	7	6.12002833173167e-08
2156	3	22672694	22673504	8	0
2156	3	22672694	22673504	9	0
2156	3	22672694	22673504	10	0
2156	3	22672694	22673504	11	0
