task_id	chrom	start	end	iteration	h2_incremental
389	1	22060170	22061356	1	0.131554511498006
389	1	22060170	22061356	2	0.0105685753540631
389	1	22060170	22061356	3	0.00813242034321229
389	1	22060170	22061356	4	0.000126762810525751
389	1	22060170	22061356	5	0
389	1	22060170	22061356	6	0.00319934768393992
389	1	22060170	22061356	7	4.95332636769209e-05
389	1	22060170	22061356	8	0
389	1	22060170	22061356	9	0
389	1	22060170	22061356	10	0
389	1	22060170	22061356	11	0
