task_id	chrom	start	end	iteration	h2_incremental
1772	3	105353152	105355249	1	0.35475287384731
1772	3	105353152	105355249	2	0.000561840741820561
1772	3	105353152	105355249	3	6.18101527802969e-05
1772	3	105353152	105355249	4	0.00160224786814984
1772	3	105353152	105355249	5	0.000290765079196376
1772	3	105353152	105355249	6	1.77898762747101e-05
1772	3	105353152	105355249	7	6.63703089187666e-06
1772	3	105353152	105355249	8	0
1772	3	105353152	105355249	9	0.000257652874222283
1772	3	105353152	105355249	10	0.00124101794111368
1772	3	105353152	105355249	11	1.61166598642412e-05
1772	3	105353152	105355249	12	0
1772	3	105353152	105355249	13	0
1772	3	105353152	105355249	14	0
1772	3	105353152	105355249	15	1.38579171335171e-06
