task_id	chrom	start	end	iteration	h2_incremental
26	1	10390748	10392355	1	0.223465286302091
26	1	10390748	10392355	2	0.00209481832323112
26	1	10390748	10392355	3	0.00238040765909742
26	1	10390748	10392355	4	0
26	1	10390748	10392355	5	0
26	1	10390748	10392355	6	0.000773949313659653
26	1	10390748	10392355	7	2.54219117036383e-05
26	1	10390748	10392355	8	0
26	1	10390748	10392355	9	6.16521464256465e-06
26	1	10390748	10392355	10	6.09589734842056e-06
26	1	10390748	10392355	11	0
