task_id	chrom	start	end	iteration	h2_incremental
338	1	205221047	205221595	1	0.492579442596967
338	1	205221047	205221595	2	0
338	1	205221047	205221595	3	0.00117732136375974
338	1	205221047	205221595	4	1.38328920407109e-05
338	1	205221047	205221595	5	4.84416585065518e-05
338	1	205221047	205221595	6	0
338	1	205221047	205221595	7	0
338	1	205221047	205221595	8	1.07122684859934e-05
338	1	205221047	205221595	9	0
338	1	205221047	205221595	10	0
338	1	205221047	205221595	11	5.04954157353566e-07
