task_id	chrom	start	end	iteration	h2_incremental
4363	7	2390070	2391090	1	0.262790805605028
4363	7	2390070	2391090	2	0.0111994717689562
4363	7	2390070	2391090	3	0.00040755552671412
4363	7	2390070	2391090	4	0.000561185322250382
4363	7	2390070	2391090	5	4.00994168341361e-06
4363	7	2390070	2391090	6	0.000789311333290449
4363	7	2390070	2391090	7	1.12613448341932e-06
4363	7	2390070	2391090	8	0
4363	7	2390070	2391090	9	0
4363	7	2390070	2391090	10	0
4363	7	2390070	2391090	11	4.56857297540999e-06
