task_id	chrom	start	end	iteration	h2_incremental
3818	6	27738325	27738831	1	0.215329040359371
3818	6	27738325	27738831	2	0.00221106058543367
3818	6	27738325	27738831	3	0
3818	6	27738325	27738831	4	0
3818	6	27738325	27738831	5	0
3818	6	27738325	27738831	6	0
3818	6	27738325	27738831	7	0
3818	6	27738325	27738831	8	0
3818	6	27738325	27738831	9	0
3818	6	27738325	27738831	10	0
3818	6	27738325	27738831	11	0
