task_id	chrom	start	end	iteration	h2_incremental
1207	2	17542562	17543617	1	0.157263385059568
1207	2	17542562	17543617	2	1.01897392224619e-07
1207	2	17542562	17543617	3	0
1207	2	17542562	17543617	4	0.0123888000547193
1207	2	17542562	17543617	5	0
1207	2	17542562	17543617	6	0
1207	2	17542562	17543617	7	9.29651945914934e-06
1207	2	17542562	17543617	8	0
1207	2	17542562	17543617	9	0
1207	2	17542562	17543617	10	9.72992928825197e-06
1207	2	17542562	17543617	11	0
