task_id	chrom	start	end	iteration	h2_incremental
3488	5	94770222	94770318	1	0.0709690375839148
3488	5	94770222	94770318	2	0.00567606712772987
3488	5	94770222	94770318	3	0.0194184992210803
3488	5	94770222	94770318	4	0.000101581649943972
3488	5	94770222	94770318	5	0.000675454660695298
3488	5	94770222	94770318	6	0
3488	5	94770222	94770318	7	8.10922374490957e-06
3488	5	94770222	94770318	8	0
3488	5	94770222	94770318	9	0.00134145185425799
3488	5	94770222	94770318	10	0
3488	5	94770222	94770318	11	4.60344111841941e-07
3488	5	94770222	94770318	12	0
3488	5	94770222	94770318	13	0
3488	5	94770222	94770318	14	0.00218264801786104
3488	5	94770222	94770318	15	0
3488	5	94770222	94770318	16	0
3488	5	94770222	94770318	17	0
3488	5	94770222	94770318	18	4.94006112652181e-06
3488	5	94770222	94770318	19	0
