task_id	chrom	start	end	iteration	h2_incremental
4026	6	5638702	5639270	1	0.180532010735208
4026	6	5638702	5639270	2	0.0602983670515688
4026	6	5638702	5639270	3	0
4026	6	5638702	5639270	4	0
4026	6	5638702	5639270	5	0.00274323677680923
4026	6	5638702	5639270	6	0
4026	6	5638702	5639270	7	0
4026	6	5638702	5639270	8	1.9138015944441e-06
4026	6	5638702	5639270	9	6.36428512749314e-08
4026	6	5638702	5639270	10	0
4026	6	5638702	5639270	11	1.20467290827669e-05
