task_id	chrom	start	end	iteration	h2_incremental
865	1	7849275	7849904	1	0.0332939501851059
865	1	7849275	7849904	2	0.0538882155714092
865	1	7849275	7849904	3	3.27350970646017e-05
865	1	7849275	7849904	4	0.0136188070853431
865	1	7849275	7849904	5	0
865	1	7849275	7849904	6	5.87099469648137e-05
865	1	7849275	7849904	7	6.3703279130128e-07
865	1	7849275	7849904	8	0
865	1	7849275	7849904	9	2.61934328778763e-05
865	1	7849275	7849904	10	4.24581511506053e-07
865	1	7849275	7849904	11	0
