task_id	chrom	start	end	iteration	h2_incremental
12	1	10148087	10149228	1	0.106072874417507
12	1	10148087	10149228	2	0
12	1	10148087	10149228	3	0
12	1	10148087	10149228	4	0
12	1	10148087	10149228	5	0
12	1	10148087	10149228	6	0.00446299788373445
12	1	10148087	10149228	7	0
12	1	10148087	10149228	8	0
12	1	10148087	10149228	9	0
12	1	10148087	10149228	10	0
12	1	10148087	10149228	11	0
