task_id	chrom	start	end	iteration	h2_incremental
109	1	13881137	13881924	1	0.496474438154643
109	1	13881137	13881924	2	0
109	1	13881137	13881924	3	0
109	1	13881137	13881924	4	0
109	1	13881137	13881924	5	0
109	1	13881137	13881924	6	0
109	1	13881137	13881924	7	0
109	1	13881137	13881924	8	0
109	1	13881137	13881924	9	1.34325469740162e-06
109	1	13881137	13881924	10	0
109	1	13881137	13881924	11	0.00018920560251339
