task_id	chrom	start	end	iteration	h2_incremental
2948	5	10649336	10650345	1	0.357245946294812
2948	5	10649336	10650345	2	4.89031287210764e-07
2948	5	10649336	10650345	3	7.79076187641425e-06
2948	5	10649336	10650345	4	0.00030271313555207
2948	5	10649336	10650345	5	0.0018094876509549
2948	5	10649336	10650345	6	0
2948	5	10649336	10650345	7	0
2948	5	10649336	10650345	8	0
2948	5	10649336	10650345	9	0
2948	5	10649336	10650345	10	5.56150953594863e-05
2948	5	10649336	10650345	11	4.86935412084428e-05
