task_id	chrom	start	end	iteration	h2_incremental
3860	6	29937771	29941199	1	0.771278455734435
3860	6	29937771	29941199	2	1.37681282662857e-06
3860	6	29937771	29941199	3	0
3860	6	29937771	29941199	4	2.97396599517674e-07
3860	6	29937771	29941199	5	7.45645299945939e-08
3860	6	29937771	29941199	6	3.04269850339232e-07
3860	6	29937771	29941199	7	0
3860	6	29937771	29941199	8	0
3860	6	29937771	29941199	9	3.02594751401688e-07
3860	6	29937771	29941199	10	0
3860	6	29937771	29941199	11	0
