task_id	chrom	start	end	iteration	h2_incremental
2838	4	7295258	7295496	1	0.727998361070222
2838	4	7295258	7295496	2	2.19665553509065e-05
2838	4	7295258	7295496	3	1.2502822350994e-06
2838	4	7295258	7295496	4	1.02255190548756e-06
2838	4	7295258	7295496	5	1.05694592752018e-06
2838	4	7295258	7295496	6	6.33609361841724e-06
2838	4	7295258	7295496	7	0
2838	4	7295258	7295496	8	2.02478771301097e-05
2838	4	7295258	7295496	9	7.28725264121983e-06
2838	4	7295258	7295496	10	0
2838	4	7295258	7295496	11	0
