task_id	chrom	start	end	iteration	h2_incremental
1661	2	70132407	70133078	1	0.185029962028337
1661	2	70132407	70133078	2	3.93833930110347e-05
1661	2	70132407	70133078	3	6.29077779973488e-06
1661	2	70132407	70133078	4	0
1661	2	70132407	70133078	5	0.00296063079854729
1661	2	70132407	70133078	6	0.0049452389284363
1661	2	70132407	70133078	7	0
1661	2	70132407	70133078	8	0
1661	2	70132407	70133078	9	0
1661	2	70132407	70133078	10	0
1661	2	70132407	70133078	11	1.07180090674686e-06
