task_id	chrom	start	end	iteration	h2_incremental
185	1	155822620	155823218	1	0.0183212910517994
185	1	155822620	155823218	2	0.0148212119460936
185	1	155822620	155823218	3	0
185	1	155822620	155823218	4	0.0103371748041382
185	1	155822620	155823218	5	0.00546179664473481
185	1	155822620	155823218	6	5.83321148623168e-05
185	1	155822620	155823218	7	0
185	1	155822620	155823218	8	0
185	1	155822620	155823218	9	8.99482392542895e-06
185	1	155822620	155823218	10	0
185	1	155822620	155823218	11	0
