task_id	chrom	start	end	iteration	h2_incremental
95	1	1290144	1290231	1	0.316552231571529
95	1	1290144	1290231	2	0.00231987385068711
95	1	1290144	1290231	3	0
95	1	1290144	1290231	4	0.000226082823113446
95	1	1290144	1290231	5	8.89374950800621e-07
95	1	1290144	1290231	6	8.34588845313585e-06
95	1	1290144	1290231	7	3.55829170335554e-05
95	1	1290144	1290231	8	1.95646895032723e-05
95	1	1290144	1290231	9	6.88379512458333e-05
95	1	1290144	1290231	10	0
95	1	1290144	1290231	11	0
