task_id	chrom	start	end	iteration	h2_incremental
146	1	148328866	148329782	1	0.0854603399454029
146	1	148328866	148329782	2	0.0216237870474037
146	1	148328866	148329782	3	0
146	1	148328866	148329782	4	0
146	1	148328866	148329782	5	0
146	1	148328866	148329782	6	0
146	1	148328866	148329782	7	0
146	1	148328866	148329782	8	8.32085069045956e-06
146	1	148328866	148329782	9	0
146	1	148328866	148329782	10	0
146	1	148328866	148329782	11	0
