task_id	chrom	start	end	iteration	h2_incremental
1572	2	37752499	37756152	1	0.389510197961245
1572	2	37752499	37756152	2	0.00105827660727818
1572	2	37752499	37756152	3	0
1572	2	37752499	37756152	4	0.000522983046772326
1572	2	37752499	37756152	5	2.45417477890838e-07
1572	2	37752499	37756152	6	0
1572	2	37752499	37756152	7	0
1572	2	37752499	37756152	8	6.22889469382824e-06
1572	2	37752499	37756152	9	0
1572	2	37752499	37756152	10	7.52184909157442e-07
1572	2	37752499	37756152	11	0
