task_id	chrom	start	end	iteration	h2_incremental
944	1	9919819	9919959	1	0.262770876904629
944	1	9919819	9919959	2	0
944	1	9919819	9919959	3	6.45402169063002e-08
944	1	9919819	9919959	4	0
944	1	9919819	9919959	5	4.70723729835393e-07
944	1	9919819	9919959	6	0
944	1	9919819	9919959	7	0
944	1	9919819	9919959	8	0
944	1	9919819	9919959	9	0
944	1	9919819	9919959	10	1.02879007219766e-06
944	1	9919819	9919959	11	0
