task_id	chrom	start	end	iteration	h2_incremental
4449	7	38311704	38311957	1	0.429126298049406
4449	7	38311704	38311957	2	0
4449	7	38311704	38311957	3	0.000821222544209107
4449	7	38311704	38311957	4	1.93725668096274e-05
4449	7	38311704	38311957	5	0.0011896136885437
4449	7	38311704	38311957	6	0
4449	7	38311704	38311957	7	0
4449	7	38311704	38311957	8	0
4449	7	38311704	38311957	9	0
4449	7	38311704	38311957	10	1.39746318272372e-07
4449	7	38311704	38311957	11	0
