task_id	chrom	start	end	iteration	h2_incremental
1953	3	149085381	149085475	1	0.405057410046459
1953	3	149085381	149085475	2	0.000313051422094294
1953	3	149085381	149085475	3	9.7601663769008e-05
1953	3	149085381	149085475	4	1.17284953106614e-07
1953	3	149085381	149085475	5	0
1953	3	149085381	149085475	6	0
1953	3	149085381	149085475	7	7.16308446082147e-08
1953	3	149085381	149085475	8	0
1953	3	149085381	149085475	9	0
1953	3	149085381	149085475	10	0
1953	3	149085381	149085475	11	0
