task_id	chrom	start	end	iteration	h2_incremental
3992	6	40599702	40599792	1	0.0792519341861539
3992	6	40599702	40599792	2	0.0136199732993234
3992	6	40599702	40599792	3	0.00353050177016617
3992	6	40599702	40599792	4	0.0021455432758159
3992	6	40599702	40599792	5	0
3992	6	40599702	40599792	6	0.00568191553621939
3992	6	40599702	40599792	7	0
3992	6	40599702	40599792	8	0
3992	6	40599702	40599792	9	1.59450729220577e-05
3992	6	40599702	40599792	10	0
3992	6	40599702	40599792	11	0
