task_id	chrom	start	end	iteration	h2_incremental
4083	7	100017419	100017605	1	0.337648145844414
4083	7	100017419	100017605	2	0
4083	7	100017419	100017605	3	0
4083	7	100017419	100017605	4	0
4083	7	100017419	100017605	5	0
4083	7	100017419	100017605	6	0
4083	7	100017419	100017605	7	3.64544283639128e-07
4083	7	100017419	100017605	8	0
4083	7	100017419	100017605	9	0
4083	7	100017419	100017605	10	0
4083	7	100017419	100017605	11	0
