task_id	chrom	start	end	iteration	h2_incremental
661	1	32738985	32739707	1	0.210237262376542
661	1	32738985	32739707	2	1.26641960216182e-05
661	1	32738985	32739707	3	0
661	1	32738985	32739707	4	0
661	1	32738985	32739707	5	0
661	1	32738985	32739707	6	0
661	1	32738985	32739707	7	0
661	1	32738985	32739707	8	0.000116471575430443
661	1	32738985	32739707	9	0
661	1	32738985	32739707	10	0
661	1	32738985	32739707	11	0
