task_id	chrom	start	end	iteration	h2_incremental
1407	2	235664012	235664233	1	0.480390700807117
1407	2	235664012	235664233	2	0
1407	2	235664012	235664233	3	9.0725123008644e-07
1407	2	235664012	235664233	4	0
1407	2	235664012	235664233	5	1.71990755730067e-06
1407	2	235664012	235664233	6	0
1407	2	235664012	235664233	7	0
1407	2	235664012	235664233	8	0
1407	2	235664012	235664233	9	0
1407	2	235664012	235664233	10	2.03812471945244e-06
1407	2	235664012	235664233	11	0
