task_id	chrom	start	end	iteration	h2_incremental
482	1	247782427	247785172	1	0.68771990448088
482	1	247782427	247785172	2	0.0150955951306879
482	1	247782427	247785172	3	0
482	1	247782427	247785172	4	0
482	1	247782427	247785172	5	0
482	1	247782427	247785172	6	0
482	1	247782427	247785172	7	0
482	1	247782427	247785172	8	0
482	1	247782427	247785172	9	2.02401639032102e-05
482	1	247782427	247785172	10	5.60325390537932e-07
482	1	247782427	247785172	11	0
