task_id	chrom	start	end	iteration	h2_incremental
3463	5	8843520	8844315	1	0.363442254455218
3463	5	8843520	8844315	2	0
3463	5	8843520	8844315	3	6.89737050946906e-06
3463	5	8843520	8844315	4	2.69661867628722e-06
3463	5	8843520	8844315	5	0
3463	5	8843520	8844315	6	5.55432889040887e-06
3463	5	8843520	8844315	7	9.43060077260405e-07
3463	5	8843520	8844315	8	6.55504245752679e-07
3463	5	8843520	8844315	9	0
3463	5	8843520	8844315	10	6.7620220022127e-05
3463	5	8843520	8844315	11	0
