task_id	chrom	start	end	iteration	h2_incremental
1581	2	41878926	41879756	1	0.157592082203649
1581	2	41878926	41879756	2	0.00970736333995874
1581	2	41878926	41879756	3	2.66210720405067e-06
1581	2	41878926	41879756	4	0
1581	2	41878926	41879756	5	2.80139741770623e-06
1581	2	41878926	41879756	6	0
1581	2	41878926	41879756	7	0
1581	2	41878926	41879756	8	0
1581	2	41878926	41879756	9	0
1581	2	41878926	41879756	10	0
1581	2	41878926	41879756	11	0
