task_id	chrom	start	end	iteration	h2_incremental
4240	7	149190722	149191546	1	0.58897532875197
4240	7	149190722	149191546	2	0.012568383666263
4240	7	149190722	149191546	3	0.000765057515669458
4240	7	149190722	149191546	4	1.92412885820626e-06
4240	7	149190722	149191546	5	0.000965131912314668
4240	7	149190722	149191546	6	0
4240	7	149190722	149191546	7	0
4240	7	149190722	149191546	8	0
4240	7	149190722	149191546	9	0
4240	7	149190722	149191546	10	0
4240	7	149190722	149191546	11	0
