task_id	chrom	start	end	iteration	h2_incremental
354	1	207751031	207751443	1	0.446088303678561
354	1	207751031	207751443	2	0
354	1	207751031	207751443	3	2.46994916525741e-07
354	1	207751031	207751443	4	0.000228490394433039
354	1	207751031	207751443	5	0
354	1	207751031	207751443	6	6.67761983665052e-08
354	1	207751031	207751443	7	0
354	1	207751031	207751443	8	6.15634844073025e-08
354	1	207751031	207751443	9	9.85461986467723e-06
354	1	207751031	207751443	10	0
354	1	207751031	207751443	11	0
