task_id	chrom	start	end	iteration	h2_incremental
2624	4	184424553	184425688	1	0.674682755491328
2624	4	184424553	184425688	2	1.11156871356986e-05
2624	4	184424553	184425688	3	1.30817526481123e-05
2624	4	184424553	184425688	4	0
2624	4	184424553	184425688	5	4.22326747228138e-07
2624	4	184424553	184425688	6	0
2624	4	184424553	184425688	7	0
2624	4	184424553	184425688	8	0
2624	4	184424553	184425688	9	0
2624	4	184424553	184425688	10	0
2624	4	184424553	184425688	11	0
