task_id	chrom	start	end	iteration	h2_incremental
2777	4	56692260	56692900	1	0.33342503877861
2777	4	56692260	56692900	2	4.67913019053581e-05
2777	4	56692260	56692900	3	0
2777	4	56692260	56692900	4	0
2777	4	56692260	56692900	5	2.61275663433162e-07
2777	4	56692260	56692900	6	7.65655154901959e-06
2777	4	56692260	56692900	7	1.67721222529155e-05
2777	4	56692260	56692900	8	5.28163574886709e-05
2777	4	56692260	56692900	9	0
2777	4	56692260	56692900	10	0
2777	4	56692260	56692900	11	0
