task_id	chrom	start	end	iteration	h2_incremental
1955	3	149815170	149816872	1	0.424137296910707
1955	3	149815170	149816872	2	0
1955	3	149815170	149816872	3	2.3520753214083e-05
1955	3	149815170	149816872	4	0
1955	3	149815170	149816872	5	0
1955	3	149815170	149816872	6	0
1955	3	149815170	149816872	7	4.50749666994488e-05
1955	3	149815170	149816872	8	0
1955	3	149815170	149816872	9	0
1955	3	149815170	149816872	10	0
1955	3	149815170	149816872	11	0
