task_id	chrom	start	end	iteration	h2_incremental
3883	6	31245540	31246568	1	0.359271760722783
3883	6	31245540	31246568	2	2.76584159020085e-05
3883	6	31245540	31246568	3	0.00480472635478468
3883	6	31245540	31246568	4	3.150937744093e-05
3883	6	31245540	31246568	5	0
3883	6	31245540	31246568	6	0
3883	6	31245540	31246568	7	0
3883	6	31245540	31246568	8	0
3883	6	31245540	31246568	9	2.293906765921e-05
3883	6	31245540	31246568	10	0
3883	6	31245540	31246568	11	0
