task_id	chrom	start	end	iteration	h2_incremental
3052	5	139647120	139647439	1	0.137461382110768
3052	5	139647120	139647439	2	0
3052	5	139647120	139647439	3	0.000550726314842521
3052	5	139647120	139647439	4	0
3052	5	139647120	139647439	5	8.08853831969507e-06
3052	5	139647120	139647439	6	7.25678550664939e-06
3052	5	139647120	139647439	7	0
3052	5	139647120	139647439	8	0
3052	5	139647120	139647439	9	1.40149227507057e-06
3052	5	139647120	139647439	10	0
3052	5	139647120	139647439	11	0
