task_id	chrom	start	end	iteration	h2_incremental
1632	2	61067318	61067692	1	0.172028057509133
1632	2	61067318	61067692	2	0.0087715781466776
1632	2	61067318	61067692	3	2.74724608752279e-07
1632	2	61067318	61067692	4	0.000375867180417185
1632	2	61067318	61067692	5	0
1632	2	61067318	61067692	6	0.00407554724317901
1632	2	61067318	61067692	7	0
1632	2	61067318	61067692	8	0
1632	2	61067318	61067692	9	0
1632	2	61067318	61067692	10	6.95734465789814e-05
1632	2	61067318	61067692	11	4.41939393056339e-05
