task_id	chrom	start	end	iteration	h2_incremental
3352	5	5304480	5304880	1	0.388156412532106
3352	5	5304480	5304880	2	0.000863505953031372
3352	5	5304480	5304880	3	0
3352	5	5304480	5304880	4	0.00047879506389794
3352	5	5304480	5304880	5	0
3352	5	5304480	5304880	6	0
3352	5	5304480	5304880	7	0.00365327588285276
3352	5	5304480	5304880	8	0
3352	5	5304480	5304880	9	0
3352	5	5304480	5304880	10	0
3352	5	5304480	5304880	11	0
3352	5	5304480	5304880	12	0
