task_id	chrom	start	end	iteration	h2_incremental
1079	2	127651891	127652455	1	0.284998367624798
1079	2	127651891	127652455	2	0
1079	2	127651891	127652455	3	0
1079	2	127651891	127652455	4	0
1079	2	127651891	127652455	5	6.67020124074756e-07
1079	2	127651891	127652455	6	6.21551272989025e-07
1079	2	127651891	127652455	7	0
1079	2	127651891	127652455	8	0
1079	2	127651891	127652455	9	0
1079	2	127651891	127652455	10	0.000203310598169429
1079	2	127651891	127652455	11	9.46888815152793e-07
