task_id	chrom	start	end	iteration	h2_incremental
638	1	31609109	31609721	1	0.164451146244939
638	1	31609109	31609721	2	9.69536782695258e-06
638	1	31609109	31609721	3	0
638	1	31609109	31609721	4	0
638	1	31609109	31609721	5	0
638	1	31609109	31609721	6	0
638	1	31609109	31609721	7	0
638	1	31609109	31609721	8	0
638	1	31609109	31609721	9	0
638	1	31609109	31609721	10	5.70437611655387e-07
638	1	31609109	31609721	11	9.93493016808115e-05
