task_id	chrom	start	end	iteration	h2_incremental
25	1	10359989	10360939	1	0.19058786471281
25	1	10359989	10360939	2	0.0175632299079817
25	1	10359989	10360939	3	0
25	1	10359989	10360939	4	0.000113846756251616
25	1	10359989	10360939	5	0
25	1	10359989	10360939	6	0
25	1	10359989	10360939	7	0
25	1	10359989	10360939	8	0.00110976297274081
25	1	10359989	10360939	9	0
25	1	10359989	10360939	10	3.79634373413613e-05
25	1	10359989	10360939	11	0
25	1	10359989	10360939	12	0
25	1	10359989	10360939	13	0
