task_id	chrom	start	end	iteration	h2_incremental
1621	2	55223743	55223898	1	0.127345123591509
1621	2	55223743	55223898	2	0.0998752558430166
1621	2	55223743	55223898	3	0
1621	2	55223743	55223898	4	0
1621	2	55223743	55223898	5	0
1621	2	55223743	55223898	6	0
1621	2	55223743	55223898	7	0
1621	2	55223743	55223898	8	0
1621	2	55223743	55223898	9	0
1621	2	55223743	55223898	10	1.40227473809758e-06
1621	2	55223743	55223898	11	1.31965075054671e-07
