task_id	chrom	start	end	iteration	h2_incremental
1161	2	160994447	160994684	1	0.173419806497829
1161	2	160994447	160994684	2	0
1161	2	160994447	160994684	3	0
1161	2	160994447	160994684	4	0
1161	2	160994447	160994684	5	0
1161	2	160994447	160994684	6	0
1161	2	160994447	160994684	7	4.44402381511455e-06
1161	2	160994447	160994684	8	1.75123367610087e-06
1161	2	160994447	160994684	9	0
1161	2	160994447	160994684	10	0
1161	2	160994447	160994684	11	4.07310823062774e-06
