task_id	chrom	start	end	iteration	h2_incremental
1815	3	11592845	11593864	1	0.206847763360212
1815	3	11592845	11593864	2	0
1815	3	11592845	11593864	3	0.00198880568158879
1815	3	11592845	11593864	4	4.33520556568569e-06
1815	3	11592845	11593864	5	0.00033610391210289
1815	3	11592845	11593864	6	0.000770359279866626
1815	3	11592845	11593864	7	0
1815	3	11592845	11593864	8	0
1815	3	11592845	11593864	9	0
1815	3	11592845	11593864	10	7.0496149222519e-07
1815	3	11592845	11593864	11	4.06490856002131e-06
