task_id	chrom	start	end	iteration	h2_incremental
973	2	101817331	101818687	1	0.162629029849959
973	2	101817331	101818687	2	3.41631316973919e-07
973	2	101817331	101818687	3	2.37363847382756e-05
973	2	101817331	101818687	4	0.00651325565919981
973	2	101817331	101818687	5	0
973	2	101817331	101818687	6	0
973	2	101817331	101818687	7	0
973	2	101817331	101818687	8	0
973	2	101817331	101818687	9	0
973	2	101817331	101818687	10	2.06162398365536e-05
973	2	101817331	101818687	11	0
