task_id	chrom	start	end	iteration	h2_incremental
2261	3	51996190	51996292	1	0.0346144062327606
2261	3	51996190	51996292	2	0.0133729561590206
2261	3	51996190	51996292	3	0.0105230268407544
2261	3	51996190	51996292	4	0.00543034785557645
2261	3	51996190	51996292	5	0
2261	3	51996190	51996292	6	0
2261	3	51996190	51996292	7	1.31423265334346e-05
2261	3	51996190	51996292	8	5.82179255422757e-07
2261	3	51996190	51996292	9	6.4298252543798e-06
2261	3	51996190	51996292	10	0
2261	3	51996190	51996292	11	0
