task_id	chrom	start	end	iteration	h2_incremental
2629	4	184807612	184808334	1	0.538396618420222
2629	4	184807612	184808334	2	4.4881781822956e-08
2629	4	184807612	184808334	3	0
2629	4	184807612	184808334	4	4.20000763365482e-06
2629	4	184807612	184808334	5	7.70735101353919e-05
2629	4	184807612	184808334	6	0
2629	4	184807612	184808334	7	0
2629	4	184807612	184808334	8	3.41863611418271e-06
2629	4	184807612	184808334	9	0
2629	4	184807612	184808334	10	0
2629	4	184807612	184808334	11	0
