task_id	chrom	start	end	iteration	h2_incremental
572	1	27838240	27839197	1	0.233156030726889
572	1	27838240	27839197	2	0.00159365007537227
572	1	27838240	27839197	3	1.70950171362682e-06
572	1	27838240	27839197	4	0
572	1	27838240	27839197	5	6.88889254150743e-08
572	1	27838240	27839197	6	0.00103862524850996
572	1	27838240	27839197	7	0
572	1	27838240	27839197	8	0
572	1	27838240	27839197	9	0
572	1	27838240	27839197	10	0
572	1	27838240	27839197	11	0
