task_id	chrom	start	end	iteration	h2_incremental
4027	6	56541027	56541869	1	0.461907340985525
4027	6	56541027	56541869	2	0.00105482367855396
4027	6	56541027	56541869	3	0
4027	6	56541027	56541869	4	6.1336700756345e-06
4027	6	56541027	56541869	5	0
4027	6	56541027	56541869	6	3.0374158680454e-05
4027	6	56541027	56541869	7	0
4027	6	56541027	56541869	8	2.34652648883646e-05
4027	6	56541027	56541869	9	0
4027	6	56541027	56541869	10	0
4027	6	56541027	56541869	11	0
