task_id	chrom	start	end	iteration	h2_incremental
3836	6	28744130	28746407	1	0.0929273163878106
3836	6	28744130	28746407	2	0.000251172078642441
3836	6	28744130	28746407	3	2.43123840975341e-06
3836	6	28744130	28746407	4	0
3836	6	28744130	28746407	5	0.00709362647515268
3836	6	28744130	28746407	6	0
3836	6	28744130	28746407	7	0
3836	6	28744130	28746407	8	0
3836	6	28744130	28746407	9	0
3836	6	28744130	28746407	10	0
3836	6	28744130	28746407	11	7.55030496001663e-06
