task_id	chrom	start	end	iteration	h2_incremental
2557	4	16228382	16228589	1	0.285889164178446
2557	4	16228382	16228589	2	0
2557	4	16228382	16228589	3	1.62493545002501e-06
2557	4	16228382	16228589	4	1.25561779243454e-06
2557	4	16228382	16228589	5	0
2557	4	16228382	16228589	6	0
2557	4	16228382	16228589	7	0
2557	4	16228382	16228589	8	1.2658656907904e-05
2557	4	16228382	16228589	9	0
2557	4	16228382	16228589	10	0
2557	4	16228382	16228589	11	0
