task_id	chrom	start	end	iteration	h2_incremental
1108	2	1316501	1316865	1	0.466080914774354
1108	2	1316501	1316865	2	0.00113257433657675
1108	2	1316501	1316865	3	0.00144449582906231
1108	2	1316501	1316865	4	0
1108	2	1316501	1316865	5	4.84905755908821e-07
1108	2	1316501	1316865	6	0
1108	2	1316501	1316865	7	2.24527842350175e-05
1108	2	1316501	1316865	8	0
1108	2	1316501	1316865	9	1.26034706168008e-05
1108	2	1316501	1316865	10	2.8591819206804e-07
1108	2	1316501	1316865	11	0
