task_id	chrom	start	end	iteration	h2_incremental
1260	2	203239964	203240445	1	0.0848389067908699
1260	2	203239964	203240445	2	0.000538929675135159
1260	2	203239964	203240445	3	0.00728136993617962
1260	2	203239964	203240445	4	0
1260	2	203239964	203240445	5	6.45505805847306e-07
1260	2	203239964	203240445	6	0
1260	2	203239964	203240445	7	0
1260	2	203239964	203240445	8	0
1260	2	203239964	203240445	9	0
1260	2	203239964	203240445	10	1.00133317719428e-07
1260	2	203239964	203240445	11	0
