task_id	chrom	start	end	iteration	h2_incremental
259	1	168056189	168056436	1	0.287554714190648
259	1	168056189	168056436	2	0.0544671337268632
259	1	168056189	168056436	3	0
259	1	168056189	168056436	4	0
259	1	168056189	168056436	5	0
259	1	168056189	168056436	6	0
259	1	168056189	168056436	7	0
259	1	168056189	168056436	8	3.92484527051426e-06
259	1	168056189	168056436	9	5.63412453461031e-06
259	1	168056189	168056436	10	3.53501226378993e-07
259	1	168056189	168056436	11	1.57842284997502e-07
