task_id	chrom	start	end	iteration	h2_incremental
575	1	27915837	27916878	1	0.0984158026531601
575	1	27915837	27916878	2	0.00304188851626977
575	1	27915837	27916878	3	0.0144121550497805
575	1	27915837	27916878	4	0.00526602115938819
575	1	27915837	27916878	5	0
575	1	27915837	27916878	6	6.20732028998572e-07
575	1	27915837	27916878	7	0.00330907783485645
575	1	27915837	27916878	8	0
575	1	27915837	27916878	9	0
575	1	27915837	27916878	10	0
575	1	27915837	27916878	11	0
575	1	27915837	27916878	12	0
