task_id	chrom	start	end	iteration	h2_incremental
877	1	8240722	8241367	1	0.159681266975241
877	1	8240722	8241367	2	0.0109502994526523
877	1	8240722	8241367	3	3.83420528898787e-05
877	1	8240722	8241367	4	0.000370270021353809
877	1	8240722	8241367	5	1.00126370606734e-07
877	1	8240722	8241367	6	0.0033540013110876
877	1	8240722	8241367	7	0
877	1	8240722	8241367	8	0
877	1	8240722	8241367	9	0
877	1	8240722	8241367	10	7.13024696264329e-06
877	1	8240722	8241367	11	1.0240703689717e-05
