task_id	chrom	start	end	iteration	h2_incremental
1514	2	24832121	24832402	1	0.0947893462415519
1514	2	24832121	24832402	2	0.00191198697450495
1514	2	24832121	24832402	3	0.00482082384820152
1514	2	24832121	24832402	4	1.93284622011579e-05
1514	2	24832121	24832402	5	0.000157836691703711
1514	2	24832121	24832402	6	0
1514	2	24832121	24832402	7	6.82105912478329e-05
1514	2	24832121	24832402	8	7.15327734182487e-06
1514	2	24832121	24832402	9	0
1514	2	24832121	24832402	10	0
1514	2	24832121	24832402	11	0
