task_id	chrom	start	end	iteration	h2_incremental
1723	2	94858352	94858723	1	0.0590966948293093
1723	2	94858352	94858723	2	0.00841283698589167
1723	2	94858352	94858723	3	0.00137199602869631
1723	2	94858352	94858723	4	0.00212949685589384
1723	2	94858352	94858723	5	0
1723	2	94858352	94858723	6	0
1723	2	94858352	94858723	7	0.000340563885698155
1723	2	94858352	94858723	8	0
1723	2	94858352	94858723	9	0
1723	2	94858352	94858723	10	0
1723	2	94858352	94858723	11	0
1723	2	94858352	94858723	12	0
