task_id	chrom	start	end	iteration	h2_incremental
909	1	8995214	8996198	1	0.44965023067392
909	1	8995214	8996198	2	9.68141913756183e-07
909	1	8995214	8996198	3	0.00337824004109007
909	1	8995214	8996198	4	0.00810136224179601
909	1	8995214	8996198	5	0
909	1	8995214	8996198	6	1.6237754618e-07
909	1	8995214	8996198	7	0
909	1	8995214	8996198	8	1.34334194467663e-07
909	1	8995214	8996198	9	9.77009230164492e-06
909	1	8995214	8996198	10	0
909	1	8995214	8996198	11	4.44149979486158e-05
