task_id	chrom	start	end	iteration	h2_incremental
653	1	32581454	32581931	1	0.158622744944822
653	1	32581454	32581931	2	0.00512921501562569
653	1	32581454	32581931	3	0
653	1	32581454	32581931	4	3.73518648640456e-06
653	1	32581454	32581931	5	0
653	1	32581454	32581931	6	0
653	1	32581454	32581931	7	0
653	1	32581454	32581931	8	0
653	1	32581454	32581931	9	1.38590336401262e-06
653	1	32581454	32581931	10	0
653	1	32581454	32581931	11	5.55784943540658e-07
