task_id	chrom	start	end	iteration	h2_incremental
4044	6	684102	685164	1	0.349393888334051
4044	6	684102	685164	2	3.17405173431222e-07
4044	6	684102	685164	3	0.00159910141244008
4044	6	684102	685164	4	0
4044	6	684102	685164	5	3.35748770678158e-07
4044	6	684102	685164	6	0.000222224593373362
4044	6	684102	685164	7	3.98808364979831e-05
4044	6	684102	685164	8	0
4044	6	684102	685164	9	0
4044	6	684102	685164	10	0
4044	6	684102	685164	11	0
