task_id	chrom	start	end	iteration	h2_incremental
3285	5	2338411	2338648	1	0.439631231486726
3285	5	2338411	2338648	2	0.0117315936913351
3285	5	2338411	2338648	3	0
3285	5	2338411	2338648	4	1.22407411751431e-06
3285	5	2338411	2338648	5	6.68001049315878e-08
3285	5	2338411	2338648	6	0
3285	5	2338411	2338648	7	0
3285	5	2338411	2338648	8	0.000133262184916039
3285	5	2338411	2338648	9	3.6850071408886e-07
3285	5	2338411	2338648	10	0
3285	5	2338411	2338648	11	1.02707738589712e-06
