task_id	chrom	start	end	iteration	h2_incremental
2678	4	2403018	2403463	1	0.209527770306025
2678	4	2403018	2403463	2	0
2678	4	2403018	2403463	3	0.000346131110826307
2678	4	2403018	2403463	4	0
2678	4	2403018	2403463	5	0
2678	4	2403018	2403463	6	0
2678	4	2403018	2403463	7	0.000669653898912424
2678	4	2403018	2403463	8	0
2678	4	2403018	2403463	9	0
2678	4	2403018	2403463	10	0
2678	4	2403018	2403463	11	0
2678	4	2403018	2403463	12	0
