task_id	chrom	start	end	iteration	h2_incremental
3956	6	33082891	33088158	1	0.813951132292364
3956	6	33082891	33088158	2	0.00135133769325874
3956	6	33082891	33088158	3	4.06487224330956e-08
3956	6	33082891	33088158	4	1.82572371551134e-06
3956	6	33082891	33088158	5	0
3956	6	33082891	33088158	6	0
3956	6	33082891	33088158	7	5.52586503333436e-07
3956	6	33082891	33088158	8	0
3956	6	33082891	33088158	9	3.79673488201097e-08
3956	6	33082891	33088158	10	0
3956	6	33082891	33088158	11	3.11425085271821e-06
