task_id	chrom	start	end	iteration	h2_incremental
386	1	22011678	22012964	1	0.674511309710584
386	1	22011678	22012964	2	0
386	1	22011678	22012964	3	2.00139083207569e-06
386	1	22011678	22012964	4	0
386	1	22011678	22012964	5	0
386	1	22011678	22012964	6	8.64553962976373e-06
386	1	22011678	22012964	7	0
386	1	22011678	22012964	8	1.49063210134653e-07
386	1	22011678	22012964	9	0
386	1	22011678	22012964	10	0
386	1	22011678	22012964	11	1.37966455879874e-06
