task_id	chrom	start	end	iteration	h2_incremental
3409	5	73276243	73277194	1	0.364518070841255
3409	5	73276243	73277194	2	0.00570636372822296
3409	5	73276243	73277194	3	0.000326485999944019
3409	5	73276243	73277194	4	0
3409	5	73276243	73277194	5	0
3409	5	73276243	73277194	6	0
3409	5	73276243	73277194	7	0
3409	5	73276243	73277194	8	0
3409	5	73276243	73277194	9	2.28377497340738e-06
3409	5	73276243	73277194	10	4.02058859042134e-05
3409	5	73276243	73277194	11	0
