task_id	chrom	start	end	iteration	h2_incremental
3891	6	31304591	31305777	1	0.679861465773859
3891	6	31304591	31305777	2	0
3891	6	31304591	31305777	3	2.09732246833624e-05
3891	6	31304591	31305777	4	0.000918422395041141
3891	6	31304591	31305777	5	0
3891	6	31304591	31305777	6	0
3891	6	31304591	31305777	7	9.87951026850215e-05
3891	6	31304591	31305777	8	3.53235944939146e-06
3891	6	31304591	31305777	9	0
3891	6	31304591	31305777	10	0.000125149371525811
3891	6	31304591	31305777	11	0
