task_id	chrom	start	end	iteration	h2_incremental
1633	2	61855368	61855596	1	0.385980533428549
1633	2	61855368	61855596	2	0.0061361965486776
1633	2	61855368	61855596	3	7.14916553918419e-08
1633	2	61855368	61855596	4	3.06780403129924e-06
1633	2	61855368	61855596	5	4.61896335060081e-07
1633	2	61855368	61855596	6	3.32220106142751e-06
1633	2	61855368	61855596	7	0
1633	2	61855368	61855596	8	0
1633	2	61855368	61855596	9	3.55587942360592e-06
1633	2	61855368	61855596	10	0
1633	2	61855368	61855596	11	0
