task_id	chrom	start	end	iteration	h2_incremental
3813	6	27541185	27541505	1	0.184916724458707
3813	6	27541185	27541505	2	0
3813	6	27541185	27541505	3	0
3813	6	27541185	27541505	4	1.26501378988254e-05
3813	6	27541185	27541505	5	0
3813	6	27541185	27541505	6	0
3813	6	27541185	27541505	7	8.11350128744337e-06
3813	6	27541185	27541505	8	0
3813	6	27541185	27541505	9	8.2992191482427e-06
3813	6	27541185	27541505	10	6.29861072144942e-06
3813	6	27541185	27541505	11	3.25375986077978e-06
