task_id	chrom	start	end	iteration	h2_incremental
3755	6	169250628	169251675	1	0.0708691214523164
3755	6	169250628	169251675	2	0.0304405163195384
3755	6	169250628	169251675	3	0.00649765557853935
3755	6	169250628	169251675	4	0
3755	6	169250628	169251675	5	0
3755	6	169250628	169251675	6	0.003581581219377
3755	6	169250628	169251675	7	0
3755	6	169250628	169251675	8	0
3755	6	169250628	169251675	9	0
3755	6	169250628	169251675	10	0
3755	6	169250628	169251675	11	0
