task_id	chrom	start	end	iteration	h2_incremental
949	1	9958673	9959666	1	0.175290821607669
949	1	9958673	9959666	2	1.38468891226463e-05
949	1	9958673	9959666	3	0.00253876471182431
949	1	9958673	9959666	4	0
949	1	9958673	9959666	5	0.00522027905644066
949	1	9958673	9959666	6	0
949	1	9958673	9959666	7	0
949	1	9958673	9959666	8	3.2345443203706e-06
949	1	9958673	9959666	9	0
949	1	9958673	9959666	10	0
949	1	9958673	9959666	11	0
