task_id	chrom	start	end	iteration	h2_incremental
156	1	1499032	1499521	1	0.20787134667898
156	1	1499032	1499521	2	0.000942875686941056
156	1	1499032	1499521	3	0
156	1	1499032	1499521	4	0
156	1	1499032	1499521	5	0
156	1	1499032	1499521	6	0
156	1	1499032	1499521	7	0.00335062277507639
156	1	1499032	1499521	8	5.1130382840422e-06
156	1	1499032	1499521	9	0
156	1	1499032	1499521	10	0
156	1	1499032	1499521	11	0
156	1	1499032	1499521	12	0
