task_id	chrom	start	end	iteration	h2_incremental
4069	6	89985668	89986313	1	0.300742755541476
4069	6	89985668	89986313	2	0.00117448255512499
4069	6	89985668	89986313	3	1.30744904685953e-05
4069	6	89985668	89986313	4	7.53018641953223e-05
4069	6	89985668	89986313	5	0
4069	6	89985668	89986313	6	0
4069	6	89985668	89986313	7	0
4069	6	89985668	89986313	8	2.43963022547101e-07
4069	6	89985668	89986313	9	7.00697248615447e-05
4069	6	89985668	89986313	10	0
4069	6	89985668	89986313	11	0
