task_id	chrom	start	end	iteration	h2_incremental
204	1	15774944	15775729	1	0.611118615077333
204	1	15774944	15775729	2	0
204	1	15774944	15775729	3	0
204	1	15774944	15775729	4	5.98615827668036e-07
204	1	15774944	15775729	5	0
204	1	15774944	15775729	6	1.95923857177647e-07
204	1	15774944	15775729	7	5.03599307679333e-07
204	1	15774944	15775729	8	0
204	1	15774944	15775729	9	0
204	1	15774944	15775729	10	0
204	1	15774944	15775729	11	1.93801438900963e-07
