task_id	chrom	start	end	iteration	h2_incremental
906	1	8966004	8966648	1	0.315204073413389
906	1	8966004	8966648	2	0.00172953615987504
906	1	8966004	8966648	3	0
906	1	8966004	8966648	4	0
906	1	8966004	8966648	5	7.72464383240272e-05
906	1	8966004	8966648	6	0.0020333833855155
906	1	8966004	8966648	7	0
906	1	8966004	8966648	8	5.01876331597293e-05
906	1	8966004	8966648	9	0
906	1	8966004	8966648	10	0
906	1	8966004	8966648	11	0
