task_id	chrom	start	end	iteration	h2_incremental
1910	3	13478132	13479185	1	0.493631293345602
1910	3	13478132	13479185	2	0.00207696331603464
1910	3	13478132	13479185	3	0
1910	3	13478132	13479185	4	0
1910	3	13478132	13479185	5	9.75558710308997e-07
1910	3	13478132	13479185	6	0
1910	3	13478132	13479185	7	0
1910	3	13478132	13479185	8	0
1910	3	13478132	13479185	9	0
1910	3	13478132	13479185	10	0
1910	3	13478132	13479185	11	0
