task_id	chrom	start	end	iteration	h2_incremental
183	1	15564614	15565391	1	0.484040835469582
183	1	15564614	15565391	2	0
183	1	15564614	15565391	3	1.91282184248703e-05
183	1	15564614	15565391	4	7.45827946861066e-05
183	1	15564614	15565391	5	0
183	1	15564614	15565391	6	0.000439840657153024
183	1	15564614	15565391	7	0
183	1	15564614	15565391	8	6.35405708435232e-05
183	1	15564614	15565391	9	0
183	1	15564614	15565391	10	0
183	1	15564614	15565391	11	0
