task_id	chrom	start	end	iteration	h2_incremental
1000	2	108189630	108189883	1	0.376051728247956
1000	2	108189630	108189883	2	0
1000	2	108189630	108189883	3	6.45557006280851e-08
1000	2	108189630	108189883	4	0
1000	2	108189630	108189883	5	0
1000	2	108189630	108189883	6	0
1000	2	108189630	108189883	7	0
1000	2	108189630	108189883	8	0
1000	2	108189630	108189883	9	0
1000	2	108189630	108189883	10	1.70813734238447e-06
1000	2	108189630	108189883	11	0
