task_id	chrom	start	end	iteration	h2_incremental
1140	2	156338680	156340918	1	0.0108303327280309
1140	2	156338680	156340918	2	0.168816957994151
1140	2	156338680	156340918	3	0
1140	2	156338680	156340918	4	0
1140	2	156338680	156340918	5	0
1140	2	156338680	156340918	6	0
1140	2	156338680	156340918	7	0
1140	2	156338680	156340918	8	0
1140	2	156338680	156340918	9	0
1140	2	156338680	156340918	10	0
1140	2	156338680	156340918	11	0
