task_id	chrom	start	end	iteration	h2_incremental
1517	2	25129028	25129385	1	0.0673392291717806
1517	2	25129028	25129385	2	0.0106600315658801
1517	2	25129028	25129385	3	0.0255810576727113
1517	2	25129028	25129385	4	0
1517	2	25129028	25129385	5	0
1517	2	25129028	25129385	6	0
1517	2	25129028	25129385	7	2.09256071808185e-06
1517	2	25129028	25129385	8	0
1517	2	25129028	25129385	9	0
1517	2	25129028	25129385	10	0
1517	2	25129028	25129385	11	0
