task_id	chrom	start	end	iteration	h2_incremental
1057	2	126971521	126971693	1	0.25859725387523
1057	2	126971521	126971693	2	0.0155382867171617
1057	2	126971521	126971693	3	0.0127404740113647
1057	2	126971521	126971693	4	0.00198294647883736
1057	2	126971521	126971693	5	0
1057	2	126971521	126971693	6	4.1620456432545e-06
1057	2	126971521	126971693	7	0
1057	2	126971521	126971693	8	0.00010377267400142
1057	2	126971521	126971693	9	0
1057	2	126971521	126971693	10	0
1057	2	126971521	126971693	11	0
