task_id	chrom	start	end	iteration	h2_incremental
4023	6	53171463	53172083	1	0.146522847841617
4023	6	53171463	53172083	2	0.014516578279459
4023	6	53171463	53172083	3	0
4023	6	53171463	53172083	4	0.00319588301844212
4023	6	53171463	53172083	5	4.17821664448877e-06
4023	6	53171463	53172083	6	0
4023	6	53171463	53172083	7	0
4023	6	53171463	53172083	8	0
4023	6	53171463	53172083	9	0
4023	6	53171463	53172083	10	0
4023	6	53171463	53172083	11	0
