task_id	chrom	start	end	iteration	h2_incremental
931	1	9660973	9661778	1	0.19384094306906
931	1	9660973	9661778	2	0.00174408473616564
931	1	9660973	9661778	3	9.94930635871057e-06
931	1	9660973	9661778	4	0
931	1	9660973	9661778	5	8.32770121423325e-08
931	1	9660973	9661778	6	0.00578043495181008
931	1	9660973	9661778	7	0
931	1	9660973	9661778	8	6.39896055581397e-08
931	1	9660973	9661778	9	3.38694511678953e-05
931	1	9660973	9661778	10	0
931	1	9660973	9661778	11	4.53326142061359e-07
