task_id	chrom	start	end	iteration	h2_incremental
4012	6	44271562	44271771	1	0.121136393713686
4012	6	44271562	44271771	2	0.000404492258571311
4012	6	44271562	44271771	3	0.00151225607862521
4012	6	44271562	44271771	4	2.12031151334296e-05
4012	6	44271562	44271771	5	3.48721354392528e-05
4012	6	44271562	44271771	6	5.61956713833867e-05
4012	6	44271562	44271771	7	3.89695835859118e-06
4012	6	44271562	44271771	8	0
4012	6	44271562	44271771	9	0
4012	6	44271562	44271771	10	0
4012	6	44271562	44271771	11	0
