task_id	chrom	start	end	iteration	h2_incremental
2535	4	153758876	153759065	1	0.427475734775763
2535	4	153758876	153759065	2	0.00047257463139085
2535	4	153758876	153759065	3	0
2535	4	153758876	153759065	4	4.37295132894797e-06
2535	4	153758876	153759065	5	0.00409734994899091
2535	4	153758876	153759065	6	0
2535	4	153758876	153759065	7	0.0020361687292226
2535	4	153758876	153759065	8	0.000746128068740578
2535	4	153758876	153759065	9	0.00107362269720687
2535	4	153758876	153759065	10	0
2535	4	153758876	153759065	11	0
2535	4	153758876	153759065	12	0
2535	4	153758876	153759065	13	0
2535	4	153758876	153759065	14	1.12798392376529e-05
