task_id	chrom	start	end	iteration	h2_incremental
660	1	32730567	32731053	1	0.145882073261493
660	1	32730567	32731053	2	7.2685551518675e-07
660	1	32730567	32731053	3	4.56531347222505e-06
660	1	32730567	32731053	4	4.07576215502119e-06
660	1	32730567	32731053	5	6.40559732078704e-08
660	1	32730567	32731053	6	0.000381701967361721
660	1	32730567	32731053	7	0
660	1	32730567	32731053	8	3.17989538859435e-05
660	1	32730567	32731053	9	0
660	1	32730567	32731053	10	0
660	1	32730567	32731053	11	0
