task_id	chrom	start	end	iteration	h2_incremental
63	1	11665247	11665854	1	0.276241657535204
63	1	11665247	11665854	2	0.0078121053831048
63	1	11665247	11665854	3	0.00151514648376132
63	1	11665247	11665854	4	0.0162491622538323
63	1	11665247	11665854	5	1.10354385771604e-06
63	1	11665247	11665854	6	0
63	1	11665247	11665854	7	0
63	1	11665247	11665854	8	0
63	1	11665247	11665854	9	7.32387224154631e-06
63	1	11665247	11665854	10	0
63	1	11665247	11665854	11	0
