task_id	chrom	start	end	iteration	h2_incremental
3833	6	28739472	28739675	1	0.0294929480794811
3833	6	28739472	28739675	2	0.0056052217088557
3833	6	28739472	28739675	3	2.22036347791613e-07
3833	6	28739472	28739675	4	1.7579706235595e-07
3833	6	28739472	28739675	5	0
3833	6	28739472	28739675	6	5.28710274786763e-06
3833	6	28739472	28739675	7	0
3833	6	28739472	28739675	8	6.57357692445617e-06
3833	6	28739472	28739675	9	1.51672001568045e-05
3833	6	28739472	28739675	10	0
3833	6	28739472	28739675	11	0
