task_id	chrom	start	end	iteration	h2_incremental
920	1	9324297	9325103	1	0.0888091622578106
920	1	9324297	9325103	2	0.0321698399399843
920	1	9324297	9325103	3	0.0133668359240632
920	1	9324297	9325103	4	3.35232896876751e-05
920	1	9324297	9325103	5	0.000486379148961737
920	1	9324297	9325103	6	0
920	1	9324297	9325103	7	0
920	1	9324297	9325103	8	0
920	1	9324297	9325103	9	0.000164631147362494
920	1	9324297	9325103	10	2.54857173910035e-05
920	1	9324297	9325103	11	0
