task_id	chrom	start	end	iteration	h2_incremental
1857	3	126213726	126214016	1	0.53480482314258
1857	3	126213726	126214016	2	0
1857	3	126213726	126214016	3	0
1857	3	126213726	126214016	4	2.23129200689836e-06
1857	3	126213726	126214016	5	0
1857	3	126213726	126214016	6	0
1857	3	126213726	126214016	7	2.96866310850181e-06
1857	3	126213726	126214016	8	6.57775022015224e-08
1857	3	126213726	126214016	9	0
1857	3	126213726	126214016	10	0
1857	3	126213726	126214016	11	0
