task_id	chrom	start	end	iteration	h2_incremental
547	1	26976393	26976584	1	0.131395019131227
547	1	26976393	26976584	2	0
547	1	26976393	26976584	3	1.27417738506588e-05
547	1	26976393	26976584	4	5.58966368700071e-06
547	1	26976393	26976584	5	0
547	1	26976393	26976584	6	0
547	1	26976393	26976584	7	4.32593663572481e-07
547	1	26976393	26976584	8	0
547	1	26976393	26976584	9	0
547	1	26976393	26976584	10	0
547	1	26976393	26976584	11	0
