task_id	chrom	start	end	iteration	h2_incremental
825	1	6576813	6578067	1	0.238526016777123
825	1	6576813	6578067	2	0
825	1	6576813	6578067	3	0.00797508023137876
825	1	6576813	6578067	4	1.50613347256526e-05
825	1	6576813	6578067	5	0
825	1	6576813	6578067	6	1.24025860797238e-05
825	1	6576813	6578067	7	0
825	1	6576813	6578067	8	0
825	1	6576813	6578067	9	0
825	1	6576813	6578067	10	3.43240832308624e-06
825	1	6576813	6578067	11	0
