task_id	chrom	start	end	iteration	h2_incremental
523	1	26435301	26435865	1	0.170109617104306
523	1	26435301	26435865	2	0.000191249401818819
523	1	26435301	26435865	3	0.00216139268762973
523	1	26435301	26435865	4	5.95682703430891e-07
523	1	26435301	26435865	5	0.00920430608257304
523	1	26435301	26435865	6	0
523	1	26435301	26435865	7	8.38813071920419e-08
523	1	26435301	26435865	8	0
523	1	26435301	26435865	9	0
523	1	26435301	26435865	10	4.74124079845163e-05
523	1	26435301	26435865	11	0
