task_id	chrom	start	end	iteration	h2_incremental
3216	5	177983878	177984166	1	0.563446931944636
3216	5	177983878	177984166	2	0
3216	5	177983878	177984166	3	0
3216	5	177983878	177984166	4	8.97008871876263e-06
3216	5	177983878	177984166	5	0
3216	5	177983878	177984166	6	0
3216	5	177983878	177984166	7	4.61355830918459e-06
3216	5	177983878	177984166	8	2.85259122697846e-06
3216	5	177983878	177984166	9	0
3216	5	177983878	177984166	10	3.95294869447152e-08
3216	5	177983878	177984166	11	0
