task_id	chrom	start	end	iteration	h2_incremental
1073	2	127143502	127144611	1	0.27082466187936
1073	2	127143502	127144611	2	0.00421929567077833
1073	2	127143502	127144611	3	0
1073	2	127143502	127144611	4	0.00671520023432481
1073	2	127143502	127144611	5	0
1073	2	127143502	127144611	6	0
1073	2	127143502	127144611	7	0
1073	2	127143502	127144611	8	0
1073	2	127143502	127144611	9	0
1073	2	127143502	127144611	10	1.247698994737e-06
1073	2	127143502	127144611	11	0
