task_id	chrom	start	end	iteration	h2_incremental
3319	5	36693698	36694135	1	0.520477987517263
3319	5	36693698	36694135	2	0
3319	5	36693698	36694135	3	0
3319	5	36693698	36694135	4	0
3319	5	36693698	36694135	5	0
3319	5	36693698	36694135	6	0
3319	5	36693698	36694135	7	0
3319	5	36693698	36694135	8	0
3319	5	36693698	36694135	9	0
3319	5	36693698	36694135	10	1.60294444051685e-05
3319	5	36693698	36694135	11	0
