task_id	chrom	start	end	iteration	h2_incremental
3556	6	125792675	125794162	1	0.194902210057345
3556	6	125792675	125794162	2	0.00385701548962728
3556	6	125792675	125794162	3	8.15556875251872e-06
3556	6	125792675	125794162	4	0.00121038425134905
3556	6	125792675	125794162	5	0
3556	6	125792675	125794162	6	0.00171807389617302
3556	6	125792675	125794162	7	0
3556	6	125792675	125794162	8	0
3556	6	125792675	125794162	9	0
3556	6	125792675	125794162	10	0
3556	6	125792675	125794162	11	0
