task_id	chrom	start	end	iteration	h2_incremental
916	1	9121130	9121246	1	0.421003840711291
916	1	9121130	9121246	2	2.39279542120797e-05
916	1	9121130	9121246	3	0.00270790816203358
916	1	9121130	9121246	4	0.000206933927165118
916	1	9121130	9121246	5	0.000240238700440573
916	1	9121130	9121246	6	8.57863128454326e-06
916	1	9121130	9121246	7	0
916	1	9121130	9121246	8	3.95768665746188e-05
916	1	9121130	9121246	9	0
916	1	9121130	9121246	10	0
916	1	9121130	9121246	11	8.60781921968167e-05
