task_id	chrom	start	end	iteration	h2_incremental
1755	2	99614605	99615918	1	0.155203199303507
1755	2	99614605	99615918	2	0.027711484645808
1755	2	99614605	99615918	3	0
1755	2	99614605	99615918	4	5.67868751905345e-08
1755	2	99614605	99615918	5	7.05166770169111e-08
1755	2	99614605	99615918	6	1.23894223317601e-06
1755	2	99614605	99615918	7	0
1755	2	99614605	99615918	8	0
1755	2	99614605	99615918	9	3.54889001267648e-06
1755	2	99614605	99615918	10	0
1755	2	99614605	99615918	11	0
