task_id	chrom	start	end	iteration	h2_incremental
88	1	12483186	12484135	1	0.513496181427571
88	1	12483186	12484135	2	5.84464946622636e-07
88	1	12483186	12484135	3	0
88	1	12483186	12484135	4	0
88	1	12483186	12484135	5	0
88	1	12483186	12484135	6	4.83373572713124e-06
88	1	12483186	12484135	7	0
88	1	12483186	12484135	8	1.67620377964266e-07
88	1	12483186	12484135	9	0
88	1	12483186	12484135	10	0
88	1	12483186	12484135	11	1.08991086654525e-06
