task_id	chrom	start	end	iteration	h2_incremental
463	1	24259621	24260568	1	0.163340045729333
463	1	24259621	24260568	2	0.00111362852900321
463	1	24259621	24260568	3	0.00574503159081742
463	1	24259621	24260568	4	4.03494648900969e-06
463	1	24259621	24260568	5	0.000868736041544091
463	1	24259621	24260568	6	0.000520715539275358
463	1	24259621	24260568	7	5.22060766570693e-05
463	1	24259621	24260568	8	0
463	1	24259621	24260568	9	0
463	1	24259621	24260568	10	0
463	1	24259621	24260568	11	0
