task_id	chrom	start	end	iteration	h2_incremental
9	1	101308446	101308887	1	0.421542512393071
9	1	101308446	101308887	2	4.10721606892098e-07
9	1	101308446	101308887	3	0
9	1	101308446	101308887	4	0
9	1	101308446	101308887	5	0
9	1	101308446	101308887	6	4.54150476707501e-08
9	1	101308446	101308887	7	0
9	1	101308446	101308887	8	0
9	1	101308446	101308887	9	0
9	1	101308446	101308887	10	0
9	1	101308446	101308887	11	0
