task_id	chrom	start	end	iteration	h2_incremental
747	1	45367396	45368405	1	0.0666998021057497
747	1	45367396	45368405	2	1.93669624829612e-06
747	1	45367396	45368405	3	0.000102793699476569
747	1	45367396	45368405	4	0
747	1	45367396	45368405	5	0.00815036121344158
747	1	45367396	45368405	6	8.87049007168194e-05
747	1	45367396	45368405	7	1.97599254621208e-05
747	1	45367396	45368405	8	2.43739150015383e-05
747	1	45367396	45368405	9	0
747	1	45367396	45368405	10	0
747	1	45367396	45368405	11	0
