task_id	chrom	start	end	iteration	h2_incremental
2865	4	790158	790381	1	0.645922919878683
2865	4	790158	790381	2	0.00224606220913874
2865	4	790158	790381	3	5.11355690238437e-05
2865	4	790158	790381	4	0.00222255805060711
2865	4	790158	790381	5	4.57063194266218e-06
2865	4	790158	790381	6	0
2865	4	790158	790381	7	1.45903738229359e-07
2865	4	790158	790381	8	0
2865	4	790158	790381	9	7.78016184077423e-07
2865	4	790158	790381	10	0
2865	4	790158	790381	11	3.21162172498512e-07
