task_id	chrom	start	end	iteration	h2_incremental
213	1	1589272	1589733	1	0.395917309686379
213	1	1589272	1589733	2	5.67056778893608e-05
213	1	1589272	1589733	3	0.000581474842019794
213	1	1589272	1589733	4	1.5467101454422e-05
213	1	1589272	1589733	5	0
213	1	1589272	1589733	6	7.25402313025194e-06
213	1	1589272	1589733	7	7.72166597220887e-08
213	1	1589272	1589733	8	0
213	1	1589272	1589733	9	1.43761619655808e-05
213	1	1589272	1589733	10	5.10830050727714e-06
213	1	1589272	1589733	11	0
