task_id	chrom	start	end	iteration	h2_incremental
566	1	27708885	27710587	1	0.181063166834458
566	1	27708885	27710587	2	4.17354333974541e-05
566	1	27708885	27710587	3	0
566	1	27708885	27710587	4	0.000183586721019894
566	1	27708885	27710587	5	5.37623770959369e-06
566	1	27708885	27710587	6	0
566	1	27708885	27710587	7	6.38290959918542e-06
566	1	27708885	27710587	8	0
566	1	27708885	27710587	9	0
566	1	27708885	27710587	10	2.24657109093713e-06
566	1	27708885	27710587	11	0
