task_id	chrom	start	end	iteration	h2_incremental
19	1	10222796	10223200	1	0.0658387233851589
19	1	10222796	10223200	2	0.00931827712550192
19	1	10222796	10223200	3	0.000340297642319212
19	1	10222796	10223200	4	2.29843125131006e-05
19	1	10222796	10223200	5	0
19	1	10222796	10223200	6	0.00736099794731408
19	1	10222796	10223200	7	0
19	1	10222796	10223200	8	0
19	1	10222796	10223200	9	8.72932017285445e-05
19	1	10222796	10223200	10	0
19	1	10222796	10223200	11	0
