"tissue","n","mean_h2","sd_h2","median_h2"
"caudate",11353,0.201236849275964,0.21171492175965,0.103560593162841
"dlpfc",9288,0.205270855711576,0.175158565334682,0.128639678465715
"hippocampus",8710,0.199624960500386,0.173638639302592,0.123918657888129
