"id","genome_fraction","observed_region_hits","fold_enrichment","p_value","p_adjust","mean_tss_dist","observed_gene_hits","gene_set_size","fold_enrichment_hyper","p_value_hyper","p_adjust_hyper"
"hsa04081",0.0248652560182907,5,3.04672413997463,0.0242935294995933,0.0728805884987799,177780,3,213,2.38260757203773,0.132102064969558,0.396306194908675
"hsa04080",0.0440134550526584,5,1.72123673696914,0.164942505276838,0.247413757915257,332607,3,352,1.44174833194329,0.345436680835077,0.518155021252615
"hsa01100",0.123794503250829,6,0.734354826117713,0.841555541313737,0.841555541313737,170106,6,1480,0.685804611951401,0.879347914794806,0.879347914794806
