"id","genome_fraction","observed_region_hits","fold_enrichment","p_value","p_adjust","mean_tss_dist","observed_gene_hits","gene_set_size","fold_enrichment_hyper","p_value_hyper","p_adjust_hyper"
"R-HSA-392499",0.160453861287858,7,1.81776034758933,0.0773335741106759,0.16335821042851,169321,6,1998,1.4571676940098,0.224785597215276,0.342689467237437
"R-HSA-1430728",0.162474145852449,7,1.79515740880733,0.081679105214255,0.16335821042851,213244,6,2090,1.39302442709645,0.257017100428078,0.342689467237437
"R-HSA-168256",0.137467554726078,5,1.51550912321431,0.227091718499176,0.302788957998902,78132,6,1967,1.48013271613197,0.214274117648807,0.342689467237437
"R-HSA-162582",0.248517623754653,5,0.83830406144157,0.748112244410227,0.748112244410227,222121,5,2504,0.968923406759711,0.601852599562185,0.601852599562185
