"id","genome_fraction","observed_region_hits","fold_enrichment","p_value","p_adjust","mean_tss_dist","observed_gene_hits","gene_set_size","fold_enrichment_hyper","p_value_hyper","p_adjust_hyper"
"R-HSA-392499",0.160453861287858,10,2.39704661220571,0.00498064397472242,0.027831804527476,155859,10,1998,2.00624537581059,0.023292274122329,0.118917564209791
"R-HSA-2262752",0.0524246105652695,5,3.66827126103809,0.010330602919232,0.027831804527476,89176,5,772,2.59616467672899,0.0423116867704443,0.118917564209791
"R-HSA-8953897",0.0525567353039704,5,3.65904942906841,0.0104369266978035,0.027831804527476,89176,5,786,2.54992255780507,0.0451310818275457,0.118917564209791
"R-HSA-597592",0.123936641595125,7,2.17232584137861,0.0349060800539406,0.0698121601078812,153766,7,1414,1.9843951786483,0.0594587821048953,0.118917564209791
"R-HSA-1430728",0.162474145852449,6,1.42034432345195,0.238575363659941,0.32042894180511,131246,6,2090,1.15075930934055,0.423661581852295,0.423661581852295
"R-HSA-168256",0.137467554726078,5,1.39893149835167,0.282007323442876,0.32042894180511,50779,6,1967,1.22271833071771,0.36656190058201,0.41892788637944
"R-HSA-162582",0.248517623754653,8,1.2381106138214,0.308489901399441,0.32042894180511,145204,9,2504,1.44074697874705,0.164188065797634,0.262700905276215
"R-HSA-1643685",0.144659908483851,5,1.3293779480661,0.32042894180511,0.32042894180511,56448,6,1747,1.37669545307484,0.267260661018681,0.356347548024908
