"id","genome_fraction","observed_region_hits","fold_enrichment","p_value","p_adjust","mean_tss_dist","observed_gene_hits","gene_set_size","fold_enrichment_hyper","p_value_hyper","p_adjust_hyper"
"R-HSA-392499",0.160453861287858,6,2.33712044690057,0.0319306814978009,0.0393701943403284,147022,6,1998,1.97758472758473,0.075465547172849,0.075465547172849
"R-HSA-597592",0.123936641595125,5,2.52144963731446,0.0393701943403284,0.0393701943403284,161152,5,1414,2.3286269953526,0.0590744908535168,0.075465547172849
