"id","genome_fraction","observed_region_hits","fold_enrichment","p_value","p_adjust","mean_tss_dist","observed_gene_hits","gene_set_size","fold_enrichment_hyper","p_value_hyper","p_adjust_hyper"
"R-HSA-1430728",0.162474145852449,6,3.07741270081257,0.00697086893470711,0.0139417378694142,239388,5,2090,2.5948494230228,0.0359060227571779,0.0718120455143558
"R-HSA-162582",0.248517623754653,5,1.67660812288314,0.154597982544877,0.154597982544877,434833,3,2504,1.29949727494832,0.412024462680003,0.412024462680003
