"id","genome_fraction","observed_region_hits","fold_enrichment","p_value","p_adjust","mean_tss_dist","observed_gene_hits","gene_set_size","fold_enrichment_hyper","p_value_hyper","p_adjust_hyper"
"Transmembrane helix",0.401049513445975,5,1.78104121894649,0.097275148679634,0.215846717520389,279005,5,4572,2.52064195100612,0.0263372154838263,0.061314654101007
"Transmembrane",0.401940792912896,5,1.77709186745946,0.0981462325353419,0.215846717520389,279005,5,4585,2.51349509269357,0.02665577620586,0.061314654101007
"Membrane",0.431081415905996,5,1.65696243895022,0.129508030512234,0.215846717520389,279005,5,4951,2.32768632599475,0.0367887924606042,0.061314654101007
"3D-structure",0.560769595957331,5,1.273759703513,0.337706753962069,0.422133442452586,322498,3,7306,0.946431015603614,0.676710856483549,0.676710856483549
"Reference proteome",0.921683754987468,7,1.08497084231847,0.565032632794672,0.565032632794672,256817,8,17194,1.0724089798767,0.571569042829707,0.676710856483549
