"id","genome_fraction","observed_region_hits","fold_enrichment","p_value","p_adjust","mean_tss_dist","observed_gene_hits","gene_set_size","fold_enrichment_hyper","p_value_hyper","p_adjust_hyper"
"hsa04081",0.0248652560182907,5,4.78770936281728,0.00375966037644215,0.0112789811293265,257499,3,213,3.93491250533504,0.0408938967644664,0.122681690293399
"hsa04080",0.0440134550526584,5,2.70480058666579,0.0363339557324213,0.0545009335986319,257499,3,352,2.38106921487603,0.131833679885956,0.197750519828934
"hsa01100",0.123794503250829,7,1.34631718121581,0.258992521252157,0.258992521252157,155443,7,1480,1.32138615888616,0.277546925036826,0.277546925036826
