"id","genome_fraction","observed_region_hits","fold_enrichment","p_value","p_adjust","mean_tss_dist","observed_gene_hits","gene_set_size","fold_enrichment_hyper","p_value_hyper","p_adjust_hyper"
"R-HSA-1430728",0.162474145852449,8,2.46193016065005,0.00965601770749558,0.0289680531224867,240194,7,2090,1.87143685660432,0.0728779793925833,0.21863393817775
"R-HSA-392499",0.160453861287858,5,1.55808029793371,0.20760014173707,0.311400212605605,163024,4,1998,1.11863378530045,0.486748610106694,0.673182851809878
"R-HSA-162582",0.248517623754653,5,1.00596487372988,0.579142260418089,0.579142260418089,256196,4,2504,0.892583986833188,0.673182851809878,0.673182851809878
