"id","genome_fraction","observed_region_hits","fold_enrichment","p_value","p_adjust","mean_tss_dist","observed_gene_hits","gene_set_size","fold_enrichment_hyper","p_value_hyper","p_adjust_hyper"
"R-HSA-392499",0.160453861287858,7,1.89679340618017,0.0631983632542026,0.100303761280877,268240,5,1998,1.31838981838982,0.328033368715612,0.364077990307136
"R-HSA-1430728",0.162474145852449,7,1.87320773092939,0.0668691741872514,0.100303761280877,314271,5,2090,1.26035543403964,0.364077990307136,0.364077990307136
"R-HSA-162582",0.248517623754653,8,1.39960330258071,0.191588907761825,0.191588907761825,319952,6,2504,1.26236878137837,0.337127653598607,0.364077990307136
