"id","description","genome_fraction","observed_region_hits","fold_enrichment","p_value","p_adjust","mean_tss_dist","observed_gene_hits","gene_set_size","fold_enrichment_hyper","p_value_hyper","p_adjust_hyper"
"GO:0005488","binding",0.898235753947506,8,1.11329347067879,0.423762677555577,0.648891760473034,116919,11,7354,0.855987671108694,0.947993704125037,0.988419338751633
"GO:0005515","protein binding",0.839316881871691,7,1.04251447683113,0.623441994877102,0.648891760473034,120299,8,6572,0.696611888821262,0.988419338751633,0.988419338751633
"GO:0003674","molecular_function",0.947374154430319,8,1.05554916747895,0.648891760473034,0.648891760473034,115981,13,7947,0.936135229226962,0.905143040616528,0.988419338751633
