"id","description","genome_fraction","observed_region_hits","fold_enrichment","p_value","p_adjust","mean_tss_dist","observed_gene_hits","gene_set_size","fold_enrichment_hyper","p_value_hyper","p_adjust_hyper"
"GO:0005488","binding",0.898235753947506,11,1.11329347067879,0.307109830316472,0.569138864000253,113357,17,7354,0.944921455119986,0.827729704661071,0.904113858128033
"GO:0005515","protein binding",0.839316881871691,10,1.08313192398039,0.45224366535764,0.569138864000253,114524,14,6572,0.870764861026577,0.904113858128033,0.904113858128033
"GO:0003674","molecular_function",0.947374154430319,11,1.05554916747895,0.551743031748377,0.569138864000253,113090,19,7947,0.977284030511664,0.798822770651377,0.904113858128033
"GO:0097159","organic cyclic compound binding",0.437289930470518,5,1.03946014502637,0.569138864000253,0.569138864000253,132618,7,2693,1.06250773610595,0.504611082576617,0.904113858128033
