"id","genome_fraction","observed_region_hits","fold_enrichment","p_value","p_adjust","mean_tss_dist","observed_gene_hits","gene_set_size","fold_enrichment_hyper","p_value_hyper","p_adjust_hyper"
"R-HSA-392499",0.156878622504626,6,2.39038304909225,0.0288607683747768,0.0403686760573521,147022,6,897,2.05064500716675,0.0652799342703229,0.0652799342703229
"R-HSA-597592",0.124760549826138,5,2.50479819490609,0.0403686760573521,0.0403686760573521,161152,5,676,2.26754015215554,0.064664266458345,0.0652799342703229
