"id","genome_fraction","observed_region_hits","fold_enrichment","p_value","p_adjust","mean_tss_dist","observed_gene_hits","gene_set_size","fold_enrichment_hyper","p_value_hyper","p_adjust_hyper"
"R-HSA-392499",0.156878622504626,10,2.4516749221459,0.00421744783653388,0.0225313498315517,155859,10,897,2.08036450002424,0.0183570962226125,0.0680188773060889
"R-HSA-2262752",0.0497697311043532,5,3.86394879057066,0.00835109899545006,0.0225313498315517,89176,5,311,3.0001398014819,0.0245934474489355,0.0680188773060889
"R-HSA-8953897",0.0499112457969471,5,3.85299323302916,0.0084492561868319,0.0225313498315517,89176,5,314,2.97147604541678,0.0255070789897833,0.0680188773060889
"R-HSA-597592",0.124760549826138,7,2.1579799833037,0.0360312376917145,0.0720624753834289,153766,7,676,1.93233856444559,0.0664415201774198,0.13288304035484
"R-HSA-1430728",0.172398030186403,6,1.33858391838767,0.284737241547243,0.412379563331467,131246,6,965,1.16026132011714,0.415728054456818,0.415728054456818
"R-HSA-162582",0.248703483832417,8,1.23718535402439,0.309284672498601,0.412379563331467,145204,9,1317,1.27523026641577,0.266967882025635,0.359497014277462
"R-HSA-1643685",0.159483290738556,5,1.20581718258464,0.401890403579381,0.459303318376435,56448,6,820,1.36542948038176,0.27336847782091,0.359497014277462
"R-HSA-168256",0.186238654721659,5,1.03258742174176,0.547216773584071,0.547216773584071,50779,6,863,1.29739533477757,0.314559887492779,0.359497014277462
