"id","genome_fraction","observed_region_hits","fold_enrichment","p_value","p_adjust","mean_tss_dist","observed_gene_hits","gene_set_size","fold_enrichment_hyper","p_value_hyper","p_adjust_hyper"
"hsa04081",0.0273311747448247,5,2.99903732203369,0.0256272598765197,0.0768817796295591,177780,3,114,2.23658155289213,0.150522821777817,0.451568465333451
"hsa04080",0.0368234085027169,5,2.22595399088888,0.0738792782267735,0.11081891734016,332607,3,183,1.39328031163772,0.365357332699823,0.548035999049734
"hsa01100",0.137134053754306,6,0.717259156605485,0.85923147179885,0.85923147179885,170106,6,708,0.720255076355093,0.850140264929935,0.850140264929935
