"id","genome_fraction","observed_region_hits","fold_enrichment","p_value","p_adjust","mean_tss_dist","observed_gene_hits","gene_set_size","fold_enrichment_hyper","p_value_hyper","p_adjust_hyper"
"R-HSA-392499",0.156878622504626,6,1.82124422787981,0.0983917565373493,0.196783513074699,206053,6,897,1.55183946488294,0.18411191643995,0.368223832879899
"R-HSA-162582",0.248703483832417,6,1.14881497159407,0.42790146068102,0.42790146068102,138705,6,1317,1.05694760820046,0.510809156185288,0.510809156185288
