"id","genome_fraction","observed_region_hits","fold_enrichment","p_value","p_adjust","mean_tss_dist","observed_gene_hits","gene_set_size","fold_enrichment_hyper","p_value_hyper","p_adjust_hyper"
"R-HSA-392499",0.156878622504626,7,1.78481934332221,0.0845936631241937,0.250788201918244,169321,6,897,1.43545150501672,0.235464534362846,0.387667936427895
"R-HSA-1430728",0.172398030186403,7,1.62414848764371,0.125394100959122,0.250788201918244,213244,6,965,1.33430051813471,0.290750952320921,0.387667936427895
"R-HSA-168256",0.186238654721659,5,1.07389091861143,0.509816236355892,0.679754981807856,78132,6,863,1.49200463499421,0.209309556864858,0.387667936427895
"R-HSA-162582",0.248703483832417,5,0.804170480115852,0.781963045744342,0.781963045744342,222121,5,1317,0.814730447987851,0.756135025806987,0.756135025806987
