"id","genome_fraction","observed_region_hits","fold_enrichment","p_value","p_adjust","mean_tss_dist","observed_gene_hits","gene_set_size","fold_enrichment_hyper","p_value_hyper","p_adjust_hyper"
"R-HSA-392499",0.161962958219151,5,2.37471202578904,0.0459058901030822,0.0918117802061644,270708,5,839,2.24455520641456,0.0646711425099884,0.0646711425099884
"R-HSA-162582",0.271174063230684,6,1.70200075936406,0.111872624090498,0.111872624090498,149219,7,1260,2.09242424242424,0.0391377708542282,0.0646711425099884
