"id","description","genome_fraction","observed_region_hits","fold_enrichment","p_value","p_adjust","mean_tss_dist","observed_gene_hits","gene_set_size","fold_enrichment_hyper","p_value_hyper","p_adjust_hyper"
"GO:0003674","molecular_function",0.965061753919989,6,1.03620311958079,0.80784981040745,0.955690795696213,243680,9,7693,1.07708306252437,0.512403021752166,0.973713205851897
"GO:0005515","protein binding",0.888195522899188,5,0.938231855316297,0.861777695827978,0.955690795696213,234588,6,6399,0.863259884356931,0.873441016727576,0.973713205851897
"GO:0005488","binding",0.941157938548218,5,0.885434101123124,0.955690795696213,0.955690795696213,234588,6,7133,0.774428711622038,0.973713205851897,0.973713205851897
