"id","description","genome_fraction","observed_region_hits","fold_enrichment","p_value","p_adjust","mean_tss_dist","observed_gene_hits","gene_set_size","fold_enrichment_hyper","p_value_hyper","p_adjust_hyper"
"GO:0044237","cellular metabolic process",0.698889071084061,6,1.43084223430319,0.116533152506501,0.438655306795797,250615,6,4083,1.35292676953221,0.239736592541923,0.510293783669672
"GO:0044238","primary metabolic process",0.707417648943119,6,1.41359210007553,0.125330087655942,0.438655306795797,250615,6,4319,1.27899976846492,0.297338458393363,0.510293783669672
"GO:0008152","metabolic process",0.767683741850693,6,1.30261974493461,0.204688790045103,0.477607176771907,250615,6,4821,1.145820369218,0.437394671716862,0.510293783669672
"GO:0050789","regulation of biological process",0.81101732020512,5,1.02751607465371,0.682418692199625,0.783826499938007,270818,6,5151,1.07241312366531,0.537262749646563,0.537262749646563
"GO:0009987","cellular process",0.94175545403433,6,1.061846783808,0.697635969267648,0.783826499938007,243680,9,7029,1.17883055911225,0.227300215586946,0.510293783669672
"GO:0065007","biological regulation",0.825223217084346,5,1.00982778487212,0.717133273726869,0.783826499938007,287299,7,5314,1.21277129594781,0.317265217727126,0.510293783669672
"GO:0008150","biological_process",0.960218326086363,6,1.04142982156545,0.783826499938007,0.783826499938007,243680,9,7447,1.11266281724184,0.382397540385457,0.510293783669672
