"id","genome_fraction","observed_region_hits","fold_enrichment","p_value","p_adjust","mean_tss_dist","observed_gene_hits","gene_set_size","fold_enrichment_hyper","p_value_hyper","p_adjust_hyper"
"R-HSA-392499",0.161962958219151,8,1.97576040545648,0.0385069928802741,0.154027971521097,234172,7,839,1.68615366725777,0.115231241789917,0.230462483579834
"R-HSA-597592",0.124021155072047,6,1.93515372325453,0.0806309384744668,0.161261876948934,185351,6,617,1.96529232715342,0.0809141281983559,0.230462483579834
"R-HSA-1430728",0.166472288728923,5,1.20140115527379,0.405226496747167,0.536062685194413,174766,4,965,0.837710097308227,0.719413990692638,0.719413990692638
"R-HSA-162582",0.271174063230684,7,1.03254712734753,0.536062685194413,0.536062685194413,178403,7,1260,1.12276422764228,0.434234916919705,0.578979889226273
