"id","description","genome_fraction","observed_region_hits","fold_enrichment","p_value","p_adjust","mean_tss_dist","observed_gene_hits","gene_set_size","fold_enrichment_hyper","p_value_hyper","p_adjust_hyper"
"GO:0019899","enzyme binding",0.209424568371579,5,3.41070639342738,0.00577197338386848,0.0230878935354739,25174,5,977,3.53377686796315,0.00876374556279247,0.0350549822511699
"GO:0005488","binding",0.941157938548218,7,1.06252092134775,0.654090089083404,0.820319295721228,110458,10,7133,0.968035889527548,0.77260459539143,0.789716941615517
"GO:0003674","molecular_function",0.965061753919989,7,1.03620311958079,0.779624954935744,0.820319295721228,104536,11,7693,0.987326140647342,0.789716941615517,0.789716941615517
"GO:0005515","protein binding",0.888195522899188,6,0.965038479753905,0.820319295721228,0.820319295721228,101793,9,6399,0.971167369901547,0.716461613574635,0.789716941615517
