"id","description","genome_fraction","observed_region_hits","fold_enrichment","p_value","p_adjust","mean_tss_dist","observed_gene_hits","gene_set_size","fold_enrichment_hyper","p_value_hyper","p_adjust_hyper"
"GO:0009987","cellular process",0.94175545403433,5,1.061846783808,0.740782510235632,0.816300291968713,130154,8,7029,0.943064447289799,0.815859208608676,0.927746409742547
"GO:0008150","biological_process",0.960218326086363,5,1.04142982156545,0.816300291968713,0.816300291968713,130154,8,7447,0.890130253793474,0.927746409742547,0.927746409742547
