"id","genome_fraction","observed_region_hits","fold_enrichment","p_value","p_adjust","mean_tss_dist","observed_gene_hits","gene_set_size","fold_enrichment_hyper","p_value_hyper","p_adjust_hyper"
"3D-structure",0.598298365381519,5,1.19386205213887,0.41620435582638,0.794571585248025,213470,4,3362,0.821534800713861,0.78686610553705,0.78686610553705
"Reference proteome",0.967683397673906,7,1.03339584248709,0.794571585248025,0.794571585248025,136766,12,7774,1.06586056084384,0.46490823732581,0.78686610553705
