"id","description","genome_fraction","observed_region_hits","fold_enrichment","p_value","p_adjust","mean_tss_dist","observed_gene_hits","gene_set_size","fold_enrichment_hyper","p_value_hyper","p_adjust_hyper"
"GO:0015318","inorganic molecular entity transmembrane transporter activity",0.0574338867122439,5,9.67295767982774,6.47442652194075e-05,0.000340110701515961,229303,4,324,8.52469135802469,0.000885205524586041,0.00438558319809879
"GO:0015075","monoatomic ion transmembrane transporter activity",0.0607936667537762,5,9.13837880195057,8.50276753789903e-05,0.000340110701515961,229303,4,343,8.05247813411079,0.0010963957995247,0.00438558319809879
"GO:0022857","transmembrane transporter activity",0.0909907546739822,5,6.10562641826742,0.000573956522286201,0.00153055072609654,229303,4,494,5.59109311740891,0.00420642024030227,0.011217120640806
"GO:0005215","transporter activity",0.0986994542585363,5,5.62876015606243,0.000838392787771536,0.00167678557554307,229303,4,545,5.06788990825688,0.00598917336336968,0.0119783467267394
"GO:0097159","organic cyclic compound binding",0.48736944944252,5,1.13990640199346,0.468943435678931,0.750309497086289,359903,3,2637,0.785551763367463,0.788647602360209,0.982452648734777
"GO:0003674","molecular_function",0.965061753919989,9,1.03620311958079,0.726099171284555,0.929987732326732,223680,11,7693,0.987326140647342,0.789716941615517,0.982452648734777
"GO:0005488","binding",0.941157938548218,8,0.944463041197998,0.905388443173378,0.929987732326732,212619,8,7133,0.774428711622038,0.982452648734777,0.982452648734777
"GO:0005515","protein binding",0.888195522899188,7,0.875683064961877,0.929987732326732,0.929987732326732,214829,7,6399,0.755352398812314,0.964398621905085,0.982452648734777
