"id","genome_fraction","observed_region_hits","fold_enrichment","p_value","p_adjust","mean_tss_dist","observed_gene_hits","gene_set_size","fold_enrichment_hyper","p_value_hyper","p_adjust_hyper"
"3D-structure",0.598298365381519,10,1.2856975946111,0.165460837172334,0.452988640107405,156597,10,3362,1.12027472824617,0.396879867402183,0.535862642312926
"Ubl conjugation",0.23443269954817,5,1.64062174498979,0.16856383609701,0.452988640107405,205171,5,1113,1.69198725802499,0.163791391321896,0.491374173965689
"Transcription",0.245824336593097,5,1.56459441707768,0.195648511615996,0.452988640107405,195102,5,1092,1.72452547452547,0.154553999260309,0.491374173965689
"Phosphoprotein",0.637446139405857,10,1.20673845471516,0.247460277584171,0.452988640107405,111468,14,3615,1.45861938890985,0.0470166477932881,0.423149830139593
"Acetylation",0.267370295134053,5,1.43851202476531,0.251660355615225,0.452988640107405,191569,5,1423,1.32338848782981,0.32294026294871,0.535862642312926
"Disease variant",0.319916379791217,5,1.20223723732555,0.4064394293616,0.554134151163844,192159,5,1587,1.18663000515552,0.416782055132275,0.535862642312926
"Repeat",0.401824800740078,6,1.14860621019012,0.43099322868299,0.554134151163844,151710,6,2080,1.08645104895105,0.487766088265954,0.548736849299199
"Reference proteome",0.967683397673906,13,1.03339584248709,0.652428268999106,0.733981802623995,106181,22,7774,1.06586056084384,0.245353655371396,0.535862642312926
"Alternative splicing",0.744868877248611,8,0.826165026061656,0.912711667066493,0.912711667066493,127333,12,4624,0.97743000943693,0.633207771337632,0.633207771337632
