"id","genome_fraction","observed_region_hits","fold_enrichment","p_value","p_adjust","mean_tss_dist","observed_gene_hits","gene_set_size","fold_enrichment_hyper","p_value_hyper","p_adjust_hyper"
"Transmembrane helix",0.396060208320375,8,1.8362681026629,0.0274858714451389,0.111314169504874,197173,10,2046,2.53115835777126,0.001468307936209,0.00596935059585668
"Transmembrane",0.396827353794316,8,1.83271823456427,0.0278285423762186,0.111314169504874,197173,10,2050,2.52621951219512,0.00149233764896417,0.00596935059585668
"Membrane",0.429667596517619,8,1.69264038798165,0.0459240311855754,0.12120195402192,197173,10,2234,2.31815129811996,0.00302263956393189,0.00806037217048505
"Disulfide bond",0.283094134563782,6,1.92676032053802,0.0606009770109601,0.12120195402192,255501,6,1398,2.22263948497854,0.0397205115488661,0.0794410230977323
"3D-structure",0.598298365381519,7,1.06362255554191,0.528079395876913,0.844927033403061,201365,7,3362,1.07826442593694,0.491825786511406,0.655767715348542
"Reference proteome",0.967683397673906,11,1.03339584248709,0.696732694107798,0.928976925477064,176918,16,7774,1.06586056084384,0.360063375579125,0.5761014009266
"Alternative splicing",0.744868877248611,7,0.854329742859212,0.87696441317936,0.939669699946921,205440,9,4624,1.00797469723183,0.588780794372443,0.672892336425649
"Phosphoprotein",0.637446139405857,5,0.713072723240777,0.939669699946921,0.939669699946921,99484,6,3615,0.85954356846473,0.770331184170457,0.770331184170457
