"id","description","genome_fraction","observed_region_hits","fold_enrichment","p_value","p_adjust","mean_tss_dist","observed_gene_hits","gene_set_size","fold_enrichment_hyper","p_value_hyper","p_adjust_hyper"
"GO:0005488","binding",0.922217235031874,6,1.08434321330531,0.615176031487709,0.726939529649984,138333,10,6606,0.969068523564436,0.769561220350398,0.947170818884215
"GO:0003674","molecular_function",0.948235872388895,6,1.05458992758911,0.726939529649984,0.726939529649984,138333,10,7117,0.899489485270011,0.947170818884215,0.947170818884215
