"id","genome_fraction","observed_region_hits","fold_enrichment","p_value","p_adjust","mean_tss_dist","observed_gene_hits","gene_set_size","fold_enrichment_hyper","p_value_hyper","p_adjust_hyper"
"R-HSA-392499",0.151555435170985,7,1.71065629528075,0.102896822883144,0.306233196381532,213064,7,787,1.45378355727378,0.201382372323942,0.436151257213333
"R-HSA-597592",0.117365471360627,5,1.57785064924393,0.204155464254354,0.306233196381532,217119,5,589,1.38749412997146,0.290767504808889,0.436151257213333
"R-HSA-162582",0.247886566236226,7,1.04587861777147,0.518970007667074,0.518970007667074,138323,8,1186,1.10250798320835,0.442435901727817,0.442435901727817
