"id","genome_fraction","observed_region_hits","fold_enrichment","p_value","p_adjust","mean_tss_dist","observed_gene_hits","gene_set_size","fold_enrichment_hyper","p_value_hyper","p_adjust_hyper"
"hsa04081",0.0259430688956186,5,4.94178729282024,0.00324471809438642,0.00973415428315927,257499,3,95,3.85062656641604,0.0427056146959419,0.128116844087826
"hsa04080",0.0368619733327893,5,3.47797788923817,0.0138009243086208,0.0207013864629312,257499,3,168,2.17743764172336,0.158847262460755,0.238270893691132
"hsa01100",0.125708739552962,7,1.42780191835079,0.212604458221908,0.212604458221908,155443,7,642,1.32952578746971,0.271854045374101,0.271854045374101
