"id","genome_fraction","observed_region_hits","fold_enrichment","p_value","p_adjust","mean_tss_dist","observed_gene_hits","gene_set_size","fold_enrichment_hyper","p_value_hyper","p_adjust_hyper"
"hsa04081",0.0259430688956186,5,6.2170872393545,0.00113651029759665,0.00340953089278995,257499,3,95,4.95080558539205,0.0224014087048958,0.0672042261146875
"hsa04080",0.0368619733327893,5,4.37552057033189,0.00518887709301041,0.00778331563951562,257499,3,168,2.79956268221574,0.0912974047166997,0.13694610707505
"hsa01100",0.125708739552962,5,1.28304780681292,0.349344908921333,0.349344908921333,210268,5,642,1.22099307012525,0.390434344564544,0.390434344564544
