"id","genome_fraction","observed_region_hits","fold_enrichment","p_value","p_adjust","mean_tss_dist","observed_gene_hits","gene_set_size","fold_enrichment_hyper","p_value_hyper","p_adjust_hyper"
"3D-structure",0.564819485334484,11,1.49809606099683,0.0341294990645745,0.273035992516596,152529,11,3108,1.18211068211068,0.302570092875814,0.434440053009455
"Ubl conjugation",0.225419243891236,5,1.70622249447771,0.148519440696881,0.326857780679433,223756,5,1077,1.55060352831941,0.212237517635436,0.424475035270872
"Phosphoprotein",0.602251107957131,10,1.27725920146505,0.172767236954142,0.326857780679433,121194,13,3336,1.3015587529976,0.145101547936494,0.424475035270872
"Acetylation",0.248924256778142,5,1.54511010535297,0.20333877540395,0.326857780679433,195310,5,1287,1.2975912975913,0.339113101962616,0.434440053009455
"Transcription",0.249302501759014,5,1.54276584431218,0.204286112924646,0.326857780679433,213687,5,1005,1.66169154228856,0.173558263694494,0.424475035270872
"Reference proteome",0.95573057252975,13,1.04631998676476,0.555087213498375,0.67554902455656,108582,23,7162,1.07260541748115,0.198993884077915,0.424475035270872
"Repeat",0.380405863038808,5,1.01106586934005,0.59110539648699,0.67554902455656,176750,5,1941,0.86038124678001,0.726937633644324,0.726937633644324
"Alternative splicing",0.710857751700022,9,0.973904681565381,0.686565294991779,0.686565294991779,120708,14,4260,1.09765258215962,0.380135046383273,0.434440053009455
