task_id	chrom	start	end	snp_id	beta
1715	2	91748542	91749241	chr2_91672686_C_CAAAAAAA_rs549675081	-0.0574511769070754
1715	2	91748542	91749241	chr2_91674428_C_T_rs147406109	0.135243746674431
1715	2	91748542	91749241	chr2_91677769_A_G_rs565591072	0.0780352144183833
1715	2	91748542	91749241	chr2_91689577_A_T_rs868348675	0.183801458067987
1715	2	91748542	91749241	chr2_91742466_G_T_rs9653606	0.184565851914579
1715	2	91748542	91749241	chr2_91850152_C_G_rs113542919	0
1715	2	91748542	91749241	chr2_91912484_A_G_rs13397705	0
1715	2	91748542	91749241	chr2_91919538_A_G_rs181980089	-0.313731504602112
1715	2	91748542	91749241	chr2_91949089_C_T_rs139636135	-0.680933702701952
1715	2	91748542	91749241	chr2_91981245_A_G_rs73955737	0.020593000000644
1715	2	91748542	91749241	chr2_92058331_A_T_rs4122701	0.683326053192103
1715	2	91748542	91749241	chr2_92062255_A_AT_rs201427401	-0.462736275241761
