task_id	chrom	start	end	snp_id	beta
152	1	148898900	148899028	chr1_148400610_A_T_rs55693929	-0.0822407947488213
152	1	148898900	148899028	chr1_148401489_A_G_rs1480359600	0
152	1	148898900	148899028	chr1_148401660_C_CTG_rs1289116882	-0.418507992942558
152	1	148898900	148899028	chr1_148402772_C_T_rs.	-0.0500888695423627
152	1	148898900	148899028	chr1_148407845_A_G_rs1421822624	0.332920880656243
152	1	148898900	148899028	chr1_148408095_C_T_rs796952360	0.0778373184808436
152	1	148898900	148899028	chr1_148419997_A_G_rs1445269548	0.149998843398385
152	1	148898900	148899028	chr1_148428460_C_G_rs1408148788	-0.333863186674698
152	1	148898900	148899028	chr1_148430119_A_C_rs1191498378	0.622120067338482
152	1	148898900	148899028	chr1_148434550_A_G_rs1358540664	-0.291262424851543
152	1	148898900	148899028	chr1_148457211_A_C_rs1341202122	-0.0576256455140287
152	1	148898900	148899028	chr1_148470388_A_T_rs1299653053	0
