task_id	chrom	start	end	snp_id	beta
1713	2	90245037	90245397	chr2_90042034_C_T_rs113678766	0
1713	2	90245037	90245397	chr2_90070606_A_G_rs2556012	0.0286191366537036
1713	2	90245037	90245397	chr2_90078479_G_T_rs78423119	-0.186871776959496
1713	2	90245037	90245397	chr2_90084151_A_T_rs77127930	0.154892047262746
1713	2	90245037	90245397	chr2_90089438_A_C_rs142169815	-0.0965505034582123
1713	2	90245037	90245397	chr2_90149412_C_T_rs115518661	0
1713	2	90245037	90245397	chr2_90218227_C_T_rs111585079	0.0444479217512378
1713	2	90245037	90245397	chr2_90365000_C_G_rs868676981	0.01200704976755
