task_id	chrom	start	end	snp_id	beta
153	1	148963814	148964335	chr1_148470388_A_T_rs1299653053	0
153	1	148963814	148964335	chr1_148470811_A_T_rs1424086283	-0.161547886027563
153	1	148963814	148964335	chr1_148510333_A_G_rs1183385647	-0.0618122783420828
153	1	148963814	148964335	chr1_148512860_A_G_rs1281548291	-0.0482881456542128
