task_id	chrom	start	end	snp_id	beta
1714	2	91744594	91745550	chr2_91641119_A_G_rs57423444	0.294898166611784
1714	2	91744594	91745550	chr2_91672686_C_CAAAAAAA_rs549675081	0.0718442835266286
1714	2	91744594	91745550	chr2_91675906_C_T_rs370365718	-0.187922084010153
1714	2	91744594	91745550	chr2_91689577_A_T_rs868348675	0.516268850890256
1714	2	91744594	91745550	chr2_91762656_C_T_rs10168229	0.0564477546370728
1714	2	91744594	91745550	chr2_91850152_C_G_rs113542919	0
1714	2	91744594	91745550	chr2_91912484_A_G_rs13397705	0
1714	2	91744594	91745550	chr2_91919538_A_G_rs181980089	-0.251225064919223
1714	2	91744594	91745550	chr2_91927892_A_G_rs553511849	-0.308359767913974
1714	2	91744594	91745550	chr2_91949089_C_T_rs139636135	-0.551131246339801
1714	2	91744594	91745550	chr2_92058331_A_T_rs4122701	0.0701080090299439
