"h2_category","n","mean_h2","median_h2"
"All sites",1000,0.244251998215704,0.209900033876577
"Heritable",133,0.516283384083247,0.493422744476195
"Low Prediction",867,0.202521693347904,0.200610585958721
