"h2_category","spearman_rho","p_value","n"
"Heritable",0.164456877258317,1.5437699018552e-32,5148
"Low prediction",-0.00551839099271546,0.860884552950235,1011
"Non-heritable",-0.0228107523396146,0.175978900206381,3521
