"h2_category","spearman_rho","spearman_p_value","n"
"Heritable",0.58265568532792,0,5446
"Non-heritable",0.013408044333871,0.388647471116979,4136
"Low prediction",0.125859448277301,1.10855720113185e-07,1767
