"h2_category","n","mean_length","median_length"
"Heritable",2399,870.565652355148,640
"Low prediction",386,807.611398963731,571
"Non-heritable",1470,740.156462585034,602.5
