"h2_category","spearman_rho","p_value","n"
"Heritable",0.131432197299876,1.03198197888264e-10,2399
"Low prediction",-0.0787215118451966,0.12258512154229,386
"Non-heritable",-0.035661543196727,0.171764589735655,1470
