"h2_category","n","mean_length","median_length"
"Heritable",5801,791.117048784692,596
"Non-heritable",3766,720.976367498672,566
"Low prediction",860,758.561627906977,547
