"h2_category","n","mean_length","median_length"
"Heritable",5148,763.258352758353,575
"Low prediction",1011,823.260138476756,549
"Non-heritable",3521,694.111616018177,510
