"h2_category","spearman_rho","p_value","n"
"Heritable",0.486024339333046,8.79844285365316e-291,4931
"Low prediction",0.0146330570073506,0.525364128553877,1886
"Non-heritable",0.0061178875106239,0.667116093336742,4945
