task_id	chrom	start	end	num_snps	boosting_iterations_performed	h2_unscaled	r_squared_cv
4430	7	35803274	35806025	363	24	0.0890773719382637	0.883293342564781
