task_id	chrom	start	end	num_snps	boosting_iterations_performed	h2_unscaled	r_squared_cv
415	1	23007826	23008085	365	11	0.107713790246317	0.921108296250111
