task_id	chrom	start	end	num_snps	boosting_iterations_performed	h2_unscaled	r_squared_cv
876	1	8233893	8234123	319	12	0.121262293299704	0.917180746203036
