task_id	chrom	start	end	num_snps	boosting_iterations_performed	h2_unscaled	r_squared_cv
2675	4	22630185	22630801	337	11	0.0588979289233491	0.873025244831132
