task_id	chrom	start	end	num_snps	boosting_iterations_performed	h2_unscaled	r_squared_cv
3156	5	168404312	168404812	513	11	0.0794760924949088	0.940674731313424
