task_id	chrom	start	end	num_snps	boosting_iterations_performed	h2_unscaled	r_squared_cv
4297	7	156571049	156572207	495	13	0.0755599181490283	0.919086885754868
