task_id	chrom	start	end	num_snps	boosting_iterations_performed	h2_unscaled	r_squared_cv
102	1	13537976	13539276	420	11	0.102442458823287	0.928733187401957
