task_id	chrom	start	end	num_snps	boosting_iterations_performed	h2_unscaled	r_squared_cv
873	1	817293	817843	116	11	0.0974662669419063	0.607108809159536
