task_id	chrom	start	end	num_snps	boosting_iterations_performed	h2_unscaled	r_squared_cv
4250	7	150052769	150053557	393	11	0.140673016449046	0.928952283691181
