task_id	chrom	start	end	num_snps	boosting_iterations_performed	h2_unscaled	r_squared_cv
4086	7	100242083	100242532	180	12	0.0736257059241867	0.695314131283093
