task_id	chrom	start	end	num_snps	boosting_iterations_performed	h2_unscaled	r_squared_cv
1546	2	32882805	32883259	328	14	0.151838121369143	0.861889449974399
