task_id	chrom	start	end	num_snps	boosting_iterations_performed	h2_unscaled	r_squared_cv
4451	7	38976625	38977078	315	20	0.0956466245806645	0.8566124148166
