task_id	chrom	start	end	num_snps	boosting_iterations_performed	h2_unscaled	r_squared_cv
1195	2	17159606	17160790	284	13	0.121708418936927	0.88748886633029
