task_id	chrom	start	end	num_snps	boosting_iterations_performed	h2_unscaled	r_squared_cv
3175	5	172485132	172486610	636	14	0.219966291741734	0.926024169452151
