task_id	chrom	start	end	num_snps	boosting_iterations_performed	h2_unscaled	r_squared_cv
1164	2	161415308	161415835	146	22	0.116239991299725	0.672011203605086
