task_id	chrom	start	end	num_snps	boosting_iterations_performed	h2_unscaled	r_squared_cv
1018	2	112161119	112161365	234	11	0.0669222387525991	0.831908585726946
