task_id	chrom	start	end	num_snps	boosting_iterations_performed	h2_unscaled	r_squared_cv
1977	3	157158374	157158818	245	11	0.141062894703562	0.786685011469963
