task_id	chrom	start	end	num_snps	boosting_iterations_performed	h2_unscaled	r_squared_cv
2827	4	6984929	6985996	994	16	0.112842449930994	0.986564842207766
