task_id	chrom	start	end	num_snps	boosting_iterations_performed	h2_unscaled	r_squared_cv
212	1	15878464	15878934	313	11	0.114450892011391	0.903290510009196
