task_id	chrom	start	end	num_snps	boosting_iterations_performed	h2_unscaled	r_squared_cv
3983	6	37498773	37499209	516	11	0.0592837847987287	0.914564424998513
