task_id	chrom	start	end	num_snps	boosting_iterations_performed	h2_unscaled	r_squared_cv
1345	2	229152581	229153440	401	11	0.0678760318242365	0.857560587614641
