task_id	chrom	start	end	num_snps	boosting_iterations_performed	h2_unscaled	r_squared_cv
2906	4	89298905	89300775	339	15	0.328954029233436	0.868536154639093
