task_id	chrom	start	end	num_snps	boosting_iterations_performed	h2_unscaled	r_squared_cv
3516	6	10719757	10720984	547	11	0.124609901289684	0.946044004374178
