task_id	chrom	start	end	num_snps	boosting_iterations_performed	h2_unscaled	r_squared_cv
3953	6	33057935	33058775	299	11	0.498078229496781	0.848033192940328
