task_id	chrom	start	end	num_snps	boosting_iterations_performed	h2_unscaled	r_squared_cv
4445	7	37447305	37447451	387	16	0.10073121193674	0.918286323400628
