task_id	chrom	start	end	num_snps	boosting_iterations_performed	h2_unscaled	r_squared_cv
3369	5	58458177	58459035	321	11	0.045290129653141	0.799670769828043
