task_id	chrom	start	end	num_snps	boosting_iterations_performed	h2_unscaled	r_squared_cv
557	1	27396802	27397137	231	12	0.130059220280999	0.800875891602757
