task_id	chrom	start	end	num_snps	boosting_iterations_performed	h2_unscaled	r_squared_cv
1947	3	147421953	147422420	310	18	0.347748150973163	0.922648318556935
