task_id	chrom	start	end	num_snps	boosting_iterations_performed	h2_unscaled	r_squared_cv
980	2	104043856	104044340	251	11	0.101464458000185	0.853595934801187
