task_id	chrom	start	end	num_snps	boosting_iterations_performed	h2_unscaled	r_squared_cv
1079	2	127651891	127652455	253	11	0.118789306519069	0.82728563974348
