task_id	chrom	start	end	num_snps	boosting_iterations_performed	h2_unscaled	r_squared_cv
1585	2	43004984	43005830	416	14	0.0892417185632386	0.910344266737245
