task_id	chrom	start	end	num_snps	boosting_iterations_performed	h2_unscaled	r_squared_cv
3107	5	151238987	151240098	464	11	0.788275514824136	0.91769930078434
