task_id	chrom	start	end	num_snps	boosting_iterations_performed	h2_unscaled	r_squared_cv
4369	7	24808467	24808876	483	14	0.11866967036776	0.930738381080465
