task_id	chrom	start	end	num_snps	boosting_iterations_performed	h2_unscaled	r_squared_cv
4375	7	26080594	26080958	361	11	0.104634135172472	0.899055420873368
