task_id	chrom	start	end	num_snps	boosting_iterations_performed	h2_unscaled	r_squared_cv
1212	2	177632771	177635554	213	11	0.72522549121375	0.91637376859879
