task_id	chrom	start	end	num_snps	boosting_iterations_performed	h2_unscaled	r_squared_cv
3698	6	163455985	163458269	568	17	0.112948361813346	0.960059895408365
