task_id	chrom	start	end	num_snps	boosting_iterations_performed	h2_unscaled	r_squared_cv
2308	3	64463773	64464384	498	11	0.113125633653185	0.943385751318207
