task_id	chrom	start	end	num_snps	boosting_iterations_performed	h2_unscaled	r_squared_cv
2898	4	87863625	87863885	420	13	0.310875061231745	0.902597452485782
