task_id	chrom	start	end	num_snps	boosting_iterations_performed	h2_unscaled	r_squared_cv
1686	2	76294570	76295336	349	16	0.0888290215609575	0.883930338002134
