task_id	chrom	start	end	num_snps	boosting_iterations_performed	h2_unscaled	r_squared_cv
3245	5	180142243	180142809	542	12	0.175137173731363	0.947298250985426
