task_id	chrom	start	end	num_snps	boosting_iterations_performed	h2_unscaled	r_squared_cv
1921	3	137969112	137970299	280	11	0.248629472682403	0.881247173445459
