task_id	chrom	start	end	num_snps	boosting_iterations_performed	h2_unscaled	r_squared_cv
3882	6	31209684	31211123	270	11	0.579712214321724	0.910451328307728
