task_id	chrom	start	end	num_snps	boosting_iterations_performed	h2_unscaled	r_squared_cv
1761	3	10141353	10141590	471	15	0.134955592160802	0.936287503808389
