task_id	chrom	start	end	num_snps	boosting_iterations_performed	h2_unscaled	r_squared_cv
4187	7	1330850	1331195	584	21	0.102483295289731	0.958993534344713
