task_id	chrom	start	end	num_snps	boosting_iterations_performed	h2_unscaled	r_squared_cv
1146	2	158459508	158460782	359	11	0.0687577100622626	0.863836037987646
