task_id	chrom	start	end	num_snps	boosting_iterations_performed	h2_unscaled	r_squared_cv
259	1	168056189	168056436	524	11	0.206105338360272	0.927838060938233
