task_id	chrom	start	end	num_snps	boosting_iterations_performed	h2_unscaled	r_squared_cv
2614	4	183728479	183728806	744	19	0.0627922416414672	0.972443474253644
