task_id	chrom	start	end	num_snps	boosting_iterations_performed	h2_unscaled	r_squared_cv
2833	4	7250393	7250968	1026	11	0.0702511505208482	0.981545682714419
