task_id	chrom	start	end	num_snps	boosting_iterations_performed	h2_unscaled	r_squared_cv
1791	3	112305041	112305358	351	11	0.0994670389086086	0.88232491854634
