task_id	chrom	start	end	num_snps	boosting_iterations_performed	h2_unscaled	r_squared_cv
942	1	9832038	9832934	379	12	0.0913737194754042	0.914616357089662
