task_id	chrom	start	end	num_snps	boosting_iterations_performed	h2_unscaled	r_squared_cv
2300	3	61917017	61917282	436	11	0.097375539046168	0.905673074617976
