task_id	chrom	start	end	num_snps	boosting_iterations_performed	h2_unscaled	r_squared_cv
3767	6	170185300	170185743	501	12	0.317539164600258	0.918341832002238
