task_id	chrom	start	end	num_snps	boosting_iterations_performed	h2_unscaled	r_squared_cv
2574	4	168877543	168877915	451	11	0.082528144476962	0.932466077061186
