task_id	chrom	start	end	num_snps	boosting_iterations_performed	h2_unscaled	r_squared_cv
3086	5	147080376	147084921	368	11	0.128394888706315	0.920560723724146
