task_id	chrom	start	end	num_snps	boosting_iterations_performed	h2_unscaled	r_squared_cv
1636	2	63986317	63986743	231	12	0.138433528256782	0.822287111811326
