task_id	chrom	start	end	num_snps	boosting_iterations_performed	h2_unscaled	r_squared_cv
3472	5	8973865	8975018	455	15	0.544832587118575	0.92240708504178
