task_id	chrom	start	end	num_snps	boosting_iterations_performed	h2_unscaled	r_squared_cv
174	1	15228644	15228989	588	11	0.116382096098192	0.969051912674841
