task_id	chrom	start	end	num_snps	boosting_iterations_performed	h2_unscaled	r_squared_cv
100	1	13524338	13525019	405	11	0.118037500640289	0.924170876240592
