task_id	chrom	start	end	num_snps	boosting_iterations_performed	h2_unscaled	r_squared_cv
272	1	17330989	17332133	431	14	0.0852938233245939	0.875167191566229
