task_id	chrom	start	end	num_snps	boosting_iterations_performed	h2_unscaled	r_squared_cv
2563	4	164997753	164998607	493	21	0.064719250103409	0.901011791727824
