task_id	chrom	start	end	num_snps	boosting_iterations_performed	h2_unscaled	r_squared_cv
568	1	27776865	27777967	258	11	0.0772835648883349	0.790422940624978
