task_id	chrom	start	end	num_snps	boosting_iterations_performed	h2_unscaled	r_squared_cv
819	1	64957446	64958308	349	11	0.123348434305333	0.902964060493013
