task_id	chrom	start	end	num_snps	boosting_iterations_performed	h2_unscaled	r_squared_cv
1982	3	158731533	158731709	239	11	0.0836510289369115	0.722153505245409
