task_id	chrom	start	end	num_snps	boosting_iterations_performed	h2_unscaled	r_squared_cv
2012	3	17195357	17196123	220	11	0.062609696939136	0.834885250013591
