task_id	chrom	start	end	num_snps	boosting_iterations_performed	h2_unscaled	r_squared_cv
2773	4	55157441	55158959	359	11	0.450180365188934	0.868542423469947
