task_id	chrom	start	end	num_snps	boosting_iterations_performed	h2_unscaled	r_squared_cv
1353	2	230956413	230957050	526	13	0.163455410824086	0.955890245640111
