task_id	chrom	start	end	num_snps	boosting_iterations_performed	h2_unscaled	r_squared_cv
2628	4	184805422	184806431	680	11	0.0840076607916289	0.972342901290589
