task_id	chrom	start	end	num_snps	boosting_iterations_performed	h2_unscaled	r_squared_cv
353	1	20768099	20768362	296	11	0.0992305629232245	0.841779194540316
