task_id	chrom	start	end	num_snps	boosting_iterations_performed	h2_unscaled	r_squared_cv
184	1	155691186	155695381	171	11	0.200144439832777	0.811146665846351
