task_id	chrom	start	end	num_snps	boosting_iterations_performed	h2_unscaled	r_squared_cv
1555	2	3605003	3605846	620	21	0.236843429509293	0.898888963217666
