task_id	chrom	start	end	num_snps	boosting_iterations_performed	h2_unscaled	r_squared_cv
2778	4	56954123	56954676	483	11	0.0434774690520201	0.880888235721784
