task_id	chrom	start	end	num_snps	boosting_iterations_performed	h2_unscaled	r_squared_cv
3003	5	124905887	124906878	479	11	0.0979733054569689	0.924433910956142
