task_id	chrom	start	end	num_snps	boosting_iterations_performed	h2_unscaled	r_squared_cv
1100	2	131126978	131127736	267	12	0.0954793414049874	0.786984220677164
