task_id	chrom	start	end	num_snps	boosting_iterations_performed	h2_unscaled	r_squared_cv
1274	2	207836720	207837011	375	15	0.0503991570814837	0.86385365700929
