task_id	chrom	start	end	num_snps	boosting_iterations_performed	h2_unscaled	r_squared_cv
1754	2	98127411	98128009	191	13	0.10111967329935	0.795707449435997
