task_id	chrom	start	end	num_snps	boosting_iterations_performed	h2_unscaled	r_squared_cv
1265	2	204860305	204860677	320	23	0.142271144183872	0.87102411450662
