task_id	chrom	start	end	num_snps	boosting_iterations_performed	h2_unscaled	r_squared_cv
4370	7	25094986	25095712	531	11	0.0708285501517877	0.930421743374049
