task_id	chrom	start	end	num_snps	boosting_iterations_performed	h2_unscaled	r_squared_cv
4329	7	1691667	1692363	530	20	0.0826082216601746	0.936332525574253
