task_id	chrom	start	end	num_snps	boosting_iterations_performed	h2_unscaled	r_squared_cv
1055	2	122625455	122626317	300	14	0.758992918904715	0.874226438591328
