task_id	chrom	start	end	num_snps	boosting_iterations_performed	h2_unscaled	r_squared_cv
1639	2	64627333	64627753	418	14	0.1721260729025	0.914966054307858
