task_id	chrom	start	end	num_snps	boosting_iterations_performed	h2_unscaled	r_squared_cv
3068	5	141874792	141875570	430	15	0.139499782988516	0.912012632595317
