task_id	chrom	start	end	num_snps	boosting_iterations_performed	h2_unscaled	r_squared_cv
2880	4	82450812	82451439	371	16	0.0492560249016007	0.823138260271852
