task_id	chrom	start	end	num_snps	boosting_iterations_performed	h2_unscaled	r_squared_cv
868	1	7977346	7978517	505	12	0.120838419849076	0.95729507196581
