task_id	chrom	start	end	num_snps	boosting_iterations_performed	h2_unscaled	r_squared_cv
2102	3	194749960	194750317	732	11	0.144791016675976	0.96859430767817
