task_id	chrom	start	end	num_snps	boosting_iterations_performed	h2_unscaled	r_squared_cv
4278	7	154591591	154591890	661	11	0.0494930060724088	0.971008569135625
