task_id	chrom	start	end	num_snps	boosting_iterations_performed	h2_unscaled	r_squared_cv
1881	3	129027573	129027753	210	11	0.0916411860254562	0.764752969925535
