task_id	chrom	start	end	num_snps	boosting_iterations_performed	h2_unscaled	r_squared_cv
4020	6	49713331	49714245	200	13	0.104093381662709	0.799072408223339
