task_id	chrom	start	end	num_snps	boosting_iterations_performed	h2_unscaled	r_squared_cv
4043	6	68136198	68137614	262	11	0.336724636377357	0.841792739181245
