task_id	chrom	start	end	num_snps	boosting_iterations_performed	h2_unscaled	r_squared_cv
271	1	17316266	17316516	414	17	0.0869789701712659	0.918296682634595
