task_id	chrom	start	end	num_snps	boosting_iterations_performed	h2_unscaled	r_squared_cv
915	1	9108986	9110220	592	11	0.122079969109623	0.965423667504928
