task_id	chrom	start	end	num_snps	boosting_iterations_performed	h2_unscaled	r_squared_cv
2415	4	102868197	102868363	179	11	0.14868966221187	0.80797689755449
