task_id	chrom	start	end	num_snps	boosting_iterations_performed	h2_unscaled	r_squared_cv
616	1	29107568	29107723	368	12	0.125311511844437	0.846977537766503
