task_id	chrom	start	end	num_snps	boosting_iterations_performed	h2_unscaled	r_squared_cv
2407	3	9916346	9916708	368	14	0.0692705441136062	0.89460362991552
