task_id	chrom	start	end	num_snps	boosting_iterations_performed	h2_unscaled	r_squared_cv
275	1	173831918	173832875	141	14	0.125994279677861	0.610608268405685
