task_id	chrom	start	end	num_snps	boosting_iterations_performed	h2_unscaled	r_squared_cv
3243	5	180091159	180091377	502	12	0.159061248842592	0.941628484115106
