task_id	chrom	start	end	num_snps	boosting_iterations_performed	h2_unscaled	r_squared_cv
3660	6	161367594	161367980	588	11	0.0767457338109113	0.958929784121309
