task_id	chrom	start	end	num_snps	boosting_iterations_performed	h2_unscaled	r_squared_cv
2464	4	128191296	128192004	215	11	0.114109963904858	0.815202611671344
