task_id	chrom	start	end	num_snps	boosting_iterations_performed	h2_unscaled	r_squared_cv
671	1	34853843	34854222	382	11	0.144157045955572	0.925117838835294
