task_id	chrom	start	end	num_snps	boosting_iterations_performed	h2_unscaled	r_squared_cv
3094	5	149142293	149142639	435	11	0.162952609929741	0.90498464784836
