task_id	chrom	start	end	num_snps	boosting_iterations_performed	h2_unscaled	r_squared_cv
1412	2	235712391	235713114	536	12	0.0812901732911588	0.951262564420996
