task_id	chrom	start	end	num_snps	boosting_iterations_performed	h2_unscaled	r_squared_cv
371	1	216531350	216532177	442	11	0.118996227447409	0.9220080815218
