task_id	chrom	start	end	num_snps	boosting_iterations_performed	h2_unscaled	r_squared_cv
3922	6	32580544	32582710	321	11	0.166818184199661	0.93190394018885
