task_id	chrom	start	end	num_snps	boosting_iterations_performed	h2_unscaled	r_squared_cv
4120	7	10973244	10973367	355	19	0.093764948817787	0.890290431152031
