task_id	chrom	start	end	num_snps	boosting_iterations_performed	h2_unscaled	r_squared_cv
2575	4	169116355	169116767	376	13	0.0500405235331539	0.841376201997734
