task_id	chrom	start	end	num_snps	boosting_iterations_performed	h2_unscaled	r_squared_cv
1402	2	235577662	235578512	573	11	0.131157566950166	0.961683751829237
