task_id	chrom	start	end	num_snps	boosting_iterations_performed	h2_unscaled	r_squared_cv
527	1	26507360	26508277	249	11	0.0778211428404755	0.82692572774268
