task_id	chrom	start	end	num_snps	boosting_iterations_performed	h2_unscaled	r_squared_cv
2782	4	5747830	5748323	805	14	0.379503839166756	0.960640059044378
