task_id	chrom	start	end	num_snps	boosting_iterations_performed	h2_unscaled	r_squared_cv
3980	6	3717924	3720182	627	11	0.36054426742247	0.949030304170219
