task_id	chrom	start	end	num_snps	boosting_iterations_performed	h2_unscaled	r_squared_cv
3908	6	32008636	32009065	206	19	0.220214069522319	0.745089744698854
