task_id	chrom	start	end	num_snps	boosting_iterations_performed	h2_unscaled	r_squared_cv
4127	7	112127758	112128978	369	13	0.108272846251538	0.914948725865639
