task_id	chrom	start	end	num_snps	boosting_iterations_performed	h2_unscaled	r_squared_cv
3710	6	163547498	163548798	595	14	0.0986274749134283	0.949330152003322
