task_id	chrom	start	end	num_snps	boosting_iterations_performed	h2_unscaled	r_squared_cv
468	1	24494975	24495446	454	11	0.0644964153994046	0.912544368446522
