task_id	chrom	start	end	num_snps	boosting_iterations_performed	h2_unscaled	r_squared_cv
689	1	36022657	36022824	181	14	0.139491883387033	0.753467393890654
