task_id	chrom	start	end	num_snps	boosting_iterations_performed	h2_unscaled	r_squared_cv
2388	3	8767276	8767620	678	11	0.100522101444123	0.972501410782314
