task_id	chrom	start	end	num_snps	boosting_iterations_performed	h2_unscaled	r_squared_cv
4045	6	7140589	7140698	576	11	0.132358633722111	0.972199427036431
