task_id	chrom	start	end	num_snps	boosting_iterations_performed	h2_unscaled	r_squared_cv
3862	6	29944528	29945321	178	11	0.266149417432251	0.86643263851129
