task_id	chrom	start	end	num_snps	boosting_iterations_performed	h2_unscaled	r_squared_cv
1358	2	231379922	231380345	439	14	0.133700063173046	0.939913262417299
