task_id	chrom	start	end	num_snps	boosting_iterations_performed	h2_unscaled	r_squared_cv
1154	2	159798555	159798759	236	17	0.135962656484852	0.815546136418086
