task_id	chrom	start	end	num_snps	boosting_iterations_performed	h2_unscaled	r_squared_cv
4397	7	28738900	28740396	648	11	0.133494643350346	0.963525560929225
