task_id	chrom	start	end	num_snps	boosting_iterations_performed	h2_unscaled	r_squared_cv
1738	2	9637724	9639221	519	15	0.0752269452863541	0.903846707794246
