task_id	chrom	start	end	num_snps	boosting_iterations_performed	h2_unscaled	r_squared_cv
3572	6	134170631	134173240	513	11	0.15160428984538	0.95612452836999
