task_id	chrom	start	end	num_snps	boosting_iterations_performed	h2_unscaled	r_squared_cv
4048	6	73461073	73461351	298	11	0.248873275189912	0.865635432527395
