task_id	chrom	start	end	num_snps	boosting_iterations_performed	h2_unscaled	r_squared_cv
2502	4	145882814	145883027	299	11	0.167402494930737	0.864809667216062
