task_id	chrom	start	end	num_snps	boosting_iterations_performed	h2_unscaled	r_squared_cv
2097	3	193816791	193817282	616	11	0.11721612846095	0.97763692077811
