task_id	chrom	start	end	num_snps	boosting_iterations_performed	h2_unscaled	r_squared_cv
458	1	24076536	24076882	428	14	0.0526544585982429	0.846669104165575
