task_id	chrom	start	end	num_snps	boosting_iterations_performed	h2_unscaled	r_squared_cv
3028	5	133109878	133110466	439	12	0.0941740023968336	0.926073972651713
