task_id	chrom	start	end	num_snps	boosting_iterations_performed	h2_unscaled	r_squared_cv
4256	7	150901625	150902170	562	14	0.0649690794502588	0.943545607945337
