task_id	chrom	start	end	num_snps	boosting_iterations_performed	h2_unscaled	r_squared_cv
1351	2	230564349	230566464	542	14	0.432279045875906	0.923870228837245
