task_id	chrom	start	end	num_snps	boosting_iterations_performed	h2_unscaled	r_squared_cv
4222	7	140647140	140647326	343	22	0.176924168783684	0.885181459315055
