task_id	chrom	start	end	num_snps	boosting_iterations_performed	h2_unscaled	r_squared_cv
1836	3	123568145	123568558	304	11	0.110833506760301	0.895109113736986
