task_id	chrom	start	end	num_snps	boosting_iterations_performed	h2_unscaled	r_squared_cv
2166	3	25784270	25784358	355	20	0.110967855328753	0.883641627064611
