task_id	chrom	start	end	num_snps	boosting_iterations_performed	h2_unscaled	r_squared_cv
3343	5	45893151	45894167	80	11	0.23430838888615	0.689186475290134
