task_id	chrom	start	end	num_snps	boosting_iterations_performed	h2_unscaled	r_squared_cv
3675	6	163188924	163190679	499	12	0.0847759676632183	0.942801049447964
