task_id	chrom	start	end	num_snps	boosting_iterations_performed	h2_unscaled	r_squared_cv
2624	4	184424553	184425688	715	11	0.110242428649238	0.975211423494363
