task_id	chrom	start	end	num_snps	boosting_iterations_performed	h2_unscaled	r_squared_cv
609	1	28785343	28785773	164	11	0.150699355518778	0.746160272747794
