task_id	chrom	start	end	num_snps	boosting_iterations_performed	h2_unscaled	r_squared_cv
3302	5	31886427	31887819	728	16	0.131538531290427	0.978754249258289
