task_id	chrom	start	end	num_snps	boosting_iterations_performed	h2_unscaled	r_squared_cv
2338	3	70000322	70001089	284	11	0.0481054245773857	0.791011001423622
