task_id	chrom	start	end	num_snps	boosting_iterations_performed	h2_unscaled	r_squared_cv
2351	3	72377687	72379059	588	13	0.16962683631717	0.913524384349824
