task_id	chrom	start	end	num_snps	boosting_iterations_performed	h2_unscaled	r_squared_cv
977	2	10283224	10286090	676	11	0.0753570960285611	0.9612022688849
