task_id	chrom	start	end	num_snps	boosting_iterations_performed	h2_unscaled	r_squared_cv
4144	7	118407277	118408821	186	11	0.605673091763361	0.841116360675962
