task_id	chrom	start	end	num_snps	boosting_iterations_performed	h2_unscaled	r_squared_cv
3338	5	42982166	42982555	192	11	0.120231389668608	0.78180475401487
