task_id	chrom	start	end	num_snps	boosting_iterations_performed	h2_unscaled	r_squared_cv
653	1	32581454	32581931	215	11	0.097593872783813	0.790011276116144
