task_id	chrom	start	end	num_snps	boosting_iterations_performed	h2_unscaled	r_squared_cv
670	1	34804644	34805629	405	11	0.138515956242471	0.937330260137272
