task_id	chrom	start	end	num_snps	boosting_iterations_performed	h2_unscaled	r_squared_cv
2709	4	3370976	3371923	466	12	0.11663356223393	0.934309399680202
