task_id	chrom	start	end	num_snps	boosting_iterations_performed	h2_unscaled	r_squared_cv
725	1	4082798	4083370	704	12	0.0995808892578849	0.96892590701675
