task_id	chrom	start	end	num_snps	boosting_iterations_performed	h2_unscaled	r_squared_cv
2603	4	182366947	182367516	678	15	0.0695652907591089	0.956910499302757
