task_id	chrom	start	end	num_snps	boosting_iterations_performed	h2_unscaled	r_squared_cv
3097	5	149582411	149583970	475	13	0.133197427845475	0.926523318622512
