task_id	chrom	start	end	num_snps	boosting_iterations_performed	h2_unscaled	r_squared_cv
3233	5	179336582	179336973	621	24	0.427991796955747	0.939152455558265
