task_id	chrom	start	end	num_snps	boosting_iterations_performed	h2_unscaled	r_squared_cv
2334	3	69540984	69541182	350	11	0.0885957208092943	0.878088776827879
