task_id	chrom	start	end	num_snps	boosting_iterations_performed	h2_unscaled	r_squared_cv
1405	2	235639161	235639723	559	11	0.101459758574302	0.95978421440711
