task_id	chrom	start	end	num_snps	boosting_iterations_performed	h2_unscaled	r_squared_cv
3076	5	14375400	14375800	436	11	0.0702323809422418	0.916776388217655
