task_id	chrom	start	end	num_snps	boosting_iterations_performed	h2_unscaled	r_squared_cv
1390	2	234989202	234989733	756	14	0.101016075689509	0.974835948584699
