task_id	chrom	start	end	num_snps	boosting_iterations_performed	h2_unscaled	r_squared_cv
4000	6	41693623	41695158	592	16	0.0969866470753093	0.959325348904516
