task_id	chrom	start	end	num_snps	boosting_iterations_performed	h2_unscaled	r_squared_cv
2289	3	58287270	58288521	355	11	0.18724192966714	0.915326149559476
