task_id	chrom	start	end	num_snps	boosting_iterations_performed	h2_unscaled	r_squared_cv
4155	7	124749095	124752414	180	12	0.0877153654679125	0.613404370252779
