task_id	chrom	start	end	num_snps	boosting_iterations_performed	h2_unscaled	r_squared_cv
2755	4	4502688	4503236	597	11	0.0880499242017911	0.944693249611679
