task_id	chrom	start	end	num_snps	boosting_iterations_performed	h2_unscaled	r_squared_cv
1409	2	235677296	235678172	547	11	0.0968045183859932	0.960488889858635
