task_id	chrom	start	end	num_snps	boosting_iterations_performed	h2_unscaled	r_squared_cv
3238	5	179963347	179964835	534	19	0.117252678443645	0.951742967084272
