task_id	chrom	start	end	num_snps	boosting_iterations_performed	h2_unscaled	r_squared_cv
2817	4	68905659	68906768	195	11	0.174505977199778	0.890190379608686
