task_id	chrom	start	end	num_snps	boosting_iterations_performed	h2_unscaled	r_squared_cv
4379	7	26627995	26628636	324	11	0.0416738139520698	0.768354272222806
