task_id	chrom	start	end	num_snps	boosting_iterations_performed	h2_unscaled	r_squared_cv
4457	7	4006223	4006478	542	11	0.243730905342259	0.916531455639265
