task_id	chrom	start	end	num_snps	boosting_iterations_performed	h2_unscaled	r_squared_cv
3502	6	100229694	100230577	290	11	0.0805637521241833	0.840557580002436
