task_id	chrom	start	end	num_snps	boosting_iterations_performed	h2_unscaled	r_squared_cv
1960	3	151461151	151461783	344	11	0.0995696009563259	0.88763786655499
