task_id	chrom	start	end	num_snps	boosting_iterations_performed	h2_unscaled	r_squared_cv
64	1	11678342	11679120	566	12	0.120446252217749	0.961203048046004
