task_id	chrom	start	end	num_snps	boosting_iterations_performed	h2_unscaled	r_squared_cv
3351	5	53024671	53025775	289	19	0.0799868518352594	0.812219837165241
