task_id	chrom	start	end	num_snps	boosting_iterations_performed	h2_unscaled	r_squared_cv
3923	6	32584220	32584329	324	11	0.295982396144047	0.889388609737207
