task_id	chrom	start	end	num_snps	boosting_iterations_performed	h2_unscaled	r_squared_cv
1334	2	227228318	227228621	422	11	0.10461810203142	0.931464927007055
