task_id	chrom	start	end	num_snps	boosting_iterations_performed	h2_unscaled	r_squared_cv
539	1	26815934	26816172	244	18	0.108433631863416	0.859767329972244
