task_id	chrom	start	end	num_snps	boosting_iterations_performed	h2_unscaled	r_squared_cv
2446	4	118590840	118592236	264	11	0.0772930716327536	0.82323937444319
