task_id	chrom	start	end	num_snps	boosting_iterations_performed	h2_unscaled	r_squared_cv
3085	5	147018021	147018612	379	16	0.145897998843932	0.916932306804794
