task_id	chrom	start	end	num_snps	boosting_iterations_performed	h2_unscaled	r_squared_cv
4261	7	151142498	151143802	586	11	0.1307086181544	0.964056249569744
