task_id	chrom	start	end	num_snps	boosting_iterations_performed	h2_unscaled	r_squared_cv
1207	2	17542562	17543617	265	11	0.0744262721129194	0.82640335177805
