task_id	chrom	start	end	num_snps	boosting_iterations_performed	h2_unscaled	r_squared_cv
3964	6	34398613	34398727	373	11	0.184086070437483	0.867311384873614
