task_id	chrom	start	end	num_snps	boosting_iterations_performed	h2_unscaled	r_squared_cv
1687	2	77972142	77972959	287	11	0.602792976015588	0.891180804879643
