task_id	chrom	start	end	num_snps	boosting_iterations_performed	h2_unscaled	r_squared_cv
3791	6	25993215	25993417	219	23	0.0981098434234036	0.649625467725058
