task_id	chrom	start	end	num_snps	boosting_iterations_performed	h2_unscaled	r_squared_cv
3848	6	29712375	29714145	170	11	0.697748101486325	0.869672369858192
