task_id	chrom	start	end	num_snps	boosting_iterations_performed	h2_unscaled	r_squared_cv
1655	2	69741180	69741288	242	17	0.0999148791834197	0.823709248567467
