task_id	chrom	start	end	num_snps	boosting_iterations_performed	h2_unscaled	r_squared_cv
905	1	8950852	8951170	516	13	0.177419952906854	0.953757494646502
