task_id	chrom	start	end	num_snps	boosting_iterations_performed	h2_unscaled	r_squared_cv
4308	7	157569509	157569942	569	11	0.108746898469975	0.9578784486029
