task_id	chrom	start	end	num_snps	boosting_iterations_performed	h2_unscaled	r_squared_cv
2649	4	187465433	187465701	496	11	0.0966178280983695	0.937683334601562
