task_id	chrom	start	end	num_snps	boosting_iterations_performed	h2_unscaled	r_squared_cv
286	1	17495139	17495836	509	14	0.216313482628067	0.930490215298472
