task_id	chrom	start	end	num_snps	boosting_iterations_performed	h2_unscaled	r_squared_cv
3888	6	31270974	31271097	244	11	0.0957303223668469	0.841545229502145
