task_id	chrom	start	end	num_snps	boosting_iterations_performed	h2_unscaled	r_squared_cv
2663	4	189617621	189617962	338	16	0.0997800677838863	0.855285923308868
