task_id	chrom	start	end	num_snps	boosting_iterations_performed	h2_unscaled	r_squared_cv
808	1	63299773	63300593	447	12	0.117128468782128	0.92959554237838
