task_id	chrom	start	end	num_snps	boosting_iterations_performed	h2_unscaled	r_squared_cv
3574	6	134436506	134436684	530	11	0.0777466143943372	0.955127451425526
