task_id	chrom	start	end	num_snps	boosting_iterations_performed	h2_unscaled	r_squared_cv
2741	4	41200545	41201198	452	12	0.366086743579798	0.899111659000874
