task_id	chrom	start	end	num_snps	boosting_iterations_performed	h2_unscaled	r_squared_cv
2144	3	197504502	197505021	371	11	0.0707962993043599	0.911147295487121
