task_id	chrom	start	end	num_snps	boosting_iterations_performed	h2_unscaled	r_squared_cv
3659	6	161318420	161319551	525	18	0.126494134549623	0.885890959503174
