task_id	chrom	start	end	num_snps	boosting_iterations_performed	h2_unscaled	r_squared_cv
3468	5	88732252	88735291	165	11	0.093275314602561	0.739889043769921
