task_id	chrom	start	end	num_snps	boosting_iterations_performed	h2_unscaled	r_squared_cv
2847	4	7467231	7467475	955	12	0.0792541212357864	0.985058184081354
