task_id	chrom	start	end	num_snps	boosting_iterations_performed	h2_unscaled	r_squared_cv
2583	4	173372943	173374078	357	11	0.0924284318564069	0.90335172591295
