task_id	chrom	start	end	num_snps	boosting_iterations_performed	h2_unscaled	r_squared_cv
221	1	16074748	16075045	295	15	0.130177495644507	0.871422703846589
