task_id	chrom	start	end	num_snps	boosting_iterations_performed	h2_unscaled	r_squared_cv
4027	6	56541027	56541869	254	11	0.164407937742123	0.862443613361827
