task_id	chrom	start	end	num_snps	boosting_iterations_performed	h2_unscaled	r_squared_cv
4335	7	19193781	19195144	463	15	0.184290924893648	0.943024810661577
