task_id	chrom	start	end	num_snps	boosting_iterations_performed	h2_unscaled	r_squared_cv
3701	6	163472110	163473332	573	12	0.119856496702937	0.948785770292044
