task_id	chrom	start	end	num_snps	boosting_iterations_performed	h2_unscaled	r_squared_cv
1535	2	28683135	28683542	419	11	0.113391368440164	0.913416601855686
