task_id	chrom	start	end	num_snps	boosting_iterations_performed	h2_unscaled	r_squared_cv
3582	6	136548079	136549103	302	16	0.0852519415529611	0.799628467542513
