task_id	chrom	start	end	num_snps	boosting_iterations_performed	h2_unscaled	r_squared_cv
2171	3	29453090	29453797	531	11	0.0965208706964979	0.950457336309026
