task_id	chrom	start	end	num_snps	boosting_iterations_performed	h2_unscaled	r_squared_cv
362	1	21191422	21191664	331	11	0.0361918762892864	0.801548143815951
