task_id	chrom	start	end	num_snps	boosting_iterations_performed	h2_unscaled	r_squared_cv
1562	2	3704145	3704878	563	17	0.124809643433029	0.947577261626993
