task_id	chrom	start	end	num_snps	boosting_iterations_performed	h2_unscaled	r_squared_cv
442	1	23705935	23706969	345	11	0.135814876264697	0.914198147717074
