task_id	chrom	start	end	num_snps	boosting_iterations_performed	h2_unscaled	r_squared_cv
1145	2	157596955	157597124	355	13	0.168260121463736	0.896482378066147
