task_id	chrom	start	end	num_snps	boosting_iterations_performed	h2_unscaled	r_squared_cv
3618	6	155171309	155172230	491	11	0.106528153252205	0.933727728518583
