task_id	chrom	start	end	num_snps	boosting_iterations_performed	h2_unscaled	r_squared_cv
3553	6	125100210	125100569	417	11	0.0883882336001218	0.885336362887002
