task_id	chrom	start	end	num_snps	boosting_iterations_performed	h2_unscaled	r_squared_cv
3435	5	80202506	80203185	470	12	0.0715084120298689	0.932661206990725
