task_id	chrom	start	end	num_snps	boosting_iterations_performed	h2_unscaled	r_squared_cv
3765	6	170067210	170067979	520	11	0.106556944473412	0.953556099142779
