task_id	chrom	start	end	num_snps	boosting_iterations_performed	h2_unscaled	r_squared_cv
2770	4	54104295	54104737	371	16	0.108311145841311	0.863056344322808
