task_id	chrom	start	end	num_snps	boosting_iterations_performed	h2_unscaled	r_squared_cv
3174	5	172437747	172438544	617	13	0.129515189191028	0.969751660828334
