task_id	chrom	start	end	num_snps	boosting_iterations_performed	h2_unscaled	r_squared_cv
2613	4	183723390	183723538	762	27	0.136558017799942	0.96787348056653
