task_id	chrom	start	end	num_snps	boosting_iterations_performed	h2_unscaled	r_squared_cv
2785	4	58398412	58400767	272	11	0.463928294224039	0.878093893896737
