task_id	chrom	start	end	num_snps	boosting_iterations_performed	h2_unscaled	r_squared_cv
3934	6	32661966	32662975	324	11	0.370409617608948	0.891893286349946
