task_id	chrom	start	end	num_snps	boosting_iterations_performed	h2_unscaled	r_squared_cv
1422	2	236102512	236102675	452	12	0.078668193589769	0.918444006820486
