task_id	chrom	start	end	num_snps	boosting_iterations_performed	h2_unscaled	r_squared_cv
3601	6	148530572	148530801	596	15	0.175738916888509	0.975091035870274
