task_id	chrom	start	end	num_snps	boosting_iterations_performed	h2_unscaled	r_squared_cv
635	1	31196100	31197796	367	13	0.108250446886554	0.798502413483501
