task_id	chrom	start	end	num_snps	boosting_iterations_performed	h2_unscaled	r_squared_cv
2747	4	4143486	4145499	563	21	0.123039410884034	0.95530086429348
