task_id	chrom	start	end	num_snps	boosting_iterations_performed	h2_unscaled	r_squared_cv
187	1	15590565	15592015	409	11	0.147120996088988	0.923949406926617
