task_id	chrom	start	end	num_snps	boosting_iterations_performed	h2_unscaled	r_squared_cv
4192	7	135212296	135212453	273	11	0.131677259915175	0.845191886854231
