task_id	chrom	start	end	num_snps	boosting_iterations_performed	h2_unscaled	r_squared_cv
3536	6	11202820	11203453	469	15	0.133813706368284	0.941342630049857
