task_id	chrom	start	end	num_snps	boosting_iterations_performed	h2_unscaled	r_squared_cv
3843	6	29014698	29015313	127	14	0.1255535684546	0.609081149175877
