task_id	chrom	start	end	num_snps	boosting_iterations_performed	h2_unscaled	r_squared_cv
2697	4	26802751	26803111	369	11	0.0929409695461401	0.870584282503231
