task_id	chrom	start	end	num_snps	boosting_iterations_performed	h2_unscaled	r_squared_cv
848	1	7262152	7262893	533	18	0.0836349966748886	0.930177876446991
