task_id	chrom	start	end	num_snps	boosting_iterations_performed	h2_unscaled	r_squared_cv
3482	5	93588990	93590798	169	11	0.184775273175383	0.807607705333018
