task_id	chrom	start	end	num_snps	boosting_iterations_performed	h2_unscaled	r_squared_cv
3939	6	32683586	32685506	322	11	0.527583769283254	0.864696556390313
