task_id	chrom	start	end	num_snps	boosting_iterations_performed	h2_unscaled	r_squared_cv
3427	5	78510640	78511356	367	11	0.0845515560400458	0.865843493131072
