task_id	chrom	start	end	num_snps	boosting_iterations_performed	h2_unscaled	r_squared_cv
3232	5	179313961	179314575	590	11	0.150620379295306	0.956661513089529
