task_id	chrom	start	end	num_snps	boosting_iterations_performed	h2_unscaled	r_squared_cv
641	1	31917713	31918643	262	12	0.086694660248223	0.85924965854712
