task_id	chrom	start	end	num_snps	boosting_iterations_performed	h2_unscaled	r_squared_cv
820	1	65034141	65034928	331	11	0.133658538822339	0.901903984014633
