task_id	chrom	start	end	num_snps	boosting_iterations_performed	h2_unscaled	r_squared_cv
2722	4	38574579	38575289	581	11	0.0703540732968841	0.94998113561423
