task_id	chrom	start	end	num_snps	boosting_iterations_performed	h2_unscaled	r_squared_cv
3544	6	117829730	117830026	249	11	0.109505883157333	0.824375447646238
