task_id	chrom	start	end	num_snps	boosting_iterations_performed	h2_unscaled	r_squared_cv
2404	3	9864166	9864720	348	14	0.115880545651735	0.890362768978559
