task_id	chrom	start	end	num_snps	boosting_iterations_performed	h2_unscaled	r_squared_cv
2939	5	102668493	102669664	176	13	0.47611330826353	0.863360107086462
