task_id	chrom	start	end	num_snps	boosting_iterations_performed	h2_unscaled	r_squared_cv
4070	6	90195279	90195595	394	11	0.129808470690244	0.921139653848345
