task_id	chrom	start	end	num_snps	boosting_iterations_performed	h2_unscaled	r_squared_cv
3816	6	27653027	27653955	119	19	0.105712199909795	0.585553235654327
