task_id	chrom	start	end	num_snps	boosting_iterations_performed	h2_unscaled	r_squared_cv
4339	7	2035186	2035309	433	12	0.594888453508939	0.902822625166888
