task_id	chrom	start	end	num_snps	boosting_iterations_performed	h2_unscaled	r_squared_cv
4300	7	157007014	157008321	425	11	0.272232879418768	0.85739792560125
