task_id	chrom	start	end	num_snps	boosting_iterations_performed	h2_unscaled	r_squared_cv
3004	5	124920048	124922614	482	11	0.0632061951041141	0.854192188100379
