task_id	chrom	start	end	num_snps	boosting_iterations_performed	h2_unscaled	r_squared_cv
4471	7	44147286	44147771	243	11	0.0828903102878416	0.825378434102875
