task_id	chrom	start	end	num_snps	boosting_iterations_performed	h2_unscaled	r_squared_cv
3958	6	3362827	3363264	648	15	0.420756001977284	0.933249654698838
