task_id	chrom	start	end	num_snps	boosting_iterations_performed	h2_unscaled	r_squared_cv
3803	6	27187621	27187865	106	12	0.396834001070543	0.749820840546733
