task_id	chrom	start	end	num_snps	boosting_iterations_performed	h2_unscaled	r_squared_cv
4373	7	25951948	25952069	384	11	0.0987636252366196	0.888493567109655
