task_id	chrom	start	end	num_snps	boosting_iterations_performed	h2_unscaled	r_squared_cv
4174	7	129366969	129367979	323	15	0.119188691993399	0.872281519977228
