task_id	chrom	start	end	num_snps	boosting_iterations_performed	h2_unscaled	r_squared_cv
2164	3	23809931	23810110	404	13	0.118397991379788	0.935300248172348
