task_id	chrom	start	end	num_snps	boosting_iterations_performed	h2_unscaled	r_squared_cv
22	1	10336171	10337027	362	11	0.0708516683291409	0.896883710219984
