task_id	chrom	start	end	num_snps	boosting_iterations_performed	h2_unscaled	r_squared_cv
3788	6	24908889	24910023	408	11	0.0379312319388791	0.88763079743492
