task_id	chrom	start	end	num_snps	boosting_iterations_performed	h2_unscaled	r_squared_cv
517	1	26163304	26163837	305	15	0.0724198080840993	0.829029354286462
