task_id	chrom	start	end	num_snps	boosting_iterations_performed	h2_unscaled	r_squared_cv
979	2	10371749	10373009	689	13	0.0702647960432171	0.940505891900102
