task_id	chrom	start	end	num_snps	boosting_iterations_performed	h2_unscaled	r_squared_cv
1381	2	233460934	233461452	477	11	0.0861090842245045	0.866108659817869
