task_id	chrom	start	end	num_snps	boosting_iterations_performed	h2_unscaled	r_squared_cv
3658	6	161138580	161138834	488	11	0.0653407239491085	0.92620238081958
