task_id	chrom	start	end	num_snps	boosting_iterations_performed	h2_unscaled	r_squared_cv
373	1	21744503	21745202	424	11	0.114146023238224	0.91355833826956
