task_id	chrom	start	end	num_snps	boosting_iterations_performed	h2_unscaled	r_squared_cv
1744	2	96888294	96889058	124	11	0.0591144413900928	0.604703768841814
