task_id	chrom	start	end	num_snps	boosting_iterations_performed	h2_unscaled	r_squared_cv
2804	4	6761575	6762109	886	21	0.114406510018795	0.983402091996435
