task_id	chrom	start	end	num_snps	boosting_iterations_performed	h2_unscaled	r_squared_cv
2698	4	26856851	26856919	405	13	0.0738869721070793	0.801815138755088
