task_id	chrom	start	end	num_snps	boosting_iterations_performed	h2_unscaled	r_squared_cv
2420	4	105087960	105088443	246	11	0.0824633541964421	0.839048480555329
