task_id	chrom	start	end	num_snps	boosting_iterations_performed	h2_unscaled	r_squared_cv
2042	3	183469093	183469704	340	11	0.134844050224903	0.867675456670987
