task_id	chrom	start	end	num_snps	boosting_iterations_performed	h2_unscaled	r_squared_cv
4180	7	131071651	131072340	436	13	0.0753130146037404	0.927519814343477
