task_id	chrom	start	end	num_snps	boosting_iterations_performed	h2_unscaled	r_squared_cv
2484	4	140645812	140646318	413	16	0.130587640867378	0.903079259598626
