task_id	chrom	start	end	num_snps	boosting_iterations_performed	h2_unscaled	r_squared_cv
3347	5	51095559	51095853	173	12	0.0819726843263275	0.785813907194335
