task_id	chrom	start	end	num_snps	boosting_iterations_performed	h2_unscaled	r_squared_cv
3188	5	174019966	174020141	626	11	0.102982250189044	0.956578090867483
