task_id	chrom	start	end	num_snps	boosting_iterations_performed	h2_unscaled	r_squared_cv
2529	4	153245166	153247151	487	11	0.128912661369113	0.937774129501936
