task_id	chrom	start	end	num_snps	boosting_iterations_performed	h2_unscaled	r_squared_cv
3966	6	3458423	3459752	656	16	0.0657638696251933	0.964831697079121
