task_id	chrom	start	end	num_snps	boosting_iterations_performed	h2_unscaled	r_squared_cv
793	1	56702152	56702374	463	11	0.0897709932548866	0.92342859439727
