task_id	chrom	start	end	num_snps	boosting_iterations_performed	h2_unscaled	r_squared_cv
3387	5	6450276	6451082	516	11	0.106465288383371	0.958573084497432
