task_id	chrom	start	end	num_snps	boosting_iterations_performed	h2_unscaled	r_squared_cv
886	1	8608217	8610106	455	12	0.121880734523408	0.924517280443372
