task_id	chrom	start	end	num_snps	boosting_iterations_performed	h2_unscaled	r_squared_cv
4	1	10025717	10026575	263	17	0.0773265345633774	0.793959268297707
