task_id	chrom	start	end	num_snps	boosting_iterations_performed	h2_unscaled	r_squared_cv
4223	7	140683397	140683720	347	17	0.0348752009977737	0.792280549041366
