task_id	chrom	start	end	num_snps	boosting_iterations_performed	h2_unscaled	r_squared_cv
3951	6	3284626	3285287	659	14	0.130454698728347	0.972331182145803
