task_id	chrom	start	end	num_snps	boosting_iterations_performed	h2_unscaled	r_squared_cv
1549	2	33477431	33477837	568	14	0.18807853160719	0.962127250322632
