task_id	chrom	start	end	num_snps	boosting_iterations_performed	h2_unscaled	r_squared_cv
3911	6	32163794	32164004	175	12	0.111767929242618	0.686662115087817
