task_id	chrom	start	end	num_snps	boosting_iterations_performed	h2_unscaled	r_squared_cv
3655	6	160678968	160679308	296	11	0.274838349316363	0.834501617221485
