task_id	chrom	start	end	num_snps	boosting_iterations_performed	h2_unscaled	r_squared_cv
2840	4	73139453	73139833	195	11	0.132493117376731	0.802968229257418
