task_id	chrom	start	end	num_snps	boosting_iterations_performed	h2_unscaled	r_squared_cv
4280	7	154851628	154852602	774	15	0.641348584743539	0.949199796323841
