task_id	chrom	start	end	num_snps	boosting_iterations_performed	h2_unscaled	r_squared_cv
2689	4	26217989	26218856	512	11	0.0573703809007272	0.879479487581296
