task_id	chrom	start	end	num_snps	boosting_iterations_performed	h2_unscaled	r_squared_cv
1717	2	9303648	9304354	435	20	0.308702428444052	0.919991652605177
