task_id	chrom	start	end	num_snps	boosting_iterations_performed	h2_unscaled	r_squared_cv
3779	6	18122020	18122126	274	11	0.126082382188971	0.854172227689326
