task_id	chrom	start	end	num_snps	boosting_iterations_performed	h2_unscaled	r_squared_cv
4031	6	57793483	57793729	95	11	0.221095786348882	0.827348603537753
