task_id	chrom	start	end	num_snps	boosting_iterations_performed	h2_unscaled	r_squared_cv
879	1	8305769	8306651	326	11	0.108367061823386	0.890522511457158
