task_id	chrom	start	end	num_snps	boosting_iterations_performed	h2_unscaled	r_squared_cv
1453	2	239121935	239122131	661	11	0.134543549297467	0.966264066642507
