task_id	chrom	start	end	num_snps	boosting_iterations_performed	h2_unscaled	r_squared_cv
3127	5	159206132	159206281	306	11	0.100662563271863	0.894889994990158
