task_id	chrom	start	end	num_snps	boosting_iterations_performed	h2_unscaled	r_squared_cv
513	1	25965343	25966161	324	11	0.10567449395773	0.891508674183841
