task_id	chrom	start	end	num_snps	boosting_iterations_performed	h2_unscaled	r_squared_cv
2192	3	39178416	39178741	291	11	0.136595280153955	0.815279053965583
