task_id	chrom	start	end	num_snps	boosting_iterations_performed	h2_unscaled	r_squared_cv
1202	2	173210485	173210829	460	11	0.113174733572944	0.900739372877622
