task_id	chrom	start	end	num_snps	boosting_iterations_performed	h2_unscaled	r_squared_cv
103	1	13568660	13569136	425	11	0.106721723743888	0.923904693707687
