task_id	chrom	start	end	num_snps	boosting_iterations_performed	h2_unscaled	r_squared_cv
3485	5	93609757	93611038	169	16	0.233067710864442	0.812808860742172
