task_id	chrom	start	end	num_snps	boosting_iterations_performed	h2_unscaled	r_squared_cv
2033	3	182241439	182242417	372	13	0.044684738285362	0.906715791639237
