task_id	chrom	start	end	num_snps	boosting_iterations_performed	h2_unscaled	r_squared_cv
1273	2	207812656	207813892	381	11	0.161176927779189	0.892173090600091
