task_id	chrom	start	end	num_snps	boosting_iterations_performed	h2_unscaled	r_squared_cv
4258	7	150972183	150972760	594	11	0.0905585424561649	0.963072924727804
