task_id	chrom	start	end	num_snps	boosting_iterations_performed	h2_unscaled	r_squared_cv
4249	7	150009643	150010680	392	11	0.180852005343497	0.91617199591195
