task_id	chrom	start	end	num_snps	boosting_iterations_performed	h2_unscaled	r_squared_cv
496	1	25209283	25209518	373	14	0.0865566096792667	0.902333024706807
