task_id	chrom	start	end	num_snps	boosting_iterations_performed	h2_unscaled	r_squared_cv
1685	2	74920352	74920530	411	12	0.29310440172328	0.896708978516236
