task_id	chrom	start	end	num_snps	boosting_iterations_performed	h2_unscaled	r_squared_cv
1092	2	130036916	130038316	299	16	0.0770022424897623	0.877042302770516
