task_id	chrom	start	end	num_snps	boosting_iterations_performed	h2_unscaled	r_squared_cv
1423	2	236136355	236136957	438	15	0.0668565719075697	0.873864629020381
