task_id	chrom	start	end	num_snps	boosting_iterations_performed	h2_unscaled	r_squared_cv
933	1	9674947	9675302	475	19	0.0736227711810703	0.938026411645751
