task_id	chrom	start	end	num_snps	boosting_iterations_performed	h2_unscaled	r_squared_cv
4156	7	124760883	124761648	188	11	0.0716154116774064	0.711634432517236
