task_id	chrom	start	end	num_snps	boosting_iterations_performed	h2_unscaled	r_squared_cv
1090	2	129933641	129937317	331	11	0.323782144519832	0.883961005213488
