task_id	chrom	start	end	num_snps	boosting_iterations_performed	h2_unscaled	r_squared_cv
4283	7	155230180	155230699	828	16	0.0756012012202025	0.972758027155956
