task_id	chrom	start	end	num_snps	boosting_iterations_performed	h2_unscaled	r_squared_cv
3081	5	145854707	145856829	256	11	0.155467095321919	0.823665772662038
