task_id	chrom	start	end	num_snps	boosting_iterations_performed	h2_unscaled	r_squared_cv
2555	4	16067183	16068320	421	14	0.0840768396169187	0.870061454560664
