task_id	chrom	start	end	num_snps	boosting_iterations_performed	h2_unscaled	r_squared_cv
4346	7	2106600	2109110	440	12	0.104675618551189	0.918351783815851
