task_id	chrom	start	end	num_snps	boosting_iterations_performed	h2_unscaled	r_squared_cv
3505	6	102849773	102850318	208	15	0.156817233410916	0.80675568890145
