task_id	chrom	start	end	num_snps	boosting_iterations_performed	h2_unscaled	r_squared_cv
1892	3	13053334	13053705	483	11	0.533672461943569	0.908734308415025
