task_id	chrom	start	end	num_snps	boosting_iterations_performed	h2_unscaled	r_squared_cv
3352	5	5304480	5304880	581	12	0.19754853932461	0.953299962038933
