task_id	chrom	start	end	num_snps	boosting_iterations_performed	h2_unscaled	r_squared_cv
4203	7	139570158	139570651	394	11	0.138239214587734	0.930922926810906
