task_id	chrom	start	end	num_snps	boosting_iterations_performed	h2_unscaled	r_squared_cv
4051	6	74835765	74836073	238	11	0.556806920895833	0.86016040475822
