task_id	chrom	start	end	num_snps	boosting_iterations_performed	h2_unscaled	r_squared_cv
1814	3	115814881	115815963	391	11	0.20165516678314	0.929660159775279
