task_id	chrom	start	end	num_snps	boosting_iterations_performed	h2_unscaled	r_squared_cv
2686	4	25313736	25313843	539	11	0.0795895108253508	0.939999511893791
