task_id	chrom	start	end	num_snps	boosting_iterations_performed	h2_unscaled	r_squared_cv
4338	7	20350654	20350968	479	23	0.0940830709006156	0.937631150237256
