task_id	chrom	start	end	num_snps	boosting_iterations_performed	h2_unscaled	r_squared_cv
4002	6	41703903	41706091	570	17	0.0573040635863223	0.958670628410137
