task_id	chrom	start	end	num_snps	boosting_iterations_performed	h2_unscaled	r_squared_cv
1547	2	32926490	32927534	379	11	0.0877334951749096	0.900712184040305
