task_id	chrom	start	end	num_snps	boosting_iterations_performed	h2_unscaled	r_squared_cv
3567	6	132569278	132569895	372	11	0.0904069976663906	0.93180245283779
