task_id	chrom	start	end	num_snps	boosting_iterations_performed	h2_unscaled	r_squared_cv
2441	4	114630399	114631604	289	11	0.0411316482485255	0.813315221270051
