task_id	chrom	start	end	num_snps	boosting_iterations_performed	h2_unscaled	r_squared_cv
4179	7	131069013	131069433	429	17	0.197129602062783	0.944568296389969
