task_id	chrom	start	end	num_snps	boosting_iterations_performed	h2_unscaled	r_squared_cv
4319	7	158709493	158710662	371	11	0.0492168586042028	0.869707742632271
