task_id	chrom	start	end	num_snps	boosting_iterations_performed	h2_unscaled	r_squared_cv
409	1	228635356	228635757	354	14	0.115002859873754	0.864486043946861
