task_id	chrom	start	end	num_snps	boosting_iterations_performed	h2_unscaled	r_squared_cv
8	1	10093974	10094872	270	12	0.0515529005474641	0.849961132183445
