task_id	chrom	start	end	num_snps	boosting_iterations_performed	h2_unscaled	r_squared_cv
2610	4	183355101	183355489	579	21	0.0863677568288329	0.892868494657103
