task_id	chrom	start	end	num_snps	boosting_iterations_performed	h2_unscaled	r_squared_cv
3275	5	2008250	2008313	784	11	0.301686336212925	0.962824586724403
