task_id	chrom	start	end	num_snps	boosting_iterations_performed	h2_unscaled	r_squared_cv
4417	7	32205257	32206249	396	16	0.609498272210539	0.896200333966155
