task_id	chrom	start	end	num_snps	boosting_iterations_performed	h2_unscaled	r_squared_cv
2399	3	98307981	98309636	290	11	0.334881816063854	0.824538335450384
