task_id	chrom	start	end	num_snps	boosting_iterations_performed	h2_unscaled	r_squared_cv
2190	3	38579857	38580070	315	11	0.246213215331219	0.862911446051361
