task_id	chrom	start	end	num_snps	boosting_iterations_performed	h2_unscaled	r_squared_cv
2259	3	51964371	51966736	158	11	0.107720595065707	0.746988149326075
