task_id	chrom	start	end	num_snps	boosting_iterations_performed	h2_unscaled	r_squared_cv
3171	5	172414610	172415426	595	11	0.124787895683034	0.971129664260045
