task_id	chrom	start	end	num_snps	boosting_iterations_performed	h2_unscaled	r_squared_cv
2302	3	62739839	62741758	447	12	0.563946761953901	0.921903730278414
