task_id	chrom	start	end	num_snps	boosting_iterations_performed	h2_unscaled	r_squared_cv
3764	6	170053438	170053719	522	19	0.16121024657719	0.933163013566135
