task_id	chrom	start	end	num_snps	boosting_iterations_performed	h2_unscaled	r_squared_cv
320	1	19827378	19829228	509	11	0.161172311196267	0.953430482394912
