task_id	chrom	start	end	num_snps	boosting_iterations_performed	h2_unscaled	r_squared_cv
420	1	23130643	23131981	368	11	0.0761626671885512	0.88168374685307
