task_id	chrom	start	end	num_snps	boosting_iterations_performed	h2_unscaled	r_squared_cv
4311	7	157691876	157692270	570	14	0.090501233274923	0.939614525987991
