task_id	chrom	start	end	num_snps	boosting_iterations_performed	h2_unscaled	r_squared_cv
1707	2	86807182	86807269	162	14	0.145355380610113	0.70110754983183
