task_id	chrom	start	end	num_snps	boosting_iterations_performed	h2_unscaled	r_squared_cv
1524	2	26330167	26330288	375	11	0.050144528003574	0.881028162444647
