task_id	chrom	start	end	num_snps	boosting_iterations_performed	h2_unscaled	r_squared_cv
1517	2	25129028	25129385	232	11	0.122103106653418	0.844305573142196
