task_id	chrom	start	end	num_snps	boosting_iterations_performed	h2_unscaled	r_squared_cv
3168	5	172189341	172189679	553	11	0.0979565041463896	0.948414752245634
