task_id	chrom	start	end	num_snps	boosting_iterations_performed	h2_unscaled	r_squared_cv
24	1	10356543	10358522	376	16	0.0811288714915428	0.882711514097484
