task_id	chrom	start	end	num_snps	boosting_iterations_performed	h2_unscaled	r_squared_cv
2711	4	3483389	3483666	453	11	0.133639309563164	0.924652913324429
