task_id	chrom	start	end	num_snps	boosting_iterations_performed	h2_unscaled	r_squared_cv
2002	3	170401558	170402320	295	11	0.133671895963334	0.874606713775478
