task_id	chrom	start	end	num_snps	boosting_iterations_performed	h2_unscaled	r_squared_cv
1109	2	131681841	131682038	191	11	0.157140829146663	0.768093540118328
