task_id	chrom	start	end	num_snps	boosting_iterations_performed	h2_unscaled	r_squared_cv
3039	5	135851300	135851666	341	13	0.136874521850388	0.89376831153344
