task_id	chrom	start	end	num_snps	boosting_iterations_performed	h2_unscaled	r_squared_cv
701	1	37916479	37917012	362	11	0.174292058405916	0.937604158547737
