task_id	chrom	start	end	num_snps	boosting_iterations_performed	h2_unscaled	r_squared_cv
4462	7	41964892	41965088	394	16	0.0919070778609558	0.899415461397673
