task_id	chrom	start	end	num_snps	boosting_iterations_performed	h2_unscaled	r_squared_cv
1622	2	57719703	57721105	200	11	0.101042781222314	0.724841923781691
