task_id	chrom	start	end	num_snps	boosting_iterations_performed	h2_unscaled	r_squared_cv
3903	6	31435812	31436078	246	11	0.399226904099675	0.846415789851631
