task_id	chrom	start	end	num_snps	boosting_iterations_performed	h2_unscaled	r_squared_cv
3146	5	16654880	16656328	538	11	0.394105802638817	0.939828924228107
