task_id	chrom	start	end	num_snps	boosting_iterations_performed	h2_unscaled	r_squared_cv
4355	7	22190343	22191584	557	13	0.0569340240377824	0.953451508965668
