task_id	chrom	start	end	num_snps	boosting_iterations_performed	h2_unscaled	r_squared_cv
1801	3	114442728	114445470	305	11	0.0998381130909426	0.879229572996447
