task_id	chrom	start	end	num_snps	boosting_iterations_performed	h2_unscaled	r_squared_cv
2774	4	55363806	55364960	370	20	0.0741514899135247	0.840261334180869
