task_id	chrom	start	end	num_snps	boosting_iterations_performed	h2_unscaled	r_squared_cv
3792	6	26042756	26043101	205	12	0.613851483265514	0.804619232338691
