task_id	chrom	start	end	num_snps	boosting_iterations_performed	h2_unscaled	r_squared_cv
1649	2	66698248	66700036	374	12	0.12925114882142	0.892822615030297
