task_id	chrom	start	end	num_snps	boosting_iterations_performed	h2_unscaled	r_squared_cv
968	2	101609398	101611093	313	11	0.15448979354552	0.915759535456703
