task_id	chrom	start	end	num_snps	boosting_iterations_performed	h2_unscaled	r_squared_cv
3894	6	31317425	31321771	248	19	0.452048575717184	0.87076725561696
