task_id	chrom	start	end	num_snps	boosting_iterations_performed	h2_unscaled	r_squared_cv
834	1	6713036	6713451	389	14	0.0939046951271546	0.835150380733232
