task_id	chrom	start	end	num_snps	boosting_iterations_performed	h2_unscaled	r_squared_cv
2564	4	165027830	165028373	480	11	0.0585490547015431	0.892425531494693
