task_id	chrom	start	end	num_snps	boosting_iterations_performed	h2_unscaled	r_squared_cv
4432	7	3592416	3593025	365	11	0.0944259604472288	0.776576822803298
