task_id	chrom	start	end	num_snps	boosting_iterations_performed	h2_unscaled	r_squared_cv
783	1	52721000	52721512	238	14	0.0558798904302438	0.818107450002312
