task_id	chrom	start	end	num_snps	boosting_iterations_performed	h2_unscaled	r_squared_cv
3547	6	118783959	118785011	223	11	0.103955808050584	0.84931315178393
