task_id	chrom	start	end	num_snps	boosting_iterations_performed	h2_unscaled	r_squared_cv
1045	2	120825635	120826804	612	11	0.0812668858954923	0.965090931267342
