task_id	chrom	start	end	num_snps	boosting_iterations_performed	h2_unscaled	r_squared_cv
1516	2	25062220	25062954	223	11	0.0949817679479905	0.830338495510662
