task_id	chrom	start	end	num_snps	boosting_iterations_performed	h2_unscaled	r_squared_cv
811	1	6364155	6365399	405	11	0.139423965653792	0.912822224659797
