task_id	chrom	start	end	num_snps	boosting_iterations_performed	h2_unscaled	r_squared_cv
2511	4	151199568	151200313	126	12	0.152834975815041	0.714466636058691
