task_id	chrom	start	end	num_snps	boosting_iterations_performed	h2_unscaled	r_squared_cv
3705	6	163494488	163496700	571	12	0.0894081222252541	0.961116987272107
