task_id	chrom	start	end	num_snps	boosting_iterations_performed	h2_unscaled	r_squared_cv
2339	3	70071207	70073181	301	13	0.0528645531300775	0.816433378304116
