task_id	chrom	start	end	num_snps	boosting_iterations_performed	h2_unscaled	r_squared_cv
3533	6	111625800	111626489	245	11	0.037816570886542	0.709046484046167
