task_id	chrom	start	end	num_snps	boosting_iterations_performed	h2_unscaled	r_squared_cv
1914	3	136261805	136262533	130	14	0.125837845607813	0.690306221484029
