task_id	chrom	start	end	num_snps	boosting_iterations_performed	h2_unscaled	r_squared_cv
1545	2	32874830	32874982	326	16	0.0799994331176154	0.802039103954501
