task_id	chrom	start	end	num_snps	boosting_iterations_performed	h2_unscaled	r_squared_cv
1509	2	242069862	242070434	128	16	0.145787737685685	0.657012296593228
