task_id	chrom	start	end	num_snps	boosting_iterations_performed	h2_unscaled	r_squared_cv
1816	3	11610144	11610984	423	11	0.0895386273875792	0.901585089445474
