task_id	chrom	start	end	num_snps	boosting_iterations_performed	h2_unscaled	r_squared_cv
2438	4	114597780	114597968	279	13	0.0563024234899961	0.725009945463981
