task_id	chrom	start	end	num_snps	boosting_iterations_performed	h2_unscaled	r_squared_cv
1626	2	5926556	5927153	567	12	0.0673470949015857	0.957024912142235
