task_id	chrom	start	end	num_snps	boosting_iterations_performed	h2_unscaled	r_squared_cv
3012	5	127073482	127073799	259	11	0.166993050321068	0.840454402145312
