task_id	chrom	start	end	num_snps	boosting_iterations_performed	h2_unscaled	r_squared_cv
3038	5	135782165	135783266	365	13	0.0977216112578157	0.780855673266493
