task_id	chrom	start	end	num_snps	boosting_iterations_performed	h2_unscaled	r_squared_cv
3573	6	134267856	134268302	536	11	0.0994786504166231	0.945513140649068
