task_id	chrom	start	end	num_snps	boosting_iterations_performed	h2_unscaled	r_squared_cv
874	1	8182792	8183873	339	11	0.125908593413954	0.919265667160665
