task_id	chrom	start	end	num_snps	boosting_iterations_performed	h2_unscaled	r_squared_cv
3844	6	29653039	29653865	171	15	0.113903897739036	0.684678571459461
