task_id	chrom	start	end	num_snps	boosting_iterations_performed	h2_unscaled	r_squared_cv
3142	5	16568981	16569490	531	15	0.116570157340731	0.946744812289201
