task_id	chrom	start	end	num_snps	boosting_iterations_performed	h2_unscaled	r_squared_cv
1413	2	235717335	235718051	527	15	0.0896417427855787	0.949955947488373
