task_id	chrom	start	end	num_snps	boosting_iterations_performed	h2_unscaled	r_squared_cv
1315	2	220335365	220336440	389	11	0.0369483199766351	0.853464697802734
