task_id	chrom	start	end	num_snps	boosting_iterations_performed	h2_unscaled	r_squared_cv
3605	6	148874801	148875006	549	19	0.105730309293923	0.936021711860284
