task_id	chrom	start	end	num_snps	boosting_iterations_performed	h2_unscaled	r_squared_cv
4243	7	149764431	149764981	354	11	0.0942306730326552	0.890232457538217
