task_id	chrom	start	end	num_snps	boosting_iterations_performed	h2_unscaled	r_squared_cv
96	1	13219762	13219847	314	16	0.129490927663933	0.875309852505125
