task_id	chrom	start	end	num_snps	boosting_iterations_performed	h2_unscaled	r_squared_cv
2619	4	184039963	184040528	797	11	0.148605455391187	0.962674443860623
