task_id	chrom	start	end	num_snps	boosting_iterations_performed	h2_unscaled	r_squared_cv
199	1	157279152	157279830	444	11	0.180107384254717	0.935193607761987
