task_id	chrom	start	end	num_snps	boosting_iterations_performed	h2_unscaled	r_squared_cv
4410	7	30286793	30286932	344	15	0.0737784964367444	0.862250739323479
