task_id	chrom	start	end	num_snps	boosting_iterations_performed	h2_unscaled	r_squared_cv
1588	2	43100458	43100639	407	11	0.0723116069856023	0.905814723554213
