task_id	chrom	start	end	num_snps	boosting_iterations_performed	h2_unscaled	r_squared_cv
961	2	10044511	10044693	771	11	0.0895738802996912	0.973930062991629
