task_id	chrom	start	end	num_snps	boosting_iterations_performed	h2_unscaled	r_squared_cv
273	1	1733116	1734078	194	14	0.0933522616590372	0.762583257634131
