task_id	chrom	start	end	num_snps	boosting_iterations_performed	h2_unscaled	r_squared_cv
3102	5	150459283	150459507	434	11	0.127242084374639	0.923494206207462
