task_id	chrom	start	end	num_snps	boosting_iterations_performed	h2_unscaled	r_squared_cv
696	1	36426693	36427651	290	13	0.16359178795183	0.884807685116594
