task_id	chrom	start	end	num_snps	boosting_iterations_performed	h2_unscaled	r_squared_cv
2156	3	22672694	22673504	317	11	0.569475841470953	0.89941188065226
