task_id	chrom	start	end	num_snps	boosting_iterations_performed	h2_unscaled	r_squared_cv
4348	7	2157891	2158095	463	19	0.110622563355012	0.926012643989853
