task_id	chrom	start	end	num_snps	boosting_iterations_performed	h2_unscaled	r_squared_cv
2288	3	58253538	58254719	354	11	0.11892127907227	0.902398397343022
