task_id	chrom	start	end	num_snps	boosting_iterations_performed	h2_unscaled	r_squared_cv
33	1	10569875	10570578	472	11	0.0661662224864546	0.929017870638941
