task_id	chrom	start	end	num_snps	boosting_iterations_performed	h2_unscaled	r_squared_cv
4376	7	2614896	2615098	605	13	0.0973946951294682	0.95819021518395
