task_id	chrom	start	end	num_snps	boosting_iterations_performed	h2_unscaled	r_squared_cv
1181	2	166610052	166611016	235	11	0.401860945363024	0.845466455299162
