task_id	chrom	start	end	num_snps	boosting_iterations_performed	h2_unscaled	r_squared_cv
556	1	27267959	27269006	224	11	0.0989929432271454	0.766797300983579
