task_id	chrom	start	end	num_snps	boosting_iterations_performed	h2_unscaled	r_squared_cv
1586	2	43021771	43022694	408	14	0.193594930676656	0.911361507305798
