task_id	chrom	start	end	num_snps	boosting_iterations_performed	h2_unscaled	r_squared_cv
1798	3	113838444	113838598	305	11	0.104423075578949	0.833009044224433
