task_id	chrom	start	end	num_snps	boosting_iterations_performed	h2_unscaled	r_squared_cv
321	1	19834566	19836625	520	12	0.101712812632592	0.951221244111713
