task_id	chrom	start	end	num_snps	boosting_iterations_performed	h2_unscaled	r_squared_cv
4153	7	124723742	124725831	174	11	0.160119994253621	0.727801776019828
