task_id	chrom	start	end	num_snps	boosting_iterations_performed	h2_unscaled	r_squared_cv
613	1	29047852	29048375	326	11	0.0978697752953373	0.874896831521228
