task_id	chrom	start	end	num_snps	boosting_iterations_performed	h2_unscaled	r_squared_cv
4292	7	155885520	155885795	820	12	0.120946777357048	0.977798716685249
