task_id	chrom	start	end	num_snps	boosting_iterations_performed	h2_unscaled	r_squared_cv
871	1	8130206	8131446	399	11	0.13566119221427	0.925055397610811
