task_id	chrom	start	end	num_snps	boosting_iterations_performed	h2_unscaled	r_squared_cv
2402	3	98591147	98592408	257	11	0.0879390895611461	0.842228469508415
