task_id	chrom	start	end	num_snps	boosting_iterations_performed	h2_unscaled	r_squared_cv
310	1	19354942	19355792	462	14	0.139407175520783	0.918427508870162
