task_id	chrom	start	end	num_snps	boosting_iterations_performed	h2_unscaled	r_squared_cv
1681	2	74415580	74415937	313	12	0.26786093273435	0.843315207096446
