task_id	chrom	start	end	num_snps	boosting_iterations_performed	h2_unscaled	r_squared_cv
598	1	28539528	28540627	204	11	0.173996452524699	0.80057293109789
