task_id	chrom	start	end	num_snps	boosting_iterations_performed	h2_unscaled	r_squared_cv
2004	3	170437188	170438590	279	16	0.0913879134075308	0.850845664949645
