task_id	chrom	start	end	num_snps	boosting_iterations_performed	h2_unscaled	r_squared_cv
52	1	112640614	112640761	351	16	0.0724986769788085	0.817652709172178
