task_id	chrom	start	end	num_snps	boosting_iterations_performed	h2_unscaled	r_squared_cv
607	1	28698166	28698852	167	14	0.086847780941596	0.733629458894402
