task_id	chrom	start	end	num_snps	boosting_iterations_performed	h2_unscaled	r_squared_cv
4399	7	28758686	28759867	642	13	0.0794514369868196	0.954059695494453
