task_id	chrom	start	end	num_snps	boosting_iterations_performed	h2_unscaled	r_squared_cv
332	1	202122867	202124298	395	11	0.133288062047206	0.919291959527
