task_id	chrom	start	end	num_snps	boosting_iterations_performed	h2_unscaled	r_squared_cv
4321	7	158996946	158997697	232	11	0.114193094796108	0.837367128671632
