task_id	chrom	start	end	num_snps	boosting_iterations_performed	h2_unscaled	r_squared_cv
1296	2	217162475	217162876	437	11	0.0547101336919494	0.912003401602951
