task_id	chrom	start	end	num_snps	boosting_iterations_performed	h2_unscaled	r_squared_cv
974	2	101819724	101820162	336	11	0.0925406227820613	0.878358369592521
