task_id	chrom	start	end	num_snps	boosting_iterations_performed	h2_unscaled	r_squared_cv
990	2	105316128	105316484	425	11	0.132719483746331	0.938255508842162
