task_id	chrom	start	end	num_snps	boosting_iterations_performed	h2_unscaled	r_squared_cv
1929	3	141874858	141875075	311	11	0.0956835658503257	0.863151451010628
