task_id	chrom	start	end	num_snps	boosting_iterations_performed	h2_unscaled	r_squared_cv
644	1	31953433	31954321	272	11	0.05154017454752	0.856503841545703
