task_id	chrom	start	end	num_snps	boosting_iterations_performed	h2_unscaled	r_squared_cv
4295	7	156251016	156251221	727	11	0.113663426110943	0.967811198252245
