task_id	chrom	start	end	num_snps	boosting_iterations_performed	h2_unscaled	r_squared_cv
2570	4	168153885	168154052	329	18	0.13911950141119	0.896914507801439
