task_id	chrom	start	end	num_snps	boosting_iterations_performed	h2_unscaled	r_squared_cv
2274	3	536351	536673	571	11	0.0912437631699667	0.946576922542692
