task_id	chrom	start	end	num_snps	boosting_iterations_performed	h2_unscaled	r_squared_cv
1695	2	84515744	84515886	220	17	0.0736968171605118	0.768675803042239
