task_id	chrom	start	end	num_snps	boosting_iterations_performed	h2_unscaled	r_squared_cv
1934	3	143910438	143910722	394	11	0.419820649650841	0.902790018518249
