task_id	chrom	start	end	num_snps	boosting_iterations_performed	h2_unscaled	r_squared_cv
4075	6	93767210	93767692	238	11	0.0348859425037839	0.694210943080612
