task_id	chrom	start	end	num_snps	boosting_iterations_performed	h2_unscaled	r_squared_cv
4044	6	684102	685164	650	11	0.0796205479347455	0.973073905549043
