task_id	chrom	start	end	num_snps	boosting_iterations_performed	h2_unscaled	r_squared_cv
2793	4	655275	656059	314	20	0.103727444488197	0.890107042733302
