task_id	chrom	start	end	num_snps	boosting_iterations_performed	h2_unscaled	r_squared_cv
4146	7	1198089	1198567	490	11	0.0432393818469823	0.936848955238766
