task_id	chrom	start	end	num_snps	boosting_iterations_performed	h2_unscaled	r_squared_cv
1985	3	159988240	159988488	291	16	0.0989355362088892	0.864116900512769
