task_id	chrom	start	end	num_snps	boosting_iterations_performed	h2_unscaled	r_squared_cv
1208	2	175431264	175432349	251	14	0.158654438272503	0.834413329507497
