task_id	chrom	start	end	num_snps	boosting_iterations_performed	h2_unscaled	r_squared_cv
1142	2	1567649	1567965	467	15	0.643210687663615	0.918695074112619
