task_id	chrom	start	end	num_snps	boosting_iterations_performed	h2_unscaled	r_squared_cv
366	1	21345921	21346272	333	11	0.116865166437278	0.848780026607958
