task_id	chrom	start	end	num_snps	boosting_iterations_performed	h2_unscaled	r_squared_cv
962	2	10060382	10060526	789	11	0.0965177116190043	0.963675520400194
