task_id	chrom	start	end	num_snps	boosting_iterations_performed	h2_unscaled	r_squared_cv
4225	7	141215428	141216832	245	11	0.413906146813812	0.835405190421306
