task_id	chrom	start	end	num_snps	boosting_iterations_performed	h2_unscaled	r_squared_cv
2297	3	61559722	61560045	389	12	0.128333503613069	0.917159044285515
