task_id	chrom	start	end	num_snps	boosting_iterations_performed	h2_unscaled	r_squared_cv
3211	5	177559395	177559772	282	11	0.10565714632805	0.875454013824352
