task_id	chrom	start	end	num_snps	boosting_iterations_performed	h2_unscaled	r_squared_cv
1525	2	26483613	26484234	344	11	0.101484751824761	0.879946195135967
