task_id	chrom	start	end	num_snps	boosting_iterations_performed	h2_unscaled	r_squared_cv
1440	2	238187930	238189447	451	11	0.161664240019593	0.923723714298389
