task_id	chrom	start	end	num_snps	boosting_iterations_performed	h2_unscaled	r_squared_cv
1534	2	28544164	28544752	378	11	0.0787783731188598	0.920500999082476
