task_id	chrom	start	end	num_snps	boosting_iterations_performed	h2_unscaled	r_squared_cv
3653	6	159125187	159126631	407	11	0.108614862427935	0.935050195708198
