task_id	chrom	start	end	num_snps	boosting_iterations_performed	h2_unscaled	r_squared_cv
3032	5	134241813	134242630	345	19	0.148444211765808	0.894239868078971
