task_id	chrom	start	end	num_snps	boosting_iterations_performed	h2_unscaled	r_squared_cv
2099	3	194002734	194002900	616	11	0.0726836437638844	0.968031999251472
