task_id	chrom	start	end	num_snps	boosting_iterations_performed	h2_unscaled	r_squared_cv
2113	3	195194613	195195673	519	13	0.0787043183657728	0.875746050259665
