task_id	chrom	start	end	num_snps	boosting_iterations_performed	h2_unscaled	r_squared_cv
1380	2	233346900	233347166	495	11	0.0871404217889935	0.867966909930218
