task_id	chrom	start	end	num_snps	boosting_iterations_performed	h2_unscaled	r_squared_cv
2593	4	177441240	177441559	473	16	0.140408917560278	0.9297104762757
