task_id	chrom	start	end	num_snps	boosting_iterations_performed	h2_unscaled	r_squared_cv
1117	2	134705949	134706857	324	16	0.0681166950455781	0.860770486608575
