task_id	chrom	start	end	num_snps	boosting_iterations_performed	h2_unscaled	r_squared_cv
2534	4	153622947	153623365	437	11	0.0598141159046604	0.902836878437094
