task_id	chrom	start	end	num_snps	boosting_iterations_performed	h2_unscaled	r_squared_cv
2453	4	121697737	121697904	369	12	0.152575352177368	0.913585509851261
