task_id	chrom	start	end	num_snps	boosting_iterations_performed	h2_unscaled	r_squared_cv
1383	2	234335703	234335805	647	11	0.113574051065213	0.965240319566018
