task_id	chrom	start	end	num_snps	boosting_iterations_performed	h2_unscaled	r_squared_cv
3378	5	61657134	61657271	280	11	0.111597376113904	0.811937614797675
