task_id	chrom	start	end	num_snps	boosting_iterations_performed	h2_unscaled	r_squared_cv
4317	7	158015676	158015945	576	11	0.112687560887803	0.952301532670305
