task_id	chrom	start	end	num_snps	boosting_iterations_performed	h2_unscaled	r_squared_cv
2838	4	7295258	7295496	984	11	0.0941065456879946	0.983086095706137
