task_id	chrom	start	end	num_snps	boosting_iterations_performed	h2_unscaled	r_squared_cv
2188	3	37694013	37694644	277	11	0.0743340821282419	0.837116959834754
