task_id	chrom	start	end	num_snps	boosting_iterations_performed	h2_unscaled	r_squared_cv
1485	2	240369936	240370252	634	11	0.0591255810555967	0.965927068190052
