task_id	chrom	start	end	num_snps	boosting_iterations_performed	h2_unscaled	r_squared_cv
2543	4	156237128	156237572	394	15	0.117100898709944	0.906996220218514
