task_id	chrom	start	end	num_snps	boosting_iterations_performed	h2_unscaled	r_squared_cv
1843	3	124887799	124887881	408	15	0.0817212429896387	0.872821599999615
