task_id	chrom	start	end	num_snps	boosting_iterations_performed	h2_unscaled	r_squared_cv
3190	5	174171805	174172313	647	15	0.157434222627196	0.967385759448378
