task_id	chrom	start	end	num_snps	boosting_iterations_performed	h2_unscaled	r_squared_cv
3331	5	3993879	3994068	581	18	0.151814316227935	0.961199184465828
