task_id	chrom	start	end	num_snps	boosting_iterations_performed	h2_unscaled	r_squared_cv
2430	4	111397754	111399705	242	14	0.0521110292165942	0.751372296262887
