task_id	chrom	start	end	num_snps	boosting_iterations_performed	h2_unscaled	r_squared_cv
2870	4	79727789	79729504	295	11	0.398724061914154	0.887860114542158
