task_id	chrom	start	end	num_snps	boosting_iterations_performed	h2_unscaled	r_squared_cv
2821	4	69313909	69315972	211	11	0.180989085566861	0.819215919326127
