task_id	chrom	start	end	num_snps	boosting_iterations_performed	h2_unscaled	r_squared_cv
1523	2	26298805	26299633	369	12	0.164157278197905	0.875722973398135
