task_id	chrom	start	end	num_snps	boosting_iterations_performed	h2_unscaled	r_squared_cv
1309	2	219025835	219026630	246	11	0.0549884022769974	0.744205186641002
