task_id	chrom	start	end	num_snps	boosting_iterations_performed	h2_unscaled	r_squared_cv
1438	2	237860501	237861217	571	14	0.104831558810245	0.968772046526397
