task_id	chrom	start	end	num_snps	boosting_iterations_performed	h2_unscaled	r_squared_cv
3301	5	31808624	31809338	746	12	0.0738027683841898	0.97823323782456
