task_id	chrom	start	end	num_snps	boosting_iterations_performed	h2_unscaled	r_squared_cv
1016	2	11175402	11175949	670	12	0.140940119212846	0.974717006161658
