task_id	chrom	start	end	num_snps	boosting_iterations_performed	h2_unscaled	r_squared_cv
2465	4	128553382	128554521	296	11	0.0656532817548968	0.851080059745647
