task_id	chrom	start	end	num_snps	boosting_iterations_performed	h2_unscaled	r_squared_cv
4012	6	44271562	44271771	685	11	0.0368081317236364	0.966458476328505
