task_id	chrom	start	end	num_snps	boosting_iterations_performed	h2_unscaled	r_squared_cv
3418	5	75663444	75664144	274	12	0.0570119343821327	0.744874045257224
