task_id	chrom	start	end	num_snps	boosting_iterations_performed	h2_unscaled	r_squared_cv
2579	4	169993222	169994305	272	11	0.0776321190343651	0.855865988547015
