task_id	chrom	start	end	num_snps	boosting_iterations_performed	h2_unscaled	r_squared_cv
3204	5	176680019	176680207	373	13	0.0867960107822983	0.86598515836847
