task_id	chrom	start	end	num_snps	boosting_iterations_performed	h2_unscaled	r_squared_cv
2036	3	182616788	182618304	290	14	0.122241320250733	0.886094960464176
