task_id	chrom	start	end	num_snps	boosting_iterations_performed	h2_unscaled	r_squared_cv
951	1	9965640	9966365	284	11	0.0717459812327614	0.863574771959275
