task_id	chrom	start	end	num_snps	boosting_iterations_performed	h2_unscaled	r_squared_cv
4042	6	68040277	68041120	257	11	0.161209167234941	0.849727705907833
