task_id	chrom	start	end	num_snps	boosting_iterations_performed	h2_unscaled	r_squared_cv
784	1	52753626	52753875	244	12	0.0872611760288074	0.82256901127206
