task_id	chrom	start	end	num_snps	boosting_iterations_performed	h2_unscaled	r_squared_cv
40	1	109113154	109113371	321	11	0.281616680202829	0.881586533035885
