task_id	chrom	start	end	num_snps	boosting_iterations_performed	h2_unscaled	r_squared_cv
1230	2	186897684	186902739	173	11	0.668873287424147	0.90319236942904
