task_id	chrom	start	end	num_snps	boosting_iterations_performed	h2_unscaled	r_squared_cv
2862	4	78222801	78223218	274	11	0.0556160133177787	0.855996342820583
