task_id	chrom	start	end	num_snps	boosting_iterations_performed	h2_unscaled	r_squared_cv
3906	6	31836109	31836427	225	11	0.390417006577418	0.786911609024052
