task_id	chrom	start	end	num_snps	boosting_iterations_performed	h2_unscaled	r_squared_cv
413	1	22946496	22947479	363	11	0.17571284245767	0.922613982171262
