task_id	chrom	start	end	num_snps	boosting_iterations_performed	h2_unscaled	r_squared_cv
381	1	21851003	21851192	476	11	0.0651672841856573	0.909820791260328
