task_id	chrom	start	end	num_snps	boosting_iterations_performed	h2_unscaled	r_squared_cv
4254	7	150382575	150385519	379	11	0.0674967187558751	0.908315621712922
