task_id	chrom	start	end	num_snps	boosting_iterations_performed	h2_unscaled	r_squared_cv
2283	3	57948250	57949137	222	11	0.0944000275993703	0.788009935116176
