task_id	chrom	start	end	num_snps	boosting_iterations_performed	h2_unscaled	r_squared_cv
2305	3	63562382	63563184	392	11	0.335169298400933	0.908085356372294
