task_id	chrom	start	end	num_snps	boosting_iterations_performed	h2_unscaled	r_squared_cv
3904	6	3153330	3153919	693	11	0.0847133290030312	0.972865005266481
