task_id	chrom	start	end	num_snps	boosting_iterations_performed	h2_unscaled	r_squared_cv
4151	7	123994148	123995386	203	17	0.113954736864385	0.771807438856326
