task_id	chrom	start	end	num_snps	boosting_iterations_performed	h2_unscaled	r_squared_cv
255	1	16689276	16689710	223	17	0.142856683418045	0.820734648836716
