task_id	chrom	start	end	num_snps	boosting_iterations_performed	h2_unscaled	r_squared_cv
3389	5	65525156	65525891	235	15	0.101778751064981	0.797035893023739
