task_id	chrom	start	end	num_snps	boosting_iterations_performed	h2_unscaled	r_squared_cv
481	1	24755591	24756813	450	15	0.114239594946447	0.872017716921365
