task_id	chrom	start	end	num_snps	boosting_iterations_performed	h2_unscaled	r_squared_cv
148	1	148529267	148529337	77	11	0.141754796946471	0.573706382474563
