task_id	chrom	start	end	num_snps	boosting_iterations_performed	h2_unscaled	r_squared_cv
4026	6	5638702	5639270	588	11	0.109572250648105	0.964902778406176
