task_id	chrom	start	end	num_snps	boosting_iterations_performed	h2_unscaled	r_squared_cv
2662	4	189603075	189603829	361	11	0.104558388023335	0.893234578478636
