task_id	chrom	start	end	num_snps	boosting_iterations_performed	h2_unscaled	r_squared_cv
3396	5	669509	670469	409	11	0.131628981206547	0.915616095557049
