task_id	chrom	start	end	num_snps	boosting_iterations_performed	h2_unscaled	r_squared_cv
1305	2	218870936	218871102	235	11	0.168387463576415	0.841098388034337
