task_id	chrom	start	end	num_snps	boosting_iterations_performed	h2_unscaled	r_squared_cv
2451	4	119455803	119456181	258	11	0.0713373821505133	0.803434130786982
