task_id	chrom	start	end	num_snps	boosting_iterations_performed	h2_unscaled	r_squared_cv
1170	2	163348977	163349392	335	11	0.101010634835849	0.882446140765413
