task_id	chrom	start	end	num_snps	boosting_iterations_performed	h2_unscaled	r_squared_cv
4434	7	36406268	36406610	485	17	0.120615565989569	0.932833649140719
