task_id	chrom	start	end	num_snps	boosting_iterations_performed	h2_unscaled	r_squared_cv
3092	5	149062661	149063436	422	11	0.063969200652432	0.831500076817382
