task_id	chrom	start	end	num_snps	boosting_iterations_performed	h2_unscaled	r_squared_cv
917	1	9138087	9138672	591	11	0.13271048842775	0.964789595990104
