task_id	chrom	start	end	num_snps	boosting_iterations_performed	h2_unscaled	r_squared_cv
15	1	10174008	10175909	266	13	0.113379049081326	0.866624632754665
