task_id	chrom	start	end	num_snps	boosting_iterations_performed	h2_unscaled	r_squared_cv
1014	2	11133523	11133716	636	15	0.170895784717609	0.947122557715099
