task_id	chrom	start	end	num_snps	boosting_iterations_performed	h2_unscaled	r_squared_cv
4416	7	32073713	32075158	419	11	0.108610548196169	0.936800111984855
