task_id	chrom	start	end	num_snps	boosting_iterations_performed	h2_unscaled	r_squared_cv
4285	7	155358338	155359147	790	11	0.425119423298209	0.943459126286512
