task_id	chrom	start	end	num_snps	boosting_iterations_performed	h2_unscaled	r_squared_cv
3098	5	149671606	149672020	503	11	0.445374913739693	0.927029205295197
