task_id	chrom	start	end	num_snps	boosting_iterations_performed	h2_unscaled	r_squared_cv
2954	5	109696124	109696390	353	15	0.200369815537076	0.905317517183387
