task_id	chrom	start	end	num_snps	boosting_iterations_performed	h2_unscaled	r_squared_cv
837	1	6738660	6739618	382	11	0.114473432008043	0.876344839986225
