task_id	chrom	start	end	num_snps	boosting_iterations_performed	h2_unscaled	r_squared_cv
1931	3	142225902	142226179	255	16	0.0842388815761101	0.838866386536255
