task_id	chrom	start	end	num_snps	boosting_iterations_performed	h2_unscaled	r_squared_cv
4404	7	2928772	2928993	618	11	0.102035171770823	0.964029886708295
