task_id	chrom	start	end	num_snps	boosting_iterations_performed	h2_unscaled	r_squared_cv
2928	4	98586685	98588276	273	11	0.13015078595314	0.828332483448473
