task_id	chrom	start	end	num_snps	boosting_iterations_performed	h2_unscaled	r_squared_cv
3180	5	172905390	172905889	609	23	0.116966446607729	0.964441506243602
