task_id	chrom	start	end	num_snps	boosting_iterations_performed	h2_unscaled	r_squared_cv
2321	3	6770842	6771992	501	11	0.089072177693975	0.937536902520544
