task_id	chrom	start	end	num_snps	boosting_iterations_performed	h2_unscaled	r_squared_cv
1560	2	36669398	36671079	484	11	0.684895758239493	0.927646768395758
