task_id	chrom	start	end	num_snps	boosting_iterations_performed	h2_unscaled	r_squared_cv
1787	3	111073249	111073712	234	19	0.202598647467736	0.835140556560192
