task_id	chrom	start	end	num_snps	boosting_iterations_performed	h2_unscaled	r_squared_cv
1173	2	163713301	163714984	333	15	0.0943791946716239	0.880960703030067
