task_id	chrom	start	end	num_snps	boosting_iterations_performed	h2_unscaled	r_squared_cv
4413	7	3171837	3172103	509	11	0.123979173466824	0.95673738198485
