task_id	chrom	start	end	num_snps	boosting_iterations_performed	h2_unscaled	r_squared_cv
2194	3	39470132	39474418	287	15	0.221959709384483	0.873437632230569
