task_id	chrom	start	end	num_snps	boosting_iterations_performed	h2_unscaled	r_squared_cv
1740	2	9653217	9654180	511	15	0.0800752455806479	0.91133562154343
