task_id	chrom	start	end	num_snps	boosting_iterations_performed	h2_unscaled	r_squared_cv
3521	6	108114530	108114761	393	11	0.136149665020699	0.908575234872213
