task_id	chrom	start	end	num_snps	boosting_iterations_performed	h2_unscaled	r_squared_cv
3020	5	131618494	131619317	138	11	0.0854898330219554	0.555591367089956
