task_id	chrom	start	end	num_snps	boosting_iterations_performed	h2_unscaled	r_squared_cv
1505	2	241900250	241900598	205	11	0.107785105143764	0.764994177852391
