task_id	chrom	start	end	num_snps	boosting_iterations_performed	h2_unscaled	r_squared_cv
912	1	9063717	9064074	572	11	0.13082182015716	0.963028400048897
