task_id	chrom	start	end	num_snps	boosting_iterations_performed	h2_unscaled	r_squared_cv
4201	7	139434456	139434927	385	11	0.0605304997739245	0.911426399065994
