task_id	chrom	start	end	num_snps	boosting_iterations_performed	h2_unscaled	r_squared_cv
3789	6	25368962	25369971	360	14	0.107094088744801	0.774645584413032
