task_id	chrom	start	end	num_snps	boosting_iterations_performed	h2_unscaled	r_squared_cv
4441	7	37230181	37230702	432	20	0.104857638616978	0.89967061103505
