task_id	chrom	start	end	num_snps	boosting_iterations_performed	h2_unscaled	r_squared_cv
251	1	1649696	1650526	214	11	0.133366806093571	0.810664455538774
