task_id	chrom	start	end	num_snps	boosting_iterations_performed	h2_unscaled	r_squared_cv
836	1	67363091	67366323	355	11	0.0507786046888168	0.881978965732197
