task_id	chrom	start	end	num_snps	boosting_iterations_performed	h2_unscaled	r_squared_cv
2060	3	184679133	184679379	493	11	0.142144758315069	0.955805564616781
