task_id	chrom	start	end	num_snps	boosting_iterations_performed	h2_unscaled	r_squared_cv
3513	6	106574790	106575701	497	14	0.0956651128695543	0.929317118355609
