task_id	chrom	start	end	num_snps	boosting_iterations_performed	h2_unscaled	r_squared_cv
3477	5	92688168	92688426	220	14	0.121029802936764	0.842029707272339
