task_id	chrom	start	end	num_snps	boosting_iterations_performed	h2_unscaled	r_squared_cv
16	1	10190649	10192493	262	12	0.0787496370721138	0.866247316855117
