task_id	chrom	start	end	num_snps	boosting_iterations_performed	h2_unscaled	r_squared_cv
1238	2	190761010	190761486	267	16	0.132061026542695	0.849119018682291
