task_id	chrom	start	end	num_snps	boosting_iterations_performed	h2_unscaled	r_squared_cv
4046	6	7143484	7143816	575	13	0.103490369030897	0.916786577716929
