task_id	chrom	start	end	num_snps	boosting_iterations_performed	h2_unscaled	r_squared_cv
4083	7	100017419	100017605	150	11	0.16412451159769	0.77735185059586
