task_id	chrom	start	end	num_snps	boosting_iterations_performed	h2_unscaled	r_squared_cv
1699	2	85215161	85215540	351	12	0.180043903480197	0.904203477652647
