task_id	chrom	start	end	num_snps	boosting_iterations_performed	h2_unscaled	r_squared_cv
3288	5	2515535	2515907	783	11	0.080240577420742	0.974257804541507
