task_id	chrom	start	end	num_snps	boosting_iterations_performed	h2_unscaled	r_squared_cv
3309	5	33668079	33669292	429	11	0.3473954524267	0.924665504677128
