task_id	chrom	start	end	num_snps	boosting_iterations_performed	h2_unscaled	r_squared_cv
4362	7	23490380	23490816	282	11	0.0712863649051519	0.777686186627883
