task_id	chrom	start	end	num_snps	boosting_iterations_performed	h2_unscaled	r_squared_cv
4290	7	155507516	155508720	894	11	0.0639770997103623	0.984524115911595
