task_id	chrom	start	end	num_snps	boosting_iterations_performed	h2_unscaled	r_squared_cv
2131	3	196711364	196711545	495	11	0.12339587686785	0.928785803907639
