task_id	chrom	start	end	num_snps	boosting_iterations_performed	h2_unscaled	r_squared_cv
4014	6	4460720	4461666	519	12	0.0970953907716022	0.936612971704557
