task_id	chrom	start	end	num_snps	boosting_iterations_performed	h2_unscaled	r_squared_cv
3147	5	16699580	16700442	553	12	0.0709567918718478	0.950324535119978
