task_id	chrom	start	end	num_snps	boosting_iterations_performed	h2_unscaled	r_squared_cv
957	2	10006423	10006900	724	11	0.111904713505009	0.962572962666396
