task_id	chrom	start	end	num_snps	boosting_iterations_performed	h2_unscaled	r_squared_cv
4082	6	99822846	99823631	314	11	0.130619453310823	0.885224954279973
