task_id	chrom	start	end	num_snps	boosting_iterations_performed	h2_unscaled	r_squared_cv
2813	4	68596213	68599153	221	11	0.0879023888643553	0.824835385252267
