task_id	chrom	start	end	num_snps	boosting_iterations_performed	h2_unscaled	r_squared_cv
3300	5	31692643	31693099	763	11	0.0742751309954156	0.974289930247831
