task_id	chrom	start	end	num_snps	boosting_iterations_performed	h2_unscaled	r_squared_cv
2292	3	58342853	58343630	358	11	0.0981165220140222	0.910835138456802
