task_id	chrom	start	end	num_snps	boosting_iterations_performed	h2_unscaled	r_squared_cv
3056	5	139788571	139789123	217	11	0.0317339361206572	0.741292048877763
