task_id	chrom	start	end	num_snps	boosting_iterations_performed	h2_unscaled	r_squared_cv
2788	4	6057208	6057596	956	11	0.097663642459846	0.979699451544902
