task_id	chrom	start	end	num_snps	boosting_iterations_performed	h2_unscaled	r_squared_cv
1080	2	127681685	127681824	228	17	0.123471080161429	0.799827791516393
