task_id	chrom	start	end	num_snps	boosting_iterations_performed	h2_unscaled	r_squared_cv
3297	5	29461036	29462510	276	11	0.104379020711758	0.827275748099184
