task_id	chrom	start	end	num_snps	boosting_iterations_performed	h2_unscaled	r_squared_cv
3852	6	29882878	29885779	183	11	0.324241053363482	0.899475864846061
