task_id	chrom	start	end	num_snps	boosting_iterations_performed	h2_unscaled	r_squared_cv
2865	4	790158	790381	315	11	0.644733280202188	0.863796950321042
