task_id	chrom	start	end	num_snps	boosting_iterations_performed	h2_unscaled	r_squared_cv
4270	7	152761090	152761695	584	13	0.136446536416061	0.961475105115437
