task_id	chrom	start	end	num_snps	boosting_iterations_performed	h2_unscaled	r_squared_cv
2763	4	52052368	52052659	78	16	0.0607355362437834	0.418200216265783
