task_id	chrom	start	end	num_snps	boosting_iterations_performed	h2_unscaled	r_squared_cv
693	1	36260486	36261862	261	15	0.173912157891866	0.880398759058118
