task_id	chrom	start	end	num_snps	boosting_iterations_performed	h2_unscaled	r_squared_cv
1102	2	131352727	131354153	231	11	0.64004579534387	0.871464314504069
