task_id	chrom	start	end	num_snps	boosting_iterations_performed	h2_unscaled	r_squared_cv
4371	7	25565950	25566571	458	11	0.0607417134356941	0.904582160520024
