task_id	chrom	start	end	num_snps	boosting_iterations_performed	h2_unscaled	r_squared_cv
1587	2	43056694	43057639	413	16	0.193537071758643	0.911151016767913
