task_id	chrom	start	end	num_snps	boosting_iterations_performed	h2_unscaled	r_squared_cv
4393	7	2860730	2860930	636	11	0.105576233967614	0.967031413487862
