task_id	chrom	start	end	num_snps	boosting_iterations_performed	h2_unscaled	r_squared_cv
2157	3	23480468	23482556	328	12	0.0403686639306564	0.730851440375682
