task_id	chrom	start	end	num_snps	boosting_iterations_performed	h2_unscaled	r_squared_cv
4463	7	4204329	4205201	592	11	0.640702048109638	0.934260326346963
