task_id	chrom	start	end	num_snps	boosting_iterations_performed	h2_unscaled	r_squared_cv
1283	2	209663051	209663415	162	16	0.0517558729537742	0.632308266947839
