task_id	chrom	start	end	num_snps	boosting_iterations_performed	h2_unscaled	r_squared_cv
4341	7	2069603	2069660	449	11	0.0818319432846418	0.911612117415617
