task_id	chrom	start	end	num_snps	boosting_iterations_performed	h2_unscaled	r_squared_cv
300	1	18784007	18784795	538	12	0.408175391723993	0.914196975056342
