task_id	chrom	start	end	num_snps	boosting_iterations_performed	h2_unscaled	r_squared_cv
1999	3	169813132	169813546	314	12	0.113583528788174	0.841827302290607
