task_id	chrom	start	end	num_snps	boosting_iterations_performed	h2_unscaled	r_squared_cv
3552	6	1222048	1222860	769	11	0.0752728998794369	0.970911862529513
