task_id	chrom	start	end	num_snps	boosting_iterations_performed	h2_unscaled	r_squared_cv
803	1	6202882	6203811	500	11	0.086680848104571	0.931825745536855
