task_id	chrom	start	end	num_snps	boosting_iterations_performed	h2_unscaled	r_squared_cv
4074	6	9335403	9335705	388	14	0.0937122150035429	0.906568851477803
