task_id	chrom	start	end	num_snps	boosting_iterations_performed	h2_unscaled	r_squared_cv
2846	4	7411939	7412268	956	14	0.0987056554514335	0.988235562395592
