task_id	chrom	start	end	num_snps	boosting_iterations_performed	h2_unscaled	r_squared_cv
3560	6	129172433	129173847	327	11	0.55064316645251	0.903500211224117
