task_id	chrom	start	end	num_snps	boosting_iterations_performed	h2_unscaled	r_squared_cv
1989	3	165207983	165210062	203	20	0.101520259163079	0.744446692134514
