task_id	chrom	start	end	num_snps	boosting_iterations_performed	h2_unscaled	r_squared_cv
3220	5	178086427	178086606	560	11	0.0767971882135979	0.947707327926932
