task_id	chrom	start	end	num_snps	boosting_iterations_performed	h2_unscaled	r_squared_cv
1459	2	239195283	239195973	674	12	0.0590600126931929	0.977651447799471
