task_id	chrom	start	end	num_snps	boosting_iterations_performed	h2_unscaled	r_squared_cv
3058	5	140106844	140107015	232	20	0.137780351779137	0.765477167531029
