task_id	chrom	start	end	num_snps	boosting_iterations_performed	h2_unscaled	r_squared_cv
4001	6	41698388	41699170	580	16	0.0632868138361306	0.955091532177395
