task_id	chrom	start	end	num_snps	boosting_iterations_performed	h2_unscaled	r_squared_cv
3643	6	158284187	158285921	313	15	0.0895491692249022	0.892770824282105
