task_id	chrom	start	end	num_snps	boosting_iterations_performed	h2_unscaled	r_squared_cv
4175	7	130141225	130141382	290	11	0.126557119133392	0.876750009189531
