task_id	chrom	start	end	num_snps	boosting_iterations_performed	h2_unscaled	r_squared_cv
3535	6	111730870	111731878	277	17	0.106693714944251	0.848853581672137
