task_id	chrom	start	end	num_snps	boosting_iterations_performed	h2_unscaled	r_squared_cv
591	1	28377299	28378272	230	11	0.124505216418279	0.821768906821452
