task_id	chrom	start	end	num_snps	boosting_iterations_performed	h2_unscaled	r_squared_cv
1619	2	54708194	54708649	318	19	0.16598881780309	0.860474237932962
