task_id	chrom	start	end	num_snps	boosting_iterations_performed	h2_unscaled	r_squared_cv
2349	3	72273558	72275356	643	14	0.105672922584354	0.962500627740235
