task_id	chrom	start	end	num_snps	boosting_iterations_performed	h2_unscaled	r_squared_cv
4022	6	5173979	5175018	572	11	0.0757211604722454	0.939857813830963
