task_id	chrom	start	end	num_snps	boosting_iterations_performed	h2_unscaled	r_squared_cv
3957	6	33190235	33190891	335	12	0.106471765121532	0.862117665126968
