task_id	chrom	start	end	num_snps	boosting_iterations_performed	h2_unscaled	r_squared_cv
2184	3	34043841	34044633	230	11	0.116872779075264	0.834950614091648
