task_id	chrom	start	end	num_snps	boosting_iterations_performed	h2_unscaled	r_squared_cv
2006	3	170953281	170954060	389	24	0.1345988660958	0.900096737248508
