task_id	chrom	start	end	num_snps	boosting_iterations_performed	h2_unscaled	r_squared_cv
457	1	24038591	24040632	425	11	0.086393260186257	0.878002609529582
