task_id	chrom	start	end	num_snps	boosting_iterations_performed	h2_unscaled	r_squared_cv
4114	7	105521071	105521384	402	11	0.638354957571094	0.864591856065687
