task_id	chrom	start	end	num_snps	boosting_iterations_performed	h2_unscaled	r_squared_cv
4157	7	124762663	124764029	187	11	0.0863003530149626	0.705394380548535
