task_id	chrom	start	end	num_snps	boosting_iterations_performed	h2_unscaled	r_squared_cv
2009	3	171771077	171772663	462	14	0.0899522354754251	0.944939586192544
