task_id	chrom	start	end	num_snps	boosting_iterations_performed	h2_unscaled	r_squared_cv
3562	6	129768274	129768591	421	11	0.101518565995084	0.924387488849401
