task_id	chrom	start	end	num_snps	boosting_iterations_performed	h2_unscaled	r_squared_cv
1909	3	13476251	13476724	572	14	0.663156105372637	0.931397514405864
