task_id	chrom	start	end	num_snps	boosting_iterations_performed	h2_unscaled	r_squared_cv
4007	6	43093292	43093849	228	11	0.0751043136541335	0.756227163710176
