task_id	chrom	start	end	num_snps	boosting_iterations_performed	h2_unscaled	r_squared_cv
4212	7	139731198	139733008	386	14	0.0836884310943279	0.894982430887895
