task_id	chrom	start	end	num_snps	boosting_iterations_performed	h2_unscaled	r_squared_cv
2452	4	1194960	1195019	466	11	0.128931496110175	0.915365232684546
