task_id	chrom	start	end	num_snps	boosting_iterations_performed	h2_unscaled	r_squared_cv
3508	6	103622031	103623738	273	13	0.54994308242372	0.866212319764642
