task_id	chrom	start	end	num_snps	boosting_iterations_performed	h2_unscaled	r_squared_cv
2361	3	75395756	75396587	214	11	0.047989285379251	0.733332967594337
