task_id	chrom	start	end	num_snps	boosting_iterations_performed	h2_unscaled	r_squared_cv
1807	3	115071233	115072558	225	20	0.174721783972836	0.816064418271076
