task_id	chrom	start	end	num_snps	boosting_iterations_performed	h2_unscaled	r_squared_cv
1603	2	47653636	47654688	393	12	0.0335165452356033	0.902963072709455
