task_id	chrom	start	end	num_snps	boosting_iterations_performed	h2_unscaled	r_squared_cv
433	1	235700986	235701614	404	19	0.134336638000161	0.905538778946027
