task_id	chrom	start	end	num_snps	boosting_iterations_performed	h2_unscaled	r_squared_cv
3368	5	58455872	58457450	303	12	0.14762167267119	0.882332176349491
