task_id	chrom	start	end	num_snps	boosting_iterations_performed	h2_unscaled	r_squared_cv
3025	5	132738344	132738702	293	14	0.0578156536084041	0.805425655449668
