task_id	chrom	start	end	num_snps	boosting_iterations_performed	h2_unscaled	r_squared_cv
2868	4	7963085	7963592	810	11	0.0920743218063988	0.975010171201356
