task_id	chrom	start	end	num_snps	boosting_iterations_performed	h2_unscaled	r_squared_cv
3219	5	178075273	178075576	565	11	0.129030298824381	0.926921684399477
