task_id	chrom	start	end	num_snps	boosting_iterations_performed	h2_unscaled	r_squared_cv
2154	3	21944421	21945121	514	12	0.0775897960404898	0.949755018405729
