task_id	chrom	start	end	num_snps	boosting_iterations_performed	h2_unscaled	r_squared_cv
4030	6	57173376	57173746	169	11	0.0408841190900811	0.713910067722455
