task_id	chrom	start	end	num_snps	boosting_iterations_performed	h2_unscaled	r_squared_cv
159	1	150182304	150182602	147	11	0.0441141423107845	0.66537642879365
