task_id	chrom	start	end	num_snps	boosting_iterations_performed	h2_unscaled	r_squared_cv
2869	4	7966951	7967244	817	11	0.0869920831346829	0.974040845638321
