task_id	chrom	start	end	num_snps	boosting_iterations_performed	h2_unscaled	r_squared_cv
2714	4	36292592	36292876	300	11	0.0940994085933423	0.881779171539548
