task_id	chrom	start	end	num_snps	boosting_iterations_performed	h2_unscaled	r_squared_cv
4077	6	9551880	9553004	355	14	0.750277380312697	0.917076992098548
