task_id	chrom	start	end	num_snps	boosting_iterations_performed	h2_unscaled	r_squared_cv
1682	2	74435820	74436420	323	19	0.2623237604427	0.759205887021096
