task_id	chrom	start	end	num_snps	boosting_iterations_performed	h2_unscaled	r_squared_cv
2578	4	169775179	169775524	242	11	0.0798068695250904	0.848440999269241
