task_id	chrom	start	end	num_snps	boosting_iterations_performed	h2_unscaled	r_squared_cv
4469	7	44014962	44015938	253	11	0.21218694505112	0.863651723768094
