task_id	chrom	start	end	num_snps	boosting_iterations_performed	h2_unscaled	r_squared_cv
578	1	28007354	28007757	241	11	0.119158485704886	0.801747867518559
