task_id	chrom	start	end	num_snps	boosting_iterations_performed	h2_unscaled	r_squared_cv
3259	5	180966122	180971191	440	19	0.0557449945754437	0.681533439470573
