task_id	chrom	start	end	num_snps	boosting_iterations_performed	h2_unscaled	r_squared_cv
3323	5	37835273	37835446	383	15	0.102460071018872	0.906304404253733
