task_id	chrom	start	end	num_snps	boosting_iterations_performed	h2_unscaled	r_squared_cv
1541	2	3188848	3189459	631	11	0.115013211683649	0.964229533073194
