task_id	chrom	start	end	num_snps	boosting_iterations_performed	h2_unscaled	r_squared_cv
766	1	50418458	50418826	135	15	0.0847587996072848	0.739997118254756
