task_id	chrom	start	end	num_snps	boosting_iterations_performed	h2_unscaled	r_squared_cv
1311	2	219402598	219403269	371	11	0.134184765167155	0.910446401226628
