task_id	chrom	start	end	num_snps	boosting_iterations_performed	h2_unscaled	r_squared_cv
3361	5	56186995	56187505	460	11	0.122377344825773	0.945206188100112
