task_id	chrom	start	end	num_snps	boosting_iterations_performed	h2_unscaled	r_squared_cv
432	1	235103747	235103906	401	14	0.0966033840757485	0.927103190018504
