task_id	chrom	start	end	num_snps	boosting_iterations_performed	h2_unscaled	r_squared_cv
3159	5	169584728	169585003	469	15	0.277636428701329	0.915977258348176
