task_id	chrom	start	end	num_snps	boosting_iterations_performed	h2_unscaled	r_squared_cv
2359	3	73009018	73010315	489	11	0.111898138328062	0.935665971963078
