task_id	chrom	start	end	num_snps	boosting_iterations_performed	h2_unscaled	r_squared_cv
1543	2	32824589	32826093	309	11	0.0867011830519156	0.86440319894422
