task_id	chrom	start	end	num_snps	boosting_iterations_performed	h2_unscaled	r_squared_cv
2057	3	184544237	184545666	510	11	0.149594037471011	0.950973008840491
