task_id	chrom	start	end	num_snps	boosting_iterations_performed	h2_unscaled	r_squared_cv
1876	3	128617319	128617411	242	11	0.126315664361718	0.838947142937342
