task_id	chrom	start	end	num_snps	boosting_iterations_performed	h2_unscaled	r_squared_cv
1880	3	128994549	128994670	228	15	0.111332132730824	0.834287255613486
