task_id	chrom	start	end	num_snps	boosting_iterations_performed	h2_unscaled	r_squared_cv
2110	3	195133650	195133785	537	11	0.0868041232662315	0.831729579633658
