task_id	chrom	start	end	num_snps	boosting_iterations_performed	h2_unscaled	r_squared_cv
4047	6	73299621	73299825	318	11	0.100719458749468	0.900209015352445
