task_id	chrom	start	end	num_snps	boosting_iterations_performed	h2_unscaled	r_squared_cv
3152	5	167723369	167724845	435	11	0.131058251830086	0.936225064916189
