task_id	chrom	start	end	num_snps	boosting_iterations_performed	h2_unscaled	r_squared_cv
4384	7	2701525	2702737	636	11	0.0703181196512655	0.960990099017037
