task_id	chrom	start	end	num_snps	boosting_iterations_performed	h2_unscaled	r_squared_cv
4202	7	139500488	139500614	414	16	0.330323939426564	0.864254267365681
