task_id	chrom	start	end	num_snps	boosting_iterations_performed	h2_unscaled	r_squared_cv
2354	3	72412231	72413573	588	13	0.109488920048434	0.960012499252542
