task_id	chrom	start	end	num_snps	boosting_iterations_performed	h2_unscaled	r_squared_cv
3355	5	54785117	54786758	395	11	0.0936334454789185	0.920866700313094
