task_id	chrom	start	end	num_snps	boosting_iterations_performed	h2_unscaled	r_squared_cv
497	1	25245727	25246004	367	11	0.240157286687764	0.861265509673436
