task_id	chrom	start	end	num_snps	boosting_iterations_performed	h2_unscaled	r_squared_cv
107	1	13698991	13699224	499	11	0.0714993274072171	0.929816026322437
