task_id	chrom	start	end	num_snps	boosting_iterations_performed	h2_unscaled	r_squared_cv
2414	4	101791295	101792365	271	15	0.14333415847212	0.872503332871037
