task_id	chrom	start	end	num_snps	boosting_iterations_performed	h2_unscaled	r_squared_cv
3686	6	163349337	163350560	521	12	0.0952142931697461	0.936703702732607
