task_id	chrom	start	end	num_snps	boosting_iterations_performed	h2_unscaled	r_squared_cv
515	1	26133484	26134837	301	15	0.11800416071459	0.856426991608457
