task_id	chrom	start	end	num_snps	boosting_iterations_performed	h2_unscaled	r_squared_cv
2271	3	52711859	52712749	157	18	0.0494360838670653	0.601171649060045
