task_id	chrom	start	end	num_snps	boosting_iterations_performed	h2_unscaled	r_squared_cv
655	1	32608702	32609307	211	11	0.0545753997639802	0.809603252298763
