task_id	chrom	start	end	num_snps	boosting_iterations_performed	h2_unscaled	r_squared_cv
4449	7	38311704	38311957	428	11	0.10710168640779	0.91899001046212
