task_id	chrom	start	end	num_snps	boosting_iterations_performed	h2_unscaled	r_squared_cv
2753	4	43947925	43950071	222	18	0.625045272841425	0.889787291732932
