task_id	chrom	start	end	num_snps	boosting_iterations_performed	h2_unscaled	r_squared_cv
3149	5	16735961	16736584	567	16	0.083056505278813	0.956661703650095
