task_id	chrom	start	end	num_snps	boosting_iterations_performed	h2_unscaled	r_squared_cv
758	1	46358059	46358470	226	12	0.0957468102018012	0.789567012557441
