task_id	chrom	start	end	num_snps	boosting_iterations_performed	h2_unscaled	r_squared_cv
1600	2	46459697	46460673	522	11	0.0448131827076784	0.936909682509591
