task_id	chrom	start	end	num_snps	boosting_iterations_performed	h2_unscaled	r_squared_cv
3830	6	28692769	28693029	105	13	0.073404575636818	0.537005086577329
