task_id	chrom	start	end	num_snps	boosting_iterations_performed	h2_unscaled	r_squared_cv
4453	7	39130864	39131454	261	11	0.256788571467153	0.833372838548045
