task_id	chrom	start	end	num_snps	boosting_iterations_performed	h2_unscaled	r_squared_cv
3491	5	95823286	95823910	266	12	0.114317146129718	0.837041852623499
