task_id	chrom	start	end	num_snps	boosting_iterations_performed	h2_unscaled	r_squared_cv
2687	4	25621328	25621802	536	16	0.113943669721923	0.89092346432465
