task_id	chrom	start	end	num_snps	boosting_iterations_performed	h2_unscaled	r_squared_cv
4409	7	3028355	3029070	566	11	0.117822345738567	0.95104905623504
