task_id	chrom	start	end	num_snps	boosting_iterations_performed	h2_unscaled	r_squared_cv
3285	5	2338411	2338648	797	11	0.188241701116976	0.959430949052436
