task_id	chrom	start	end	num_snps	boosting_iterations_performed	h2_unscaled	r_squared_cv
284	1	17482349	17482938	504	11	0.121516626459946	0.934928560114489
