task_id	chrom	start	end	num_snps	boosting_iterations_performed	h2_unscaled	r_squared_cv
1013	2	111161873	111162624	276	15	0.141189394851862	0.883880996110124
