task_id	chrom	start	end	num_snps	boosting_iterations_performed	h2_unscaled	r_squared_cv
377	1	21780773	21780902	430	11	0.0998246715390907	0.875770418927812
