task_id	chrom	start	end	num_snps	boosting_iterations_performed	h2_unscaled	r_squared_cv
1952	3	148790758	148792308	380	11	0.125397509227372	0.880624950291037
