task_id	chrom	start	end	num_snps	boosting_iterations_performed	h2_unscaled	r_squared_cv
1566	2	37535887	37536371	436	12	0.105659245615791	0.934667786049572
