task_id	chrom	start	end	num_snps	boosting_iterations_performed	h2_unscaled	r_squared_cv
2054	3	184491665	184491953	530	13	0.152080430414016	0.939387001212462
