task_id	chrom	start	end	num_snps	boosting_iterations_performed	h2_unscaled	r_squared_cv
4363	7	2390070	2391090	406	11	0.110286403726946	0.915387576592473
