task_id	chrom	start	end	num_snps	boosting_iterations_performed	h2_unscaled	r_squared_cv
1853	3	125768796	125769166	257	11	0.122216614328857	0.810023211859502
