task_id	chrom	start	end	num_snps	boosting_iterations_performed	h2_unscaled	r_squared_cv
1387	2	234953377	234955270	751	11	0.0752523684229226	0.975350945532477
