task_id	chrom	start	end	num_snps	boosting_iterations_performed	h2_unscaled	r_squared_cv
2257	3	51955325	51955544	159	16	0.0958251834673117	0.722624284310556
