task_id	chrom	start	end	num_snps	boosting_iterations_performed	h2_unscaled	r_squared_cv
3134	5	160419996	160421054	367	11	0.0538572368059329	0.901107571553492
