task_id	chrom	start	end	num_snps	boosting_iterations_performed	h2_unscaled	r_squared_cv
3439	5	80961697	80963231	425	11	0.17959667530062	0.90798849133404
