task_id	chrom	start	end	num_snps	boosting_iterations_performed	h2_unscaled	r_squared_cv
887	1	86841802	86842447	305	15	0.0965727648701292	0.793421385364797
