task_id	chrom	start	end	num_snps	boosting_iterations_performed	h2_unscaled	r_squared_cv
614	1	29066350	29067659	344	11	0.13951098455826	0.803843858628056
