task_id	chrom	start	end	num_snps	boosting_iterations_performed	h2_unscaled	r_squared_cv
2320	3	66693625	66693873	382	12	0.0785926822047801	0.842300472940657
