task_id	chrom	start	end	num_snps	boosting_iterations_performed	h2_unscaled	r_squared_cv
1216	2	17829827	17830201	312	11	0.128059597472092	0.88721321274144
