task_id	chrom	start	end	num_snps	boosting_iterations_performed	h2_unscaled	r_squared_cv
245	1	16370842	16371866	224	11	0.149552723355848	0.821650924776578
