task_id	chrom	start	end	num_snps	boosting_iterations_performed	h2_unscaled	r_squared_cv
1551	2	34386834	34387756	420	11	0.243301061467815	0.90298410600157
