task_id	chrom	start	end	num_snps	boosting_iterations_performed	h2_unscaled	r_squared_cv
579	1	28083249	28083514	223	11	0.111901469577331	0.841426559063168
