task_id	chrom	start	end	num_snps	boosting_iterations_performed	h2_unscaled	r_squared_cv
643	1	31942025	31942241	273	16	0.140728846850729	0.833891544718301
