task_id	chrom	start	end	num_snps	boosting_iterations_performed	h2_unscaled	r_squared_cv
583	1	28168119	28168338	207	11	0.274965704018594	0.825300279280825
