task_id	chrom	start	end	num_snps	boosting_iterations_performed	h2_unscaled	r_squared_cv
63	1	11665247	11665854	576	11	0.123997008349189	0.962667098116466
