task_id	chrom	start	end	num_snps	boosting_iterations_performed	h2_unscaled	r_squared_cv
247	1	16388724	16389459	222	11	0.123555925059943	0.799393250324493
