task_id	chrom	start	end	num_snps	boosting_iterations_performed	h2_unscaled	r_squared_cv
3622	6	156719896	156720350	416	11	0.115286849020469	0.934554699600991
