task_id	chrom	start	end	num_snps	boosting_iterations_performed	h2_unscaled	r_squared_cv
3584	6	137362920	137363667	397	13	0.0969604333777267	0.925302779876077
