task_id	chrom	start	end	num_snps	boosting_iterations_performed	h2_unscaled	r_squared_cv
3651	6	158769814	158770829	345	11	0.0771075747044459	0.895901715762038
