task_id	chrom	start	end	num_snps	boosting_iterations_performed	h2_unscaled	r_squared_cv
1200	2	172201114	172202761	325	11	0.664963577764807	0.879652246305502
