task_id	chrom	start	end	num_snps	boosting_iterations_performed	h2_unscaled	r_squared_cv
3456	5	85152570	85153387	263	11	0.165945807841358	0.877069003540439
