task_id	chrom	start	end	num_snps	boosting_iterations_performed	h2_unscaled	r_squared_cv
2397	3	97823325	97824196	244	16	0.154050456126447	0.791281985346258
