task_id	chrom	start	end	num_snps	boosting_iterations_performed	h2_unscaled	r_squared_cv
2638	4	185819996	185820606	743	15	0.103663977908652	0.970398706187947
