task_id	chrom	start	end	num_snps	boosting_iterations_performed	h2_unscaled	r_squared_cv
4378	7	2637757	2638662	609	11	0.120913171928445	0.965641815741009
