task_id	chrom	start	end	num_snps	boosting_iterations_performed	h2_unscaled	r_squared_cv
3976	6	3644513	3645259	626	11	0.0605197462509121	0.886780321671497
