task_id	chrom	start	end	num_snps	boosting_iterations_performed	h2_unscaled	r_squared_cv
351	1	20714123	20714468	300	11	0.10133435315831	0.861234616151057
