task_id	chrom	start	end	num_snps	boosting_iterations_performed	h2_unscaled	r_squared_cv
4076	6	93779221	93779712	233	14	0.0442900270938481	0.67199251572366
