task_id	chrom	start	end	num_snps	boosting_iterations_performed	h2_unscaled	r_squared_cv
3332	5	4002070	4003570	569	11	0.589209226773907	0.936772467139555
