task_id	chrom	start	end	num_snps	boosting_iterations_performed	h2_unscaled	r_squared_cv
4221	7	140607583	140607944	332	11	0.0742599195734069	0.834203484749959
