task_id	chrom	start	end	num_snps	boosting_iterations_performed	h2_unscaled	r_squared_cv
2001	3	170040097	170040501	320	11	0.08520092467875	0.853138483906322
