task_id	chrom	start	end	num_snps	boosting_iterations_performed	h2_unscaled	r_squared_cv
2284	3	58058988	58059692	233	11	0.0867566986608161	0.814379581359275
