task_id	chrom	start	end	num_snps	boosting_iterations_performed	h2_unscaled	r_squared_cv
3088	5	147635604	147636107	382	11	0.272035894473473	0.914705182772578
