task_id	chrom	start	end	num_snps	boosting_iterations_performed	h2_unscaled	r_squared_cv
2705	4	32199181	32200100	333	16	0.607323704885343	0.894280388147985
