task_id	chrom	start	end	num_snps	boosting_iterations_performed	h2_unscaled	r_squared_cv
1948	3	147422715	147423145	303	12	0.13022318052002	0.907144304457213
