task_id	chrom	start	end	num_snps	boosting_iterations_performed	h2_unscaled	r_squared_cv
3184	5	17373325	17373721	451	11	0.137371729503938	0.950116142537462
