task_id	chrom	start	end	num_snps	boosting_iterations_performed	h2_unscaled	r_squared_cv
281	1	17464474	17465281	498	12	0.0632712809076561	0.916708654971058
