task_id	chrom	start	end	num_snps	boosting_iterations_performed	h2_unscaled	r_squared_cv
2421	4	105472144	105472828	223	15	0.126393037027492	0.725589895630722
