task_id	chrom	start	end	num_snps	boosting_iterations_performed	h2_unscaled	r_squared_cv
1024	2	11391833	11392114	651	11	0.0659780078902817	0.966889784129325
