task_id	chrom	start	end	num_snps	boosting_iterations_performed	h2_unscaled	r_squared_cv
3179	5	172807366	172807652	564	11	0.08717808600927	0.960008246281322
