task_id	chrom	start	end	num_snps	boosting_iterations_performed	h2_unscaled	r_squared_cv
629	1	31090082	31090633	393	13	0.0520594390808549	0.821872573488966
