task_id	chrom	start	end	num_snps	boosting_iterations_performed	h2_unscaled	r_squared_cv
1054	2	122623035	122624454	306	14	0.237598330843858	0.815014935419133
