task_id	chrom	start	end	num_snps	boosting_iterations_performed	h2_unscaled	r_squared_cv
659	1	32726932	32727742	220	11	0.0606014671946314	0.761016480135951
