task_id	chrom	start	end	num_snps	boosting_iterations_performed	h2_unscaled	r_squared_cv
192	1	156455790	156456225	420	11	0.107123896399325	0.899652477753045
