task_id	chrom	start	end	num_snps	boosting_iterations_performed	h2_unscaled	r_squared_cv
301	1	1903817	1904165	281	11	0.0935705946799277	0.832796254530147
