task_id	chrom	start	end	num_snps	boosting_iterations_performed	h2_unscaled	r_squared_cv
1482	2	240251649	240252011	674	11	0.0913758885237306	0.962635788243411
