task_id	chrom	start	end	num_snps	boosting_iterations_performed	h2_unscaled	r_squared_cv
4132	7	1158886	1159421	492	11	0.532152922534801	0.917647231663569
