task_id	chrom	start	end	num_snps	boosting_iterations_performed	h2_unscaled	r_squared_cv
3087	5	14727933	14728877	390	11	0.0691201098997709	0.881177067407448
