task_id	chrom	start	end	num_snps	boosting_iterations_performed	h2_unscaled	r_squared_cv
3345	5	4905946	4906464	619	11	0.065201268255932	0.954859097161651
