task_id	chrom	start	end	num_snps	boosting_iterations_performed	h2_unscaled	r_squared_cv
2889	4	8393223	8394073	604	11	0.0893896899929077	0.945774922984873
