task_id	chrom	start	end	num_snps	boosting_iterations_performed	h2_unscaled	r_squared_cv
1400	2	23550307	23551000	337	11	0.0904990075260546	0.904144589582595
