task_id	chrom	start	end	num_snps	boosting_iterations_performed	h2_unscaled	r_squared_cv
3695	6	163447604	163449066	551	16	0.0651409786121996	0.951542420441675
