task_id	chrom	start	end	num_snps	boosting_iterations_performed	h2_unscaled	r_squared_cv
1044	2	120742434	120742574	601	11	0.0640337764070878	0.948677327944629
