task_id	chrom	start	end	num_snps	boosting_iterations_performed	h2_unscaled	r_squared_cv
1169	2	16293385	16293832	560	11	0.122237285819736	0.971728171269947
