task_id	chrom	start	end	num_snps	boosting_iterations_performed	h2_unscaled	r_squared_cv
3224	5	178346482	178346822	670	12	0.120995943543977	0.964519186938545
