task_id	chrom	start	end	num_snps	boosting_iterations_performed	h2_unscaled	r_squared_cv
1806	3	114847016	114848807	226	16	0.0948513036394441	0.820157288445869
