task_id	chrom	start	end	num_snps	boosting_iterations_performed	h2_unscaled	r_squared_cv
3842	6	29009598	29010706	122	11	0.0491913355640415	0.643866463298338
