task_id	chrom	start	end	num_snps	boosting_iterations_performed	h2_unscaled	r_squared_cv
2648	4	187124390	187124639	585	15	0.164311476876832	0.972879877488446
