task_id	chrom	start	end	num_snps	boosting_iterations_performed	h2_unscaled	r_squared_cv
1152	2	1592161	1592289	482	11	0.0706182998179634	0.928086902163227
