task_id	chrom	start	end	num_snps	boosting_iterations_performed	h2_unscaled	r_squared_cv
1190	2	170151657	170152504	478	19	0.710429640654136	0.919834170396321
