task_id	chrom	start	end	num_snps	boosting_iterations_performed	h2_unscaled	r_squared_cv
1883	3	129245836	129246421	195	15	0.0936814280037819	0.77690796823278
