task_id	chrom	start	end	num_snps	boosting_iterations_performed	h2_unscaled	r_squared_cv
4130	7	115707264	115708189	230	11	0.14470960440422	0.840198877871286
