task_id	chrom	start	end	num_snps	boosting_iterations_performed	h2_unscaled	r_squared_cv
4361	7	23230555	23231570	295	11	0.185352318384817	0.875430362231857
