task_id	chrom	start	end	num_snps	boosting_iterations_performed	h2_unscaled	r_squared_cv
2740	4	41146351	41147637	472	11	0.121893190464385	0.947711312873925
