task_id	chrom	start	end	num_snps	boosting_iterations_performed	h2_unscaled	r_squared_cv
939	1	9805632	9805798	392	16	0.0681831770079975	0.866854647571812
