task_id	chrom	start	end	num_snps	boosting_iterations_performed	h2_unscaled	r_squared_cv
2876	4	8071400	8071635	759	11	0.108663599746449	0.970658919912102
