task_id	chrom	start	end	num_snps	boosting_iterations_performed	h2_unscaled	r_squared_cv
2049	3	183823681	183824439	350	11	0.164945114636073	0.917003131705602
