task_id	chrom	start	end	num_snps	boosting_iterations_performed	h2_unscaled	r_squared_cv
158	1	150151257	150151588	136	11	0.130261318946318	0.731007156693595
