task_id	chrom	start	end	num_snps	boosting_iterations_performed	h2_unscaled	r_squared_cv
3069	5	142409022	142409555	520	11	0.0755437359986081	0.943171402055431
