task_id	chrom	start	end	num_snps	boosting_iterations_performed	h2_unscaled	r_squared_cv
938	1	9804028	9804189	396	12	0.0849017836260837	0.914775608648785
