task_id	chrom	start	end	num_snps	boosting_iterations_performed	h2_unscaled	r_squared_cv
3458	5	87943546	87944901	143	16	0.0844590167562055	0.69081902885461
