task_id	chrom	start	end	num_snps	boosting_iterations_performed	h2_unscaled	r_squared_cv
1174	2	163943505	163944071	319	11	0.16219265174324	0.879891169588366
