task_id	chrom	start	end	num_snps	boosting_iterations_performed	h2_unscaled	r_squared_cv
1219	2	179211503	179212831	343	11	0.190306896500968	0.88485516624992
