task_id	chrom	start	end	num_snps	boosting_iterations_performed	h2_unscaled	r_squared_cv
3089	5	147661826	147662402	388	16	0.158817721980819	0.92526068598214
