task_id	chrom	start	end	num_snps	boosting_iterations_performed	h2_unscaled	r_squared_cv
4460	7	41484001	41485659	354	16	0.362241291745638	0.883099955011559
