task_id	chrom	start	end	num_snps	boosting_iterations_performed	h2_unscaled	r_squared_cv
1526	2	2649037	2649170	652	17	0.12029009142206	0.972591880677279
