task_id	chrom	start	end	num_snps	boosting_iterations_performed	h2_unscaled	r_squared_cv
3404	5	72241773	72243839	325	12	0.0813028438941229	0.882839311524707
