task_id	chrom	start	end	num_snps	boosting_iterations_performed	h2_unscaled	r_squared_cv
2162	3	23763030	23763453	401	21	0.0926937978920233	0.891967375105733
