task_id	chrom	start	end	num_snps	boosting_iterations_performed	h2_unscaled	r_squared_cv
1452	2	239086980	239087193	673	15	0.136686207242297	0.968490950011497
