task_id	chrom	start	end	num_snps	boosting_iterations_performed	h2_unscaled	r_squared_cv
966	2	101437483	101438960	310	11	0.681534172016643	0.897992342172544
