task_id	chrom	start	end	num_snps	boosting_iterations_performed	h2_unscaled	r_squared_cv
3538	6	112044349	112044642	326	11	0.133550133672449	0.876636770238616
