task_id	chrom	start	end	num_snps	boosting_iterations_performed	h2_unscaled	r_squared_cv
3897	6	31333274	31335501	238	12	0.665776352825107	0.896416257862389
