task_id	chrom	start	end	num_snps	boosting_iterations_performed	h2_unscaled	r_squared_cv
1158	2	160406076	160406445	219	16	0.146188942873423	0.750779852595904
