task_id	chrom	start	end	num_snps	boosting_iterations_performed	h2_unscaled	r_squared_cv
1609	2	4845216	4846784	437	21	0.0995076881421668	0.94137645529418
