task_id	chrom	start	end	num_snps	boosting_iterations_performed	h2_unscaled	r_squared_cv
3093	5	149141127	149141331	437	11	0.0958503831793711	0.92056764613083
