task_id	chrom	start	end	num_snps	boosting_iterations_performed	h2_unscaled	r_squared_cv
3813	6	27541185	27541505	115	11	0.0780972657612355	0.568718051568562
