task_id	chrom	start	end	num_snps	boosting_iterations_performed	h2_unscaled	r_squared_cv
619	1	2949413	2950018	566	11	0.101389948223636	0.957335981233473
