task_id	chrom	start	end	num_snps	boosting_iterations_performed	h2_unscaled	r_squared_cv
225	1	16136294	16137027	290	11	0.124874202585367	0.870264923578714
