task_id	chrom	start	end	num_snps	boosting_iterations_performed	h2_unscaled	r_squared_cv
4115	7	105643522	105643664	441	13	0.107774822320046	0.919349261277464
