task_id	chrom	start	end	num_snps	boosting_iterations_performed	h2_unscaled	r_squared_cv
3182	5	173554691	173557483	546	13	0.122446023974637	0.948090837780613
