task_id	chrom	start	end	num_snps	boosting_iterations_performed	h2_unscaled	r_squared_cv
385	1	219697824	219698992	263	12	0.121663503041241	0.849209923329221
