task_id	chrom	start	end	num_snps	boosting_iterations_performed	h2_unscaled	r_squared_cv
2558	4	163331266	163331460	378	16	0.165364157722304	0.911844867835877
