task_id	chrom	start	end	num_snps	boosting_iterations_performed	h2_unscaled	r_squared_cv
4061	6	7975306	7976005	500	11	0.126354905214621	0.947817365791502
