task_id	chrom	start	end	num_snps	boosting_iterations_performed	h2_unscaled	r_squared_cv
2109	3	195119637	195120182	559	17	0.149598780352238	0.957650110204417
