task_id	chrom	start	end	num_snps	boosting_iterations_performed	h2_unscaled	r_squared_cv
4239	7	149146570	149146841	370	11	0.0959110282431809	0.908829945328893
