task_id	chrom	start	end	num_snps	boosting_iterations_performed	h2_unscaled	r_squared_cv
2596	4	180639648	180640362	542	11	0.373833276230205	0.925211696039804
