task_id	chrom	start	end	num_snps	boosting_iterations_performed	h2_unscaled	r_squared_cv
4298	7	156577890	156579543	497	14	0.0527736558168983	0.918327999396518
