task_id	chrom	start	end	num_snps	boosting_iterations_performed	h2_unscaled	r_squared_cv
672	1	35013836	35016197	323	12	0.0621687679364951	0.899234407060612
