task_id	chrom	start	end	num_snps	boosting_iterations_performed	h2_unscaled	r_squared_cv
853	1	75536728	75536788	209	11	0.0748973482902711	0.681985366868152
