task_id	chrom	start	end	num_snps	boosting_iterations_performed	h2_unscaled	r_squared_cv
2584	4	173495039	173495192	407	11	0.0889168399451591	0.888566207344678
