task_id	chrom	start	end	num_snps	boosting_iterations_performed	h2_unscaled	r_squared_cv
3682	6	163314157	163315921	512	14	0.110866341484066	0.939688145097397
