task_id	chrom	start	end	num_snps	boosting_iterations_performed	h2_unscaled	r_squared_cv
2360	3	73999916	74000685	496	17	0.0929315673436899	0.923515424377507
