task_id	chrom	start	end	num_snps	boosting_iterations_performed	h2_unscaled	r_squared_cv
4271	7	152840373	152840504	632	15	0.0674710330298872	0.953891505088444
