task_id	chrom	start	end	num_snps	boosting_iterations_performed	h2_unscaled	r_squared_cv
114	1	1432395	1432520	165	11	0.11705298736602	0.75350039615484
