task_id	chrom	start	end	num_snps	boosting_iterations_performed	h2_unscaled	r_squared_cv
1061	2	127067181	127067648	399	16	0.0920657714848968	0.930154536847064
