task_id	chrom	start	end	num_snps	boosting_iterations_performed	h2_unscaled	r_squared_cv
1793	3	112640439	112641599	289	11	0.101469697666065	0.874045597115456
