task_id	chrom	start	end	num_snps	boosting_iterations_performed	h2_unscaled	r_squared_cv
4085	7	100170396	100171135	180	11	0.0846743399989144	0.706849605481494
