task_id	chrom	start	end	num_snps	boosting_iterations_performed	h2_unscaled	r_squared_cv
1746	2	96909549	96909786	123	13	0.101543908592588	0.655973585289681
