task_id	chrom	start	end	num_snps	boosting_iterations_performed	h2_unscaled	r_squared_cv
1854	3	125953330	125953448	354	11	0.243541979034167	0.83814717438083
