task_id	chrom	start	end	num_snps	boosting_iterations_performed	h2_unscaled	r_squared_cv
1734	2	95649365	95649552	92	13	0.0768695681978279	0.515284868406173
