task_id	chrom	start	end	num_snps	boosting_iterations_performed	h2_unscaled	r_squared_cv
2522	4	152989841	152990563	437	11	0.672034105361993	0.909256452175835
