task_id	chrom	start	end	num_snps	boosting_iterations_performed	h2_unscaled	r_squared_cv
302	1	19045321	19045684	475	12	0.163386380510769	0.957938563420901
