task_id	chrom	start	end	num_snps	boosting_iterations_performed	h2_unscaled	r_squared_cv
646	1	32017182	32018226	262	11	0.0912123314851884	0.84100951326006
