task_id	chrom	start	end	num_snps	boosting_iterations_performed	h2_unscaled	r_squared_cv
48	1	11078775	11079462	547	15	0.129146381197389	0.943912517852981
