task_id	chrom	start	end	num_snps	boosting_iterations_performed	h2_unscaled	r_squared_cv
99	1	1351411	1351631	158	21	0.400966795960897	0.798277399218314
