task_id	chrom	start	end	num_snps	boosting_iterations_performed	h2_unscaled	r_squared_cv
447	1	23781016	23782193	372	12	0.0751217243727779	0.908861158664739
