task_id	chrom	start	end	num_snps	boosting_iterations_performed	h2_unscaled	r_squared_cv
262	1	16861860	16861959	340	12	0.0998494712814527	0.907025213561084
