task_id	chrom	start	end	num_snps	boosting_iterations_performed	h2_unscaled	r_squared_cv
3101	5	150458482	150458580	431	11	0.164850384215342	0.911519029023291
