task_id	chrom	start	end	num_snps	boosting_iterations_performed	h2_unscaled	r_squared_cv
2874	4	80203628	80203945	260	14	0.121500488671822	0.855363454140413
