task_id	chrom	start	end	num_snps	boosting_iterations_performed	h2_unscaled	r_squared_cv
3549	6	1204990	1205146	745	11	0.0844537627778253	0.909074569862743
