task_id	chrom	start	end	num_snps	boosting_iterations_performed	h2_unscaled	r_squared_cv
2485	4	140920741	140922814	411	12	0.546169185031396	0.926200029779067
