task_id	chrom	start	end	num_snps	boosting_iterations_performed	h2_unscaled	r_squared_cv
3112	5	154071900	154072650	293	12	0.0950011776886683	0.834407842561034
