task_id	chrom	start	end	num_snps	boosting_iterations_performed	h2_unscaled	r_squared_cv
1634	2	63047280	63048053	113	11	0.158306804991951	0.647000408935333
