task_id	chrom	start	end	num_snps	boosting_iterations_performed	h2_unscaled	r_squared_cv
124	1	1443436	1443619	173	11	0.111585453113612	0.759475681486298
