task_id	chrom	start	end	num_snps	boosting_iterations_performed	h2_unscaled	r_squared_cv
315	1	195855707	195856824	282	13	0.721004804195583	0.911274432134547
