task_id	chrom	start	end	num_snps	boosting_iterations_performed	h2_unscaled	r_squared_cv
864	1	7823005	7823818	602	12	0.0945939274936817	0.96472305512322
