task_id	chrom	start	end	num_snps	boosting_iterations_performed	h2_unscaled	r_squared_cv
398	1	22427110	22427569	494	11	0.143339258505082	0.951676404262681
