task_id	chrom	start	end	num_snps	boosting_iterations_performed	h2_unscaled	r_squared_cv
407	1	228626622	228626720	367	13	0.085602378256679	0.897493233856664
