task_id	chrom	start	end	num_snps	boosting_iterations_performed	h2_unscaled	r_squared_cv
372	1	21738118	21738349	420	14	0.134572859805258	0.915027717506452
