task_id	chrom	start	end	num_snps	boosting_iterations_performed	h2_unscaled	r_squared_cv
2792	4	651016	652070	313	12	0.124999105586439	0.882188183753274
