task_id	chrom	start	end	num_snps	boosting_iterations_performed	h2_unscaled	r_squared_cv
2141	3	197353937	197354809	429	11	0.11024492249022	0.911437234433921
