task_id	chrom	start	end	num_snps	boosting_iterations_performed	h2_unscaled	r_squared_cv
4186	7	132825642	132826635	312	14	0.112635527658586	0.846748842615442
