task_id	chrom	start	end	num_snps	boosting_iterations_performed	h2_unscaled	r_squared_cv
414	1	22990989	22994525	372	11	0.13656977694443	0.919720409851789
