task_id	chrom	start	end	num_snps	boosting_iterations_performed	h2_unscaled	r_squared_cv
1644	2	66305733	66306076	384	11	0.0907096484667426	0.930423487036134
