task_id	chrom	start	end	num_snps	boosting_iterations_performed	h2_unscaled	r_squared_cv
2681	4	24469196	24469671	441	12	0.0924447362063376	0.929855926509285
