task_id	chrom	start	end	num_snps	boosting_iterations_performed	h2_unscaled	r_squared_cv
2940	5	10306769	10307066	582	11	0.104784582227695	0.962305244758876
