task_id	chrom	start	end	num_snps	boosting_iterations_performed	h2_unscaled	r_squared_cv
1077	2	127591324	127591650	287	11	0.0399771494748361	0.81681568097916
