task_id	chrom	start	end	num_snps	boosting_iterations_performed	h2_unscaled	r_squared_cv
2125	3	195900245	195901305	408	11	0.112631812083855	0.899429252437678
