task_id	chrom	start	end	num_snps	boosting_iterations_performed	h2_unscaled	r_squared_cv
1795	3	113276412	113276983	288	11	0.136011441582322	0.856746130878751
