task_id	chrom	start	end	num_snps	boosting_iterations_performed	h2_unscaled	r_squared_cv
4159	7	124948495	124950957	202	11	0.495216482908366	0.888919842316605
