task_id	chrom	start	end	num_snps	boosting_iterations_performed	h2_unscaled	r_squared_cv
4133	7	1160965	1161572	494	12	0.678858895210249	0.922926339051024
