task_id	chrom	start	end	num_snps	boosting_iterations_performed	h2_unscaled	r_squared_cv
137	1	146932524	146934263	95	11	0.0646653785129886	0.563592286027602
