task_id	chrom	start	end	num_snps	boosting_iterations_performed	h2_unscaled	r_squared_cv
1739	2	96394174	96394850	129	16	0.0956459086084336	0.668672187065514
