task_id	chrom	start	end	num_snps	boosting_iterations_performed	h2_unscaled	r_squared_cv
3279	5	2168715	2168805	774	11	0.041106548044811	0.975683565286601
