task_id	chrom	start	end	num_snps	boosting_iterations_performed	h2_unscaled	r_squared_cv
3794	6	26253470	26253877	148	11	0.0834638046266007	0.660329764179298
