task_id	chrom	start	end	num_snps	boosting_iterations_performed	h2_unscaled	r_squared_cv
4171	7	128989978	128990788	276	13	0.154112980940922	0.868993852614457
