task_id	chrom	start	end	num_snps	boosting_iterations_performed	h2_unscaled	r_squared_cv
3512	6	105850919	105851780	443	16	0.159685582164677	0.941050059292019
