task_id	chrom	start	end	num_snps	boosting_iterations_performed	h2_unscaled	r_squared_cv
3042	5	137496891	137497699	266	11	0.150588624752837	0.847720904565749
