task_id	chrom	start	end	num_snps	boosting_iterations_performed	h2_unscaled	r_squared_cv
440	1	23685602	23686699	333	11	0.141818994016665	0.912025131853934
