task_id	chrom	start	end	num_snps	boosting_iterations_performed	h2_unscaled	r_squared_cv
1340	2	227717281	227717479	467	16	0.044590016315755	0.925039233193522
