task_id	chrom	start	end	num_snps	boosting_iterations_performed	h2_unscaled	r_squared_cv
2037	3	183115490	183115954	401	11	0.0837320495748411	0.941588160848383
