task_id	chrom	start	end	num_snps	boosting_iterations_performed	h2_unscaled	r_squared_cv
4257	7	150955697	150955804	574	11	0.0559438550518547	0.966188188168226
