task_id	chrom	start	end	num_snps	boosting_iterations_performed	h2_unscaled	r_squared_cv
1667	2	71389290	71389925	539	11	0.10839737309344	0.95402203856555
