task_id	chrom	start	end	num_snps	boosting_iterations_performed	h2_unscaled	r_squared_cv
4091	7	101143462	101144100	368	15	0.114757291605138	0.901050786852261
