task_id	chrom	start	end	num_snps	boosting_iterations_performed	h2_unscaled	r_squared_cv
1940	3	14651053	14651215	531	11	0.05748759680391	0.930216689618567
