task_id	chrom	start	end	num_snps	boosting_iterations_performed	h2_unscaled	r_squared_cv
3496	5	96661135	96661368	314	13	0.106646005514786	0.850651037660688
