task_id	chrom	start	end	num_snps	boosting_iterations_performed	h2_unscaled	r_squared_cv
4303	7	157273396	157273956	460	11	0.728683502736859	0.89482571381798
