task_id	chrom	start	end	num_snps	boosting_iterations_performed	h2_unscaled	r_squared_cv
3656	6	160679524	160679826	292	11	0.158161313942374	0.854394032499903
