task_id	chrom	start	end	num_snps	boosting_iterations_performed	h2_unscaled	r_squared_cv
628	1	31048619	31050257	391	20	0.0379707644031994	0.864279217705348
