task_id	chrom	start	end	num_snps	boosting_iterations_performed	h2_unscaled	r_squared_cv
1782	3	107800966	107801619	297	11	0.061447522487373	0.852315437238541
