task_id	chrom	start	end	num_snps	boosting_iterations_performed	h2_unscaled	r_squared_cv
2550	4	158171464	158172320	240	17	0.0699550201645363	0.834118035565949
