task_id	chrom	start	end	num_snps	boosting_iterations_performed	h2_unscaled	r_squared_cv
4359	7	22821341	22821735	322	11	0.219214184470099	0.916286897893123
