task_id	chrom	start	end	num_snps	boosting_iterations_performed	h2_unscaled	r_squared_cv
3196	5	175176730	175177639	723	11	0.656615365290922	0.94953959640329
