task_id	chrom	start	end	num_snps	boosting_iterations_performed	h2_unscaled	r_squared_cv
4129	7	115475756	115476633	253	11	0.0900517682160403	0.856057562766301
