task_id	chrom	start	end	num_snps	boosting_iterations_performed	h2_unscaled	r_squared_cv
216	1	15911208	15914692	304	11	0.18814926466035	0.889513491267548
