task_id	chrom	start	end	num_snps	boosting_iterations_performed	h2_unscaled	r_squared_cv
4087	7	100450110	100450258	202	11	0.164704050055999	0.791897739991052
