task_id	chrom	start	end	num_snps	boosting_iterations_performed	h2_unscaled	r_squared_cv
450	1	23877699	23878630	399	13	0.0731722860618264	0.885925809518432
