task_id	chrom	start	end	num_snps	boosting_iterations_performed	h2_unscaled	r_squared_cv
4267	7	152465541	152465744	432	16	0.0714314683113493	0.918421781833601
