task_id	chrom	start	end	num_snps	boosting_iterations_performed	h2_unscaled	r_squared_cv
3680	6	163259845	163260416	499	11	0.385842318848599	0.906960085014317
