task_id	chrom	start	end	num_snps	boosting_iterations_performed	h2_unscaled	r_squared_cv
729	1	42519795	42521230	268	11	0.0743987741098035	0.800775625014078
