task_id	chrom	start	end	num_snps	boosting_iterations_performed	h2_unscaled	r_squared_cv
522	1	26406595	26407007	253	11	0.123893991988027	0.839875520311199
