task_id	chrom	start	end	num_snps	boosting_iterations_performed	h2_unscaled	r_squared_cv
1323	2	224367171	224367887	288	11	0.645053932201596	0.899624235447983
