task_id	chrom	start	end	num_snps	boosting_iterations_performed	h2_unscaled	r_squared_cv
3194	5	174691568	174692128	707	15	0.12789974752409	0.968094948239642
