task_id	chrom	start	end	num_snps	boosting_iterations_performed	h2_unscaled	r_squared_cv
1432	2	237336208	237336484	547	11	0.0740444298526781	0.952142912611005
