task_id	chrom	start	end	num_snps	boosting_iterations_performed	h2_unscaled	r_squared_cv
3970	6	35418310	35418659	232	11	0.0805428506843971	0.761474227472278
