task_id	chrom	start	end	num_snps	boosting_iterations_performed	h2_unscaled	r_squared_cv
2777	4	56692260	56692900	483	11	0.0777839568247441	0.936010438743037
