task_id	chrom	start	end	num_snps	boosting_iterations_performed	h2_unscaled	r_squared_cv
2735	4	40845739	40846590	593	11	0.05173119447011	0.943120824159328
