task_id	chrom	start	end	num_snps	boosting_iterations_performed	h2_unscaled	r_squared_cv
1745	2	96895480	96896546	127	13	0.077913266013608	0.603353851756214
