task_id	chrom	start	end	num_snps	boosting_iterations_performed	h2_unscaled	r_squared_cv
142	1	148127705	148127906	187	16	0.119537534248508	0.703402091106028
