task_id	chrom	start	end	num_snps	boosting_iterations_performed	h2_unscaled	r_squared_cv
483	1	24785579	24786103	436	17	0.0890848032150701	0.847508791115033
