task_id	chrom	start	end	num_snps	boosting_iterations_performed	h2_unscaled	r_squared_cv
4336	7	1920564	1920749	425	11	0.111564530643472	0.904757408499982
