task_id	chrom	start	end	num_snps	boosting_iterations_performed	h2_unscaled	r_squared_cv
2832	4	7165059	7165280	992	11	0.0967211997966668	0.978751673517911
