task_id	chrom	start	end	num_snps	boosting_iterations_performed	h2_unscaled	r_squared_cv
3989	6	39714326	39716417	383	16	0.108116799858553	0.906173341471889
