task_id	chrom	start	end	num_snps	boosting_iterations_performed	h2_unscaled	r_squared_cv
763	1	47983819	47983870	345	15	0.0890167405077874	0.845538463222545
