task_id	chrom	start	end	num_snps	boosting_iterations_performed	h2_unscaled	r_squared_cv
1087	2	128813643	128814038	448	11	0.355169507653952	0.886970754795409
