task_id	chrom	start	end	num_snps	boosting_iterations_performed	h2_unscaled	r_squared_cv
1973	3	15654664	15655762	273	16	0.153187033577882	0.852373251671737
