task_id	chrom	start	end	num_snps	boosting_iterations_performed	h2_unscaled	r_squared_cv
4035	6	63615932	63616936	178	11	0.0633587197592838	0.692280977588947
