task_id	chrom	start	end	num_snps	boosting_iterations_performed	h2_unscaled	r_squared_cv
2281	3	57195995	57197276	287	16	0.102197628850014	0.880726039506176
