task_id	chrom	start	end	num_snps	boosting_iterations_performed	h2_unscaled	r_squared_cv
3678	6	163247323	163248402	496	11	0.223142477817895	0.937900846818467
