task_id	chrom	start	end	num_snps	boosting_iterations_performed	h2_unscaled	r_squared_cv
2781	4	57294842	57295790	392	12	0.420079915663479	0.889327019020633
