task_id	chrom	start	end	num_snps	boosting_iterations_performed	h2_unscaled	r_squared_cv
2350	3	72334818	72335787	596	11	0.0750683447839726	0.953681655900692
