task_id	chrom	start	end	num_snps	boosting_iterations_performed	h2_unscaled	r_squared_cv
726	1	41776479	41777126	308	13	0.0986718608941866	0.895985234772138
