task_id	chrom	start	end	num_snps	boosting_iterations_performed	h2_unscaled	r_squared_cv
2425	4	108610923	108612630	342	11	0.0735605242016549	0.919704280917399
