task_id	chrom	start	end	num_snps	boosting_iterations_performed	h2_unscaled	r_squared_cv
4124	7	111242319	111242668	188	11	0.0525673956863318	0.681145919357584
