task_id	chrom	start	end	num_snps	boosting_iterations_performed	h2_unscaled	r_squared_cv
1606	2	48331643	48332743	264	16	0.0808030870380894	0.732494287955397
