task_id	chrom	start	end	num_snps	boosting_iterations_performed	h2_unscaled	r_squared_cv
1012	2	110858289	110859334	194	11	0.189614648788387	0.833533393027427
