task_id	chrom	start	end	num_snps	boosting_iterations_performed	h2_unscaled	r_squared_cv
1011	2	110211366	110213540	82	11	0.1892925914343	0.675084619362374
