task_id	chrom	start	end	num_snps	boosting_iterations_performed	h2_unscaled	r_squared_cv
4326	7	16831393	16831606	538	12	0.563790157515035	0.899987126453713
