task_id	chrom	start	end	num_snps	boosting_iterations_performed	h2_unscaled	r_squared_cv
1690	2	80083324	80084996	537	11	0.251685467883827	0.922131228153254
