task_id	chrom	start	end	num_snps	boosting_iterations_performed	h2_unscaled	r_squared_cv
229	1	161613082	161613311	290	11	0.0948189669787398	0.87805586699294
