task_id	chrom	start	end	num_snps	boosting_iterations_performed	h2_unscaled	r_squared_cv
4066	6	88143625	88143988	466	13	0.0414835986528067	0.845080165857836
