task_id	chrom	start	end	num_snps	boosting_iterations_performed	h2_unscaled	r_squared_cv
1976	3	157129871	157130134	242	17	0.0721353019536772	0.789570834800329
