task_id	chrom	start	end	num_snps	boosting_iterations_performed	h2_unscaled	r_squared_cv
3047	5	138386330	138386614	180	13	0.245162607655034	0.787133143118915
