task_id	chrom	start	end	num_snps	boosting_iterations_performed	h2_unscaled	r_squared_cv
3814	6	27547445	27547882	121	11	0.590801529968345	0.79160020929224
