task_id	chrom	start	end	num_snps	boosting_iterations_performed	h2_unscaled	r_squared_cv
4104	7	102175707	102176442	268	11	0.123300141885363	0.858196600553126
