task_id	chrom	start	end	num_snps	boosting_iterations_performed	h2_unscaled	r_squared_cv
3359	5	55698708	55699209	243	11	0.714415221705523	0.889077200821648
