task_id	chrom	start	end	num_snps	boosting_iterations_performed	h2_unscaled	r_squared_cv
172	1	151648900	151649259	269	15	0.0738983818070755	0.857787433478603
