task_id	chrom	start	end	num_snps	boosting_iterations_performed	h2_unscaled	r_squared_cv
390	1	2211095	2211773	359	19	0.130534497148726	0.892440409672941
