task_id	chrom	start	end	num_snps	boosting_iterations_performed	h2_unscaled	r_squared_cv
3818	6	27738325	27738831	121	11	0.169501465155468	0.641614869896473
