task_id	chrom	start	end	num_snps	boosting_iterations_performed	h2_unscaled	r_squared_cv
774	1	51233002	51233644	130	11	0.0692082274087016	0.658201410447437
