task_id	chrom	start	end	num_snps	boosting_iterations_performed	h2_unscaled	r_squared_cv
2133	3	196763135	196763574	477	11	0.0898801693804639	0.920584479696045
