task_id	chrom	start	end	num_snps	boosting_iterations_performed	h2_unscaled	r_squared_cv
2588	4	17509464	17510846	348	11	0.048699485369028	0.88833195073406
