task_id	chrom	start	end	num_snps	boosting_iterations_performed	h2_unscaled	r_squared_cv
2130	3	196532422	196533426	600	14	0.228198146035117	0.922564453445279
