task_id	chrom	start	end	num_snps	boosting_iterations_performed	h2_unscaled	r_squared_cv
2728	4	3972665	3974555	606	12	0.275902822359651	0.929965917638742
