task_id	chrom	start	end	num_snps	boosting_iterations_performed	h2_unscaled	r_squared_cv
898	1	8877429	8877684	473	15	0.205349454216945	0.934595464304361
