task_id	chrom	start	end	num_snps	boosting_iterations_performed	h2_unscaled	r_squared_cv
2592	4	177249332	177250453	431	14	0.0615307628076937	0.849791230740717
