task_id	chrom	start	end	num_snps	boosting_iterations_performed	h2_unscaled	r_squared_cv
2527	4	153219596	153221936	486	20	0.259526912474441	0.930139870845984
