task_id	chrom	start	end	num_snps	boosting_iterations_performed	h2_unscaled	r_squared_cv
4152	7	124034502	124036177	218	15	0.0727187956498203	0.766757925618438
