task_id	chrom	start	end	num_snps	boosting_iterations_performed	h2_unscaled	r_squared_cv
4092	7	10121192	10122957	420	11	0.098566281551966	0.927127299796561
