task_id	chrom	start	end	num_snps	boosting_iterations_performed	h2_unscaled	r_squared_cv
3172	5	172417685	172418486	581	14	0.178525803152928	0.962376584454584
