task_id	chrom	start	end	num_snps	boosting_iterations_performed	h2_unscaled	r_squared_cv
2814	4	68600556	68604880	224	21	0.128122063863133	0.81439020886271
