task_id	chrom	start	end	num_snps	boosting_iterations_performed	h2_unscaled	r_squared_cv
2008	3	171158875	171160196	398	11	0.112184264552384	0.94855168989939
