task_id	chrom	start	end	num_snps	boosting_iterations_performed	h2_unscaled	r_squared_cv
4109	7	1041228	1041518	440	14	0.152526383400097	0.90194842326447
