task_id	chrom	start	end	num_snps	boosting_iterations_performed	h2_unscaled	r_squared_cv
1783	3	109188770	109189041	273	11	0.0572326358039181	0.789351469713762
