task_id	chrom	start	end	num_snps	boosting_iterations_performed	h2_unscaled	r_squared_cv
699	1	37521062	37521725	315	15	0.119249094437346	0.884604064248437
