task_id	chrom	start	end	num_snps	boosting_iterations_performed	h2_unscaled	r_squared_cv
536	1	26664221	26664790	247	12	0.105944756520174	0.759348653295755
