task_id	chrom	start	end	num_snps	boosting_iterations_performed	h2_unscaled	r_squared_cv
665	1	3360982	3361233	785	19	0.118387745252954	0.980307168602247
