task_id	chrom	start	end	num_snps	boosting_iterations_performed	h2_unscaled	r_squared_cv
2667	4	189707178	189708341	291	14	0.125379097734948	0.861416847562823
