task_id	chrom	start	end	num_snps	boosting_iterations_performed	h2_unscaled	r_squared_cv
4062	6	81335516	81335875	208	11	0.323289844095435	0.906952826426758
