task_id	chrom	start	end	num_snps	boosting_iterations_performed	h2_unscaled	r_squared_cv
1928	3	141310835	141311159	393	14	0.155629941919877	0.879787824512387
