task_id	chrom	start	end	num_snps	boosting_iterations_performed	h2_unscaled	r_squared_cv
1267	2	205683063	205683611	479	21	0.180440574765675	0.942668986611027
