task_id	chrom	start	end	num_snps	boosting_iterations_performed	h2_unscaled	r_squared_cv
1651	2	67712337	67713398	432	11	0.154428776015503	0.94600031015119
