task_id	chrom	start	end	num_snps	boosting_iterations_performed	h2_unscaled	r_squared_cv
280	1	17461254	17461506	503	11	0.0773327276229769	0.936170546527192
