task_id	chrom	start	end	num_snps	boosting_iterations_performed	h2_unscaled	r_squared_cv
1615	2	53858833	53859463	328	11	0.127239878727051	0.87321179347195
