task_id	chrom	start	end	num_snps	boosting_iterations_performed	h2_unscaled	r_squared_cv
4241	7	149438813	149439507	422	11	0.108467776996139	0.92979190268318
