task_id	chrom	start	end	num_snps	boosting_iterations_performed	h2_unscaled	r_squared_cv
734	1	43192359	43192875	328	14	0.118458378558674	0.820536706683208
