task_id	chrom	start	end	num_snps	boosting_iterations_performed	h2_unscaled	r_squared_cv
1227	2	183349158	183349432	276	16	0.104206426722068	0.881147388642887
