task_id	chrom	start	end	num_snps	boosting_iterations_performed	h2_unscaled	r_squared_cv
3050	5	138927452	138929689	191	14	0.12975022181294	0.698010817430087
