task_id	chrom	start	end	num_snps	boosting_iterations_performed	h2_unscaled	r_squared_cv
3213	5	177930632	177931651	495	11	0.087106548292341	0.92194817882337
