task_id	chrom	start	end	num_snps	boosting_iterations_performed	h2_unscaled	r_squared_cv
872	1	8160437	8160836	367	16	0.1502222570132	0.916013973513237
