task_id	chrom	start	end	num_snps	boosting_iterations_performed	h2_unscaled	r_squared_cv
2111	3	195150141	195151645	531	16	0.139708443062199	0.948044288963023
