task_id	chrom	start	end	num_snps	boosting_iterations_performed	h2_unscaled	r_squared_cv
2294	3	58586135	58586222	281	15	0.202197235642172	0.887352783829655
