task_id	chrom	start	end	num_snps	boosting_iterations_performed	h2_unscaled	r_squared_cv
752	1	45556535	45557613	127	11	0.195257669223285	0.676958569670717
