task_id	chrom	start	end	num_snps	boosting_iterations_performed	h2_unscaled	r_squared_cv
3497	5	97070780	97071402	264	11	0.155734497885092	0.869410805790526
