task_id	chrom	start	end	num_snps	boosting_iterations_performed	h2_unscaled	r_squared_cv
3197	5	175477333	175477875	668	17	0.283018382479388	0.946151231992127
