task_id	chrom	start	end	num_snps	boosting_iterations_performed	h2_unscaled	r_squared_cv
3770	6	170262340	170262928	486	11	0.0653733195781531	0.941049396797513
