task_id	chrom	start	end	num_snps	boosting_iterations_performed	h2_unscaled	r_squared_cv
1153	2	159604953	159605915	260	14	0.171592784411424	0.853051016724041
