task_id	chrom	start	end	num_snps	boosting_iterations_performed	h2_unscaled	r_squared_cv
270	1	17118055	17118533	343	11	0.104393844270126	0.890915032788919
