task_id	chrom	start	end	num_snps	boosting_iterations_performed	h2_unscaled	r_squared_cv
4400	7	28921979	28923122	629	11	0.126824930472855	0.971684502862979
