task_id	chrom	start	end	num_snps	boosting_iterations_performed	h2_unscaled	r_squared_cv
342	1	205669373	205670771	418	18	0.169425887086891	0.942245084336856
