task_id	chrom	start	end	num_snps	boosting_iterations_performed	h2_unscaled	r_squared_cv
254	1	16680528	16680679	231	12	0.0807997354395922	0.804424136536067
