task_id	chrom	start	end	num_snps	boosting_iterations_performed	h2_unscaled	r_squared_cv
2877	4	81427294	81428041	396	15	0.0910008458656328	0.821134546465481
