task_id	chrom	start	end	num_snps	boosting_iterations_performed	h2_unscaled	r_squared_cv
205	1	15784990	15785900	377	11	0.127142862101259	0.926438525687391
