task_id	chrom	start	end	num_snps	boosting_iterations_performed	h2_unscaled	r_squared_cv
4345	7	2086319	2086623	445	15	0.0870039617711487	0.908286319805824
