task_id	chrom	start	end	num_snps	boosting_iterations_performed	h2_unscaled	r_squared_cv
4421	7	32941210	32941918	176	19	0.146304407899921	0.721200128675267
