task_id	chrom	start	end	num_snps	boosting_iterations_performed	h2_unscaled	r_squared_cv
4265	7	151873801	151874668	616	13	0.0594200558987679	0.946014007901485
