task_id	chrom	start	end	num_snps	boosting_iterations_performed	h2_unscaled	r_squared_cv
4123	7	111093556	111094741	200	17	0.0622701360387516	0.733674669511837
