task_id	chrom	start	end	num_snps	boosting_iterations_performed	h2_unscaled	r_squared_cv
404	1	226975396	226976079	272	11	0.108164327933458	0.815245685103145
