task_id	chrom	start	end	num_snps	boosting_iterations_performed	h2_unscaled	r_squared_cv
1184	2	168457663	168458327	396	12	0.122985280682721	0.905170376231595
