task_id	chrom	start	end	num_snps	boosting_iterations_performed	h2_unscaled	r_squared_cv
3623	6	156953238	156953800	352	19	0.0926153683534989	0.911390428322664
