task_id	chrom	start	end	num_snps	boosting_iterations_performed	h2_unscaled	r_squared_cv
2255	3	50601273	50601765	102	11	0.242611772751695	0.455092906115509
