task_id	chrom	start	end	num_snps	boosting_iterations_performed	h2_unscaled	r_squared_cv
1242	2	196594270	196594529	248	11	0.1137904222596	0.891579654063607
