task_id	chrom	start	end	num_snps	boosting_iterations_performed	h2_unscaled	r_squared_cv
2708	4	3321552	3322304	463	11	0.0947979515685925	0.944097168695874
