task_id	chrom	start	end	num_snps	boosting_iterations_performed	h2_unscaled	r_squared_cv
838	1	6744712	6745628	367	11	0.050916991199471	0.876253913991261
