task_id	chrom	start	end	num_snps	boosting_iterations_performed	h2_unscaled	r_squared_cv
1599	2	46296255	46296463	528	11	0.382964212480098	0.904824604940646
