task_id	chrom	start	end	num_snps	boosting_iterations_performed	h2_unscaled	r_squared_cv
3298	5	29633847	29635369	287	14	0.161615617133598	0.841048508187139
