task_id	chrom	start	end	num_snps	boosting_iterations_performed	h2_unscaled	r_squared_cv
4181	7	131111004	131111590	472	19	0.108703168084974	0.92226756232941
