task_id	chrom	start	end	num_snps	boosting_iterations_performed	h2_unscaled	r_squared_cv
249	1	16453708	16454985	216	11	0.18254586328568	0.814967303875858
