task_id	chrom	start	end	num_snps	boosting_iterations_performed	h2_unscaled	r_squared_cv
3249	5	180343818	180344363	563	18	0.126567959935951	0.96090465516664
