task_id	chrom	start	end	num_snps	boosting_iterations_performed	h2_unscaled	r_squared_cv
2751	4	4254150	4255086	513	15	0.128183678450851	0.919977327908732
