task_id	chrom	start	end	num_snps	boosting_iterations_performed	h2_unscaled	r_squared_cv
2796	4	6663918	6664123	894	11	0.11726113090274	0.97282463756895
