task_id	chrom	start	end	num_snps	boosting_iterations_performed	h2_unscaled	r_squared_cv
999	2	106584274	106584717	251	11	0.157259364984034	0.850961271780909
