task_id	chrom	start	end	num_snps	boosting_iterations_performed	h2_unscaled	r_squared_cv
796	1	6114209	6115108	587	11	0.130288890328266	0.963584698205999
