task_id	chrom	start	end	num_snps	boosting_iterations_performed	h2_unscaled	r_squared_cv
3371	5	5983442	5984389	551	12	0.0814073567324164	0.951423013937526
