task_id	chrom	start	end	num_snps	boosting_iterations_performed	h2_unscaled	r_squared_cv
4269	7	152556470	152556572	487	11	0.104880801181916	0.884263374961166
