task_id	chrom	start	end	num_snps	boosting_iterations_performed	h2_unscaled	r_squared_cv
2195	3	39478544	39480109	288	11	0.11555250956441	0.888980098277608
