task_id	chrom	start	end	num_snps	boosting_iterations_performed	h2_unscaled	r_squared_cv
2764	4	52075741	52076208	84	11	0.143020976265586	0.730029717499974
