task_id	chrom	start	end	num_snps	boosting_iterations_performed	h2_unscaled	r_squared_cv
1711	2	8925039	8927946	476	13	0.097747311283977	0.938488263710467
