task_id	chrom	start	end	num_snps	boosting_iterations_performed	h2_unscaled	r_squared_cv
1612	2	50829650	50830920	265	11	0.0602907930706096	0.79476595708881
