task_id	chrom	start	end	num_snps	boosting_iterations_performed	h2_unscaled	r_squared_cv
1544	2	3285124	3285462	627	11	0.160090533383531	0.926866709533453
