task_id	chrom	start	end	num_snps	boosting_iterations_performed	h2_unscaled	r_squared_cv
4135	7	116716684	116717177	222	11	0.175708083445701	0.845530814579688
