task_id	chrom	start	end	num_snps	boosting_iterations_performed	h2_unscaled	r_squared_cv
2835	4	72582822	72584652	238	11	0.394750885545931	0.857420197972469
