task_id	chrom	start	end	num_snps	boosting_iterations_performed	h2_unscaled	r_squared_cv
395	1	223780588	223781215	284	11	0.237613382696735	0.884935937179755
