task_id	chrom	start	end	num_snps	boosting_iterations_performed	h2_unscaled	r_squared_cv
2046	3	183799763	183801103	362	11	0.182840594536733	0.918056032335076
