task_id	chrom	start	end	num_snps	boosting_iterations_performed	h2_unscaled	r_squared_cv
687	1	35979090	35979323	175	11	0.100004805354432	0.739701643996997
