task_id	chrom	start	end	num_snps	boosting_iterations_performed	h2_unscaled	r_squared_cv
697	1	37412284	37413556	347	11	0.69249100401263	0.873406393123113
