task_id	chrom	start	end	num_snps	boosting_iterations_performed	h2_unscaled	r_squared_cv
3913	6	32392867	32394044	222	13	0.277433150019799	0.854245117162346
