task_id	chrom	start	end	num_snps	boosting_iterations_performed	h2_unscaled	r_squared_cv
1028	2	11689189	11689859	574	15	0.123689721368161	0.96018716078729
