task_id	chrom	start	end	num_snps	boosting_iterations_performed	h2_unscaled	r_squared_cv
3059	5	140710563	140710750	166	11	0.183125825776569	0.748321845195787
