task_id	chrom	start	end	num_snps	boosting_iterations_performed	h2_unscaled	r_squared_cv
2142	3	197356173	197356900	434	13	0.0617563959338186	0.899415558756773
