task_id	chrom	start	end	num_snps	boosting_iterations_performed	h2_unscaled	r_squared_cv
220	1	160067912	160069529	440	11	0.100429065091797	0.921720931606967
