task_id	chrom	start	end	num_snps	boosting_iterations_performed	h2_unscaled	r_squared_cv
3985	6	3758900	3759652	610	11	0.421291403720804	0.928599088260533
