task_id	chrom	start	end	num_snps	boosting_iterations_performed	h2_unscaled	r_squared_cv
1292	2	216606643	216606940	442	11	0.0505993080905281	0.90902638086417
