task_id	chrom	start	end	num_snps	boosting_iterations_performed	h2_unscaled	r_squared_cv
2491	4	143020286	143021337	193	11	0.650359753039821	0.868973823823247
