task_id	chrom	start	end	num_snps	boosting_iterations_performed	h2_unscaled	r_squared_cv
1237	2	190626178	190626857	251	16	0.0939256335045863	0.753248937062985
