task_id	chrom	start	end	num_snps	boosting_iterations_performed	h2_unscaled	r_squared_cv
3034	5	134875544	134875779	349	11	0.120358681108117	0.904106923855788
