task_id	chrom	start	end	num_snps	boosting_iterations_performed	h2_unscaled	r_squared_cv
4038	6	6479000	6479763	687	11	0.0575354855484574	0.959159852348577
