task_id	chrom	start	end	num_snps	boosting_iterations_performed	h2_unscaled	r_squared_cv
1313	2	219644985	219645313	424	11	0.10895144083047	0.920571449462745
