task_id	chrom	start	end	num_snps	boosting_iterations_performed	h2_unscaled	r_squared_cv
1277	2	208094146	208094868	351	11	0.0527642732961527	0.876079312961621
