task_id	chrom	start	end	num_snps	boosting_iterations_performed	h2_unscaled	r_squared_cv
2653	4	188594012	188594199	654	19	0.244337312293207	0.94838448901715
