task_id	chrom	start	end	num_snps	boosting_iterations_performed	h2_unscaled	r_squared_cv
1789	3	112087002	112087259	329	13	0.0765947145522401	0.881402295866747
