task_id	chrom	start	end	num_snps	boosting_iterations_performed	h2_unscaled	r_squared_cv
4205	7	139646859	139648664	382	11	0.0540270277465566	0.831561432803768
