task_id	chrom	start	end	num_snps	boosting_iterations_performed	h2_unscaled	r_squared_cv
4263	7	151304164	151304369	689	17	0.116364685562037	0.9667968264838
