task_id	chrom	start	end	num_snps	boosting_iterations_performed	h2_unscaled	r_squared_cv
1621	2	55223743	55223898	236	11	0.171984707783434	0.844976488231552
