task_id	chrom	start	end	num_snps	boosting_iterations_performed	h2_unscaled	r_squared_cv
833	1	6709877	6710171	389	11	0.0978717774144261	0.897002592377908
