task_id	chrom	start	end	num_snps	boosting_iterations_performed	h2_unscaled	r_squared_cv
1527	2	26901109	26901581	343	12	0.0407183712873759	0.848843505921245
