task_id	chrom	start	end	num_snps	boosting_iterations_performed	h2_unscaled	r_squared_cv
3209	5	177432017	177432534	214	11	0.0755135236352334	0.773102292582413
