task_id	chrom	start	end	num_snps	boosting_iterations_performed	h2_unscaled	r_squared_cv
2608	4	183241702	183242504	634	11	0.0557695910147209	0.963723934485592
