task_id	chrom	start	end	num_snps	boosting_iterations_performed	h2_unscaled	r_squared_cv
1450	2	239040136	239040769	649	11	0.139155021608747	0.969272804459587
