task_id	chrom	start	end	num_snps	boosting_iterations_performed	h2_unscaled	r_squared_cv
3693	6	163438607	163439929	542	13	0.142794314546032	0.949545696750812
