task_id	chrom	start	end	num_snps	boosting_iterations_performed	h2_unscaled	r_squared_cv
2126	3	196208126	196208246	545	14	0.118602011079997	0.912328218423573
