task_id	chrom	start	end	num_snps	boosting_iterations_performed	h2_unscaled	r_squared_cv
4138	7	117072735	117073067	221	11	0.123155811345566	0.812628138235151
