task_id	chrom	start	end	num_snps	boosting_iterations_performed	h2_unscaled	r_squared_cv
3603	6	148559499	148559682	597	11	0.0654283445321561	0.960148532196206
