task_id	chrom	start	end	num_snps	boosting_iterations_performed	h2_unscaled	r_squared_cv
4456	7	39834227	39834483	203	15	0.139532735721361	0.763779102445053
