task_id	chrom	start	end	num_snps	boosting_iterations_performed	h2_unscaled	r_squared_cv
3375	5	61432219	61433338	271	11	0.130776711793717	0.822938571494293
