task_id	chrom	start	end	num_snps	boosting_iterations_performed	h2_unscaled	r_squared_cv
736	1	43391803	43391956	310	11	0.0709791812196062	0.868296688710555
