task_id	chrom	start	end	num_snps	boosting_iterations_performed	h2_unscaled	r_squared_cv
463	1	24259621	24260568	388	11	0.104872066685373	0.879015995891609
