task_id	chrom	start	end	num_snps	boosting_iterations_performed	h2_unscaled	r_squared_cv
326	1	200911830	200912129	428	13	0.183423799776583	0.949317824324437
