task_id	chrom	start	end	num_snps	boosting_iterations_performed	h2_unscaled	r_squared_cv
4142	7	117870278	117871615	197	11	0.102037384309604	0.774375969421503
