task_id	chrom	start	end	num_snps	boosting_iterations_performed	h2_unscaled	r_squared_cv
1414	2	235724783	235725331	538	18	0.0954602533420233	0.933807844193135
