task_id	chrom	start	end	num_snps	boosting_iterations_performed	h2_unscaled	r_squared_cv
3124	5	157370858	157371300	299	11	0.189883511620883	0.810599439020955
