task_id	chrom	start	end	num_snps	boosting_iterations_performed	h2_unscaled	r_squared_cv
3364	5	565730	566181	340	14	0.262595981803609	0.857213033553506
