task_id	chrom	start	end	num_snps	boosting_iterations_performed	h2_unscaled	r_squared_cv
4100	7	101927862	101928222	393	19	0.0903485922839039	0.854524718225496
