task_id	chrom	start	end	num_snps	boosting_iterations_performed	h2_unscaled	r_squared_cv
1066	2	127087772	127088319	402	15	0.0799109801746822	0.926267779181923
