task_id	chrom	start	end	num_snps	boosting_iterations_performed	h2_unscaled	r_squared_cv
4034	6	5892014	5892185	749	11	0.101285847530169	0.976323989240453
