task_id	chrom	start	end	num_snps	boosting_iterations_performed	h2_unscaled	r_squared_cv
2433	4	112403204	112403908	233	16	0.147305178484464	0.841494846709838
