task_id	chrom	start	end	num_snps	boosting_iterations_performed	h2_unscaled	r_squared_cv
2261	3	51996190	51996292	160	11	0.139254272527637	0.766056808871803
