task_id	chrom	start	end	num_snps	boosting_iterations_performed	h2_unscaled	r_squared_cv
2327	3	69368167	69368928	372	17	0.1070973036969	0.884989517501737
