task_id	chrom	start	end	num_snps	boosting_iterations_performed	h2_unscaled	r_squared_cv
1463	2	239249882	239250016	696	12	0.0565824194706182	0.967989895432612
