task_id	chrom	start	end	num_snps	boosting_iterations_performed	h2_unscaled	r_squared_cv
3932	6	32633941	32643916	331	11	0.518782275363702	0.910097153764448
