task_id	chrom	start	end	num_snps	boosting_iterations_performed	h2_unscaled	r_squared_cv
2538	4	154489906	154490050	392	11	0.0986482878975375	0.893496196275439
