task_id	chrom	start	end	num_snps	boosting_iterations_performed	h2_unscaled	r_squared_cv
2495	4	143381438	143382803	193	11	0.0687999431522279	0.777643419453041
