task_id	chrom	start	end	num_snps	boosting_iterations_performed	h2_unscaled	r_squared_cv
4119	7	109338373	109340123	240	16	0.353966558066284	0.87154091347266
