task_id	chrom	start	end	num_snps	boosting_iterations_performed	h2_unscaled	r_squared_cv
1368	2	231688719	231689292	366	11	0.0793260101806571	0.906009051581146
