task_id	chrom	start	end	num_snps	boosting_iterations_performed	h2_unscaled	r_squared_cv
3448	5	82862533	82863566	403	11	0.0860751736854858	0.903523435432928
