task_id	chrom	start	end	num_snps	boosting_iterations_performed	h2_unscaled	r_squared_cv
1774	3	105866117	105867540	258	15	0.15969877983723	0.872816146993845
