task_id	chrom	start	end	num_snps	boosting_iterations_performed	h2_unscaled	r_squared_cv
972	2	101781230	101782021	338	11	0.196799859100121	0.892096129748346
