task_id	chrom	start	end	num_snps	boosting_iterations_performed	h2_unscaled	r_squared_cv
3981	6	3725576	3726034	626	16	0.120870209789376	0.961111622359972
