task_id	chrom	start	end	num_snps	boosting_iterations_performed	h2_unscaled	r_squared_cv
1554	2	3594934	3595277	606	11	0.295343565069911	0.924129187821409
