task_id	chrom	start	end	num_snps	boosting_iterations_performed	h2_unscaled	r_squared_cv
304	1	19183443	19184117	475	15	0.0706915335075208	0.920461483078748
