task_id	chrom	start	end	num_snps	boosting_iterations_performed	h2_unscaled	r_squared_cv
3473	5	90477010	90477752	249	11	0.131324143771129	0.846653904195297
