task_id	chrom	start	end	num_snps	boosting_iterations_performed	h2_unscaled	r_squared_cv
2312	3	66196292	66197321	503	18	0.0596456961112182	0.908113075051964
