task_id	chrom	start	end	num_snps	boosting_iterations_performed	h2_unscaled	r_squared_cv
744	1	44951810	44952123	265	14	0.0653470363650369	0.825761902587462
