task_id	chrom	start	end	num_snps	boosting_iterations_performed	h2_unscaled	r_squared_cv
3662	6	161444684	161445154	605	14	0.104931334789352	0.94346774265345
