task_id	chrom	start	end	num_snps	boosting_iterations_performed	h2_unscaled	r_squared_cv
2852	4	7655643	7656454	1008	15	0.078427323626974	0.983962167503239
