task_id	chrom	start	end	num_snps	boosting_iterations_performed	h2_unscaled	r_squared_cv
3479	5	92977623	92978669	256	11	0.124015517701554	0.864366987991617
