task_id	chrom	start	end	num_snps	boosting_iterations_performed	h2_unscaled	r_squared_cv
1356	2	231365111	231365901	461	14	0.111432861560461	0.938165601592059
