task_id	chrom	start	end	num_snps	boosting_iterations_performed	h2_unscaled	r_squared_cv
4406	7	29318991	29320236	585	11	0.126776811455812	0.961911264359948
