task_id	chrom	start	end	num_snps	boosting_iterations_performed	h2_unscaled	r_squared_cv
3019	5	129462086	129462161	294	16	0.115920344432847	0.851372474280417
