task_id	chrom	start	end	num_snps	boosting_iterations_performed	h2_unscaled	r_squared_cv
3267	5	1856541	1857378	774	15	0.317612562664906	0.947826267763309
