task_id	chrom	start	end	num_snps	boosting_iterations_performed	h2_unscaled	r_squared_cv
1192	2	170718264	170718584	469	11	0.0655319253479118	0.918638120772
