task_id	chrom	start	end	num_snps	boosting_iterations_performed	h2_unscaled	r_squared_cv
2597	4	180919961	180920735	610	11	0.54231464718301	0.919968696959778
