task_id	chrom	start	end	num_snps	boosting_iterations_performed	h2_unscaled	r_squared_cv
2864	4	7857445	7857800	944	11	0.0989534100446915	0.973458951711039
