task_id	chrom	start	end	num_snps	boosting_iterations_performed	h2_unscaled	r_squared_cv
3937	6	32671947	32676188	322	16	0.467547336701916	0.849551091686676
