task_id	chrom	start	end	num_snps	boosting_iterations_performed	h2_unscaled	r_squared_cv
72	1	11951685	11951981	515	11	0.0892843067201617	0.94672332028181
