task_id	chrom	start	end	num_snps	boosting_iterations_performed	h2_unscaled	r_squared_cv
2901	4	87977148	87978583	411	11	0.0589112269386273	0.892191441228947
