task_id	chrom	start	end	num_snps	boosting_iterations_performed	h2_unscaled	r_squared_cv
1967	3	15377566	15378162	221	11	0.0812160372779473	0.778190686961184
