task_id	chrom	start	end	num_snps	boosting_iterations_performed	h2_unscaled	r_squared_cv
1166	2	161424600	161426336	145	12	0.0722059606086197	0.672395512344848
