task_id	chrom	start	end	num_snps	boosting_iterations_performed	h2_unscaled	r_squared_cv
95	1	1290144	1290231	154	11	0.160301937389359	0.779860083368625
