task_id	chrom	start	end	num_snps	boosting_iterations_performed	h2_unscaled	r_squared_cv
3972	6	35786620	35787246	264	11	0.254566280991171	0.846051191199934
