task_id	chrom	start	end	num_snps	boosting_iterations_performed	h2_unscaled	r_squared_cv
4071	6	90227263	90227413	405	11	0.0908527520672777	0.910959045992808
