task_id	chrom	start	end	num_snps	boosting_iterations_performed	h2_unscaled	r_squared_cv
2322	3	69012533	69012713	334	11	0.0696800882700423	0.883682062780163
