task_id	chrom	start	end	num_snps	boosting_iterations_performed	h2_unscaled	r_squared_cv
1276	2	208043855	208046464	338	11	0.189210274291198	0.91298163361955
