task_id	chrom	start	end	num_snps	boosting_iterations_performed	h2_unscaled	r_squared_cv
2752	4	42626045	42628142	365	12	0.0447372443058982	0.782195458824997
