task_id	chrom	start	end	num_snps	boosting_iterations_performed	h2_unscaled	r_squared_cv
4266	7	15198149	15199019	485	15	0.0394767882249906	0.937150248738934
