task_id	chrom	start	end	num_snps	boosting_iterations_performed	h2_unscaled	r_squared_cv
1233	2	189094447	189095123	194	13	0.0808697281340016	0.722791350103139
