task_id	chrom	start	end	num_snps	boosting_iterations_performed	h2_unscaled	r_squared_cv
945	1	9925628	9926651	296	15	0.0982944142147037	0.836625821524084
