task_id	chrom	start	end	num_snps	boosting_iterations_performed	h2_unscaled	r_squared_cv
3244	5	180128745	180129470	541	18	0.149820719055017	0.955929548914071
