task_id	chrom	start	end	num_snps	boosting_iterations_performed	h2_unscaled	r_squared_cv
543	1	26871995	26873077	228	16	0.141557234105722	0.800895607338308
