task_id	chrom	start	end	num_snps	boosting_iterations_performed	h2_unscaled	r_squared_cv
4088	7	100451013	100451125	197	12	0.101630653113974	0.790030242467361
