task_id	chrom	start	end	num_snps	boosting_iterations_performed	h2_unscaled	r_squared_cv
401	1	225519260	225519356	247	11	0.11917773536441	0.861745040786597
