task_id	chrom	start	end	num_snps	boosting_iterations_performed	h2_unscaled	r_squared_cv
4419	7	32762766	32762900	263	12	0.0943802892261607	0.817128875184106
