task_id	chrom	start	end	num_snps	boosting_iterations_performed	h2_unscaled	r_squared_cv
1324	2	224401799	224402821	265	23	0.0932324673553164	0.816701013846145
