task_id	chrom	start	end	num_snps	boosting_iterations_performed	h2_unscaled	r_squared_cv
3296	5	29457338	29457485	281	11	0.425204729725274	0.855695232071808
