task_id	chrom	start	end	num_snps	boosting_iterations_performed	h2_unscaled	r_squared_cv
349	1	206409552	206410370	328	11	0.163940176989796	0.910111813881705
