task_id	chrom	start	end	num_snps	boosting_iterations_performed	h2_unscaled	r_squared_cv
1540	2	31863099	31863740	168	12	0.113517401394212	0.710125726693421
