task_id	chrom	start	end	num_snps	boosting_iterations_performed	h2_unscaled	r_squared_cv
4368	7	2465881	2466312	479	13	0.162275629523367	0.930306054537181
