task_id	chrom	start	end	num_snps	boosting_iterations_performed	h2_unscaled	r_squared_cv
3977	6	36583480	36584013	460	11	0.0327482506760323	0.914485447565258
