task_id	chrom	start	end	num_snps	boosting_iterations_performed	h2_unscaled	r_squared_cv
434	1	23599596	23600025	276	15	0.141019744350379	0.858991837238721
