task_id	chrom	start	end	num_snps	boosting_iterations_performed	h2_unscaled	r_squared_cv
4234	7	143620819	143621058	260	20	0.0762534100441546	0.646531934159079
