task_id	chrom	start	end	num_snps	boosting_iterations_performed	h2_unscaled	r_squared_cv
3246	5	180169697	180170971	532	11	0.0737131725416323	0.929662845192187
