task_id	chrom	start	end	num_snps	boosting_iterations_performed	h2_unscaled	r_squared_cv
2017	3	177194586	177195163	413	11	0.140539418185987	0.923453167755727
