task_id	chrom	start	end	num_snps	boosting_iterations_performed	h2_unscaled	r_squared_cv
4429	7	35734058	35735184	346	15	0.104236505740361	0.885333620319956
