task_id	chrom	start	end	num_snps	boosting_iterations_performed	h2_unscaled	r_squared_cv
2757	4	4667098	4667408	739	14	0.128750177613579	0.966446364461818
