task_id	chrom	start	end	num_snps	boosting_iterations_performed	h2_unscaled	r_squared_cv
4366	7	24574644	24575125	480	17	0.107617436043388	0.94217700062922
