task_id	chrom	start	end	num_snps	boosting_iterations_performed	h2_unscaled	r_squared_cv
3428	5	79019278	79019914	387	11	0.101546604956698	0.923046404680741
