task_id	chrom	start	end	num_snps	boosting_iterations_performed	h2_unscaled	r_squared_cv
387	1	22023532	22024048	444	12	0.135265953077847	0.931824542806518
