task_id	chrom	start	end	num_snps	boosting_iterations_performed	h2_unscaled	r_squared_cv
1616	2	53860314	53861011	334	11	0.0796854326927627	0.882799403238309
