task_id	chrom	start	end	num_snps	boosting_iterations_performed	h2_unscaled	r_squared_cv
421	1	23166382	23166853	369	11	0.116700254473524	0.911615891199459
