task_id	chrom	start	end	num_snps	boosting_iterations_performed	h2_unscaled	r_squared_cv
1483	2	240286636	240287427	651	14	0.0998930071402584	0.957830433459107
