task_id	chrom	start	end	num_snps	boosting_iterations_performed	h2_unscaled	r_squared_cv
3385	5	63251958	63252409	240	19	0.0834891535002274	0.733438284273127
