task_id	chrom	start	end	num_snps	boosting_iterations_performed	h2_unscaled	r_squared_cv
1419	2	235917194	235917468	463	11	0.0566518108745967	0.90388775508683
