task_id	chrom	start	end	num_snps	boosting_iterations_performed	h2_unscaled	r_squared_cv
4053	6	75795137	75795782	182	13	0.144585139811007	0.801759777930471
