task_id	chrom	start	end	num_snps	boosting_iterations_performed	h2_unscaled	r_squared_cv
3854	6	29896109	29897534	178	13	0.570513778059348	0.881528484635569
