task_id	chrom	start	end	num_snps	boosting_iterations_performed	h2_unscaled	r_squared_cv
4058	6	78320339	78321670	198	18	0.122697800871319	0.682218375632842
