task_id	chrom	start	end	num_snps	boosting_iterations_performed	h2_unscaled	r_squared_cv
1844	3	124900834	124901390	403	14	0.0829122193305323	0.893844677292341
