task_id	chrom	start	end	num_snps	boosting_iterations_performed	h2_unscaled	r_squared_cv
4287	7	155403083	155403742	808	11	0.119702012819409	0.966836962532956
