task_id	chrom	start	end	num_snps	boosting_iterations_performed	h2_unscaled	r_squared_cv
1784	3	109355220	109356262	281	11	0.0333167536624021	0.698476437631961
