task_id	chrom	start	end	num_snps	boosting_iterations_performed	h2_unscaled	r_squared_cv
3346	5	50440447	50440528	98	14	0.116341350752317	0.639931236652639
