task_id	chrom	start	end	num_snps	boosting_iterations_performed	h2_unscaled	r_squared_cv
2642	4	186149593	186150270	774	13	0.362545510939497	0.936045974616644
