task_id	chrom	start	end	num_snps	boosting_iterations_performed	h2_unscaled	r_squared_cv
1513	2	24453428	24454486	195	11	0.131766913061363	0.808633507643642
