task_id	chrom	start	end	num_snps	boosting_iterations_performed	h2_unscaled	r_squared_cv
1339	2	227460196	227460356	527	16	0.0947713761957138	0.951404148162639
