task_id	chrom	start	end	num_snps	boosting_iterations_performed	h2_unscaled	r_squared_cv
3610	6	149979592	149983588	434	13	0.551605531735965	0.892800987526587
