task_id	chrom	start	end	num_snps	boosting_iterations_performed	h2_unscaled	r_squared_cv
2674	4	22233223	22233647	334	11	0.0585459492561133	0.878660651754507
