task_id	chrom	start	end	num_snps	boosting_iterations_performed	h2_unscaled	r_squared_cv
1089	2	129878316	129878847	340	13	0.0479570406057633	0.847392505533736
