task_id	chrom	start	end	num_snps	boosting_iterations_performed	h2_unscaled	r_squared_cv
1669	2	71576076	71576950	497	11	0.140156339626025	0.93266374108411
