task_id	chrom	start	end	num_snps	boosting_iterations_performed	h2_unscaled	r_squared_cv
2025	3	181569952	181571332	307	12	0.0787571833700071	0.863295609292921
