task_id	chrom	start	end	num_snps	boosting_iterations_performed	h2_unscaled	r_squared_cv
3707	6	163521561	163523927	581	11	0.0625188894951874	0.953056931227364
