task_id	chrom	start	end	num_snps	boosting_iterations_performed	h2_unscaled	r_squared_cv
3283	5	23046026	23046789	285	11	0.39814768284208	0.924460034712179
