task_id	chrom	start	end	num_snps	boosting_iterations_performed	h2_unscaled	r_squared_cv
3330	5	38678421	38682181	434	11	0.107123879031881	0.906186099760176
