task_id	chrom	start	end	num_snps	boosting_iterations_performed	h2_unscaled	r_squared_cv
2303	3	63296350	63297668	442	14	0.635672941000929	0.932434139437283
