task_id	chrom	start	end	num_snps	boosting_iterations_performed	h2_unscaled	r_squared_cv
2466	4	128668469	128669215	307	11	0.0629283981882348	0.765583869339644
