task_id	chrom	start	end	num_snps	boosting_iterations_performed	h2_unscaled	r_squared_cv
4412	7	3083440	3083869	576	13	0.282464208108684	0.946883817590191
