task_id	chrom	start	end	num_snps	boosting_iterations_performed	h2_unscaled	r_squared_cv
2379	3	78670073	78670562	258	16	0.102358797672332	0.869035926265125
