task_id	chrom	start	end	num_snps	boosting_iterations_performed	h2_unscaled	r_squared_cv
3912	6	32266337	32266735	195	11	0.732785626819916	0.856944808662709
