task_id	chrom	start	end	num_snps	boosting_iterations_performed	h2_unscaled	r_squared_cv
1729	2	95056790	95058790	78	17	0.103975405225525	0.438123096844444
