task_id	chrom	start	end	num_snps	boosting_iterations_performed	h2_unscaled	r_squared_cv
1293	2	216850085	216851290	500	11	0.140028407074978	0.948286313328694
