task_id	chrom	start	end	num_snps	boosting_iterations_performed	h2_unscaled	r_squared_cv
1036	2	119370742	119371429	382	11	0.0647302640139184	0.907390141742352
