task_id	chrom	start	end	num_snps	boosting_iterations_performed	h2_unscaled	r_squared_cv
1815	3	11592845	11593864	438	11	0.0661840197038782	0.92445928779691
