task_id	chrom	start	end	num_snps	boosting_iterations_performed	h2_unscaled	r_squared_cv
4145	7	118946245	118946431	162	11	0.117131155614957	0.711176759084006
