task_id	chrom	start	end	num_snps	boosting_iterations_performed	h2_unscaled	r_squared_cv
1136	2	151826669	151827100	191	12	0.0646715223980595	0.773627755594797
