task_id	chrom	start	end	num_snps	boosting_iterations_performed	h2_unscaled	r_squared_cv
4161	7	126646374	126649911	209	11	0.754497061842343	0.893778313896573
