task_id	chrom	start	end	num_snps	boosting_iterations_performed	h2_unscaled	r_squared_cv
3616	6	15400172	15400592	359	11	0.0873850041873642	0.87783094372988
