task_id	chrom	start	end	num_snps	boosting_iterations_performed	h2_unscaled	r_squared_cv
4452	7	3909749	3910646	495	11	0.063206054842605	0.851643791286528
