task_id	chrom	start	end	num_snps	boosting_iterations_performed	h2_unscaled	r_squared_cv
2820	4	69271914	69276172	208	11	0.254551147738581	0.816842506510768
