task_id	chrom	start	end	num_snps	boosting_iterations_performed	h2_unscaled	r_squared_cv
2640	4	185999409	186000210	792	11	0.121573005534781	0.974649317932703
