task_id	chrom	start	end	num_snps	boosting_iterations_performed	h2_unscaled	r_squared_cv
3872	6	30442633	30443505	168	13	0.0975958879518797	0.680213430617996
