task_id	chrom	start	end	num_snps	boosting_iterations_performed	h2_unscaled	r_squared_cv
1209	2	176270315	176270390	431	11	0.125555261588038	0.911384888158324
