task_id	chrom	start	end	num_snps	boosting_iterations_performed	h2_unscaled	r_squared_cv
750	1	45480785	45481181	131	12	0.06395427878861	0.66175287957788
