task_id	chrom	start	end	num_snps	boosting_iterations_performed	h2_unscaled	r_squared_cv
2729	4	39833970	39834441	348	11	0.0471096824571502	0.821400936392314
