task_id	chrom	start	end	num_snps	boosting_iterations_performed	h2_unscaled	r_squared_cv
3550	6	12059842	12061068	512	17	0.132029818585026	0.953483976715188
