task_id	chrom	start	end	num_snps	boosting_iterations_performed	h2_unscaled	r_squared_cv
546	1	26903732	26905635	216	12	0.098582952243926	0.811050540835675
