task_id	chrom	start	end	num_snps	boosting_iterations_performed	h2_unscaled	r_squared_cv
340	1	20549778	20550813	367	11	0.183551305526576	0.917334209577315
