task_id	chrom	start	end	num_snps	boosting_iterations_performed	h2_unscaled	r_squared_cv
3777	6	17580193	17580244	327	13	0.0947345449032738	0.872743573909717
