task_id	chrom	start	end	num_snps	boosting_iterations_performed	h2_unscaled	r_squared_cv
2916	4	9463875	9467665	102	12	0.136600150567909	0.602913442512653
