task_id	chrom	start	end	num_snps	boosting_iterations_performed	h2_unscaled	r_squared_cv
3900	6	31343513	31345309	236	11	0.259232570556952	0.901231693809139
