task_id	chrom	start	end	num_snps	boosting_iterations_performed	h2_unscaled	r_squared_cv
533	1	26613754	26614111	252	12	0.124797893042486	0.753646079524579
