task_id	chrom	start	end	num_snps	boosting_iterations_performed	h2_unscaled	r_squared_cv
3880	6	31067604	31068089	252	11	0.117547425655902	0.757546508690395
