task_id	chrom	start	end	num_snps	boosting_iterations_performed	h2_unscaled	r_squared_cv
2315	3	66418740	66419294	415	12	0.0587320870516726	0.862719934481256
