task_id	chrom	start	end	num_snps	boosting_iterations_performed	h2_unscaled	r_squared_cv
4141	7	117673057	117674871	236	11	0.0577610011071401	0.821828753234158
