task_id	chrom	start	end	num_snps	boosting_iterations_performed	h2_unscaled	r_squared_cv
3865	6	29975174	29975432	176	11	0.248844193733273	0.770522445108619
