task_id	chrom	start	end	num_snps	boosting_iterations_performed	h2_unscaled	r_squared_cv
1654	2	6934872	6935526	526	11	0.106936590889646	0.94869172481061
