task_id	chrom	start	end	num_snps	boosting_iterations_performed	h2_unscaled	r_squared_cv
1223	2	1813320	1813765	500	22	0.226382093541075	0.912396804186092
