task_id	chrom	start	end	num_snps	boosting_iterations_performed	h2_unscaled	r_squared_cv
2286	3	58186923	58188030	325	11	0.0932387265623468	0.876565043987353
