task_id	chrom	start	end	num_snps	boosting_iterations_performed	h2_unscaled	r_squared_cv
1116	2	134190451	134191044	440	12	0.0880538259484002	0.900240172724768
