task_id	chrom	start	end	num_snps	boosting_iterations_performed	h2_unscaled	r_squared_cv
4055	6	76201114	76202384	244	11	0.197946801244562	0.911409945386071
