task_id	chrom	start	end	num_snps	boosting_iterations_performed	h2_unscaled	r_squared_cv
3445	5	82019579	82020158	272	11	0.134154233547502	0.850845101297094
