task_id	chrom	start	end	num_snps	boosting_iterations_performed	h2_unscaled	r_squared_cv
4415	7	32068640	32069814	434	11	0.0842867241463927	0.931250857029116
