task_id	chrom	start	end	num_snps	boosting_iterations_performed	h2_unscaled	r_squared_cv
2627	4	184669355	184670210	737	11	0.0787386335446179	0.969717438960169
