task_id	chrom	start	end	num_snps	boosting_iterations_performed	h2_unscaled	r_squared_cv
416	1	230280822	230280997	464	11	0.123265651640552	0.943331366558702
