task_id	chrom	start	end	num_snps	boosting_iterations_performed	h2_unscaled	r_squared_cv
4211	7	139720742	139722104	394	11	0.110078681805579	0.917464858852982
