task_id	chrom	start	end	num_snps	boosting_iterations_performed	h2_unscaled	r_squared_cv
3640	6	158209651	158210473	345	12	0.501361661462013	0.897909621005568
